code,url,file,library,deleted,lastSeen,brand,model,package,type,describe,erpComponentName,price,stock,MOQ,category,firstSeen,pcbaMinQty,pcbaMinPrice
C10002,TexasInstruments-LM2596SX_5_0NOPB/C10002,https://www.lcsc.com/datasheet/lcsc_datasheet_2304140030_Texas-Instruments-LM2596SX-5-0-NOPB_C10002.pdf,expand,0,2026-07-24 06:07:31,Texas Instruments,LM2596SX-5.0/NOPB,TO-263-5,DC-DC Converters,-40℃~+125℃@(TJ) 1 150kHz 3A 4.5V~40V 5V Buck Buck Built-in Fixed No TO-263-5 DC-DC Converters ROHS,降压型 3A 4.5V~40V,1.3,15230,1,Power Management (PMIC),2026-06-07 09:28:36,1,1.3
C1002,Sunlord-GZ1608D601TF/C1002,https://www.lcsc.com/datasheet/lcsc_datasheet_2310301640_Sunlord-GZ1608D601TF_C1002.pdf,base,0,2026-07-24 06:07:31,Sunlord,GZ1608D601TF,0603,Ferrite Beads,-55℃~+125℃ 1 200mA 450mΩ 600Ω@100MHz ±25% 0603 Ferrite Beads ROHS,单路 0603磁珠 阻抗600Ω@100MHz,0.0187,1011165,1,Filters,2026-06-07 09:28:36,20,0.374
C1015,Sunlord-GZ2012D101TF/C1015,https://www.lcsc.com/datasheet/lcsc_datasheet_2310301640_Sunlord-GZ2012D101TF_C1015.pdf,base,0,2026-07-24 06:07:31,Sunlord,GZ2012D101TF,0805,Ferrite Beads,1 100Ω@100MHz 150mΩ 800mA ±25% 0805 Ferrite Beads ROHS,单路 0805磁珠 阻抗100Ω@100MHz,0.0257,1672640,1,Filters,2026-06-07 09:28:36,20,0.514
C1017,Sunlord-GZ2012D601TF/C1017,https://www.lcsc.com/datasheet/lcsc_datasheet_2310301640_Sunlord-GZ2012D601TF_C1017.pdf,base,0,2026-07-24 06:07:31,Sunlord,GZ2012D601TF,0805,Ferrite Beads,-55℃~+125℃ 1 300mΩ 500mA 600Ω@100MHz ±25% 0805 Ferrite Beads ROHS,单路 0805磁珠 阻抗600Ω@100MHz,0.0286,574818,1,Filters,2026-06-07 09:28:36,20,0.572
C1034,Sunlord-SDFL1608Q4R7KTF/C1034,https://www.lcsc.com/datasheet/lcsc_datasheet_2310301641_Sunlord-SDFL1608Q4R7KTF_C1034.pdf,expand,0,2026-07-24 06:07:31,Sunlord,SDFL1608Q4R7KTF,0603,Inductors (SMD),15mA 2.1Ω 33MHz 35@10MHz 4.7uH ±10% 0603 Inductors (SMD) ROHS,4.7uH ±10%,0.0207,90184,1,"Inductors, Coils, Chokes",2026-06-07 09:28:36,20,0.414
C1035,Sunlord-SDFL1608S100KTF/C1035,https://www.lcsc.com/datasheet/lcsc_datasheet_2310301641_Sunlord-SDFL1608S100KTF_C1035.pdf,base,0,2026-07-24 06:07:31,Sunlord,SDFL1608S100KTF,0603,Inductors (SMD),1.85Ω 10uH 17MHz 30@2MHz 3mA ±10% 0603 Inductors (SMD) ROHS,10uH ±10%,0.0302,738463,1,"Inductors, Coils, Chokes",2026-06-07 09:28:36,20,0.604
C1042,Sunlord-SDFL2012Q1R0KTF/C1042,https://www.lcsc.com/datasheet/lcsc_datasheet_2310301641_Sunlord-SDFL2012Q1R0KTF_C1042.pdf,expand,0,2026-07-24 06:07:31,Sunlord,SDFL2012Q1R0KTF,0805,Inductors (SMD),1uH 400mΩ 45@10MHz 50mA 75MHz Multilayer inductor ±10% 0805 Inductors (SMD) ROHS,1uH ±10%,0.054,72064,1,"Inductors, Coils, Chokes",2026-06-07 09:28:36,20,1.08
C1043,1395-CMI201209U2R2KT/C1043,https://www.lcsc.com/datasheet/lcsc_datasheet_2302231101_FH--Guangdong-Fenghua-Advanced-Tech-CMI201209U2R2KT_C1043.pdf,expand,0,2026-07-24 06:07:31,FH (Guangdong Fenghua Advanced Tech),CMI201209U2R2KT,0805,Inductors (SMD),2.2uH 35@10MHz 50MHz 50mA 600mΩ ±10% 0805 Inductors (SMD) ROHS,2.2uH ±10%,0.027,159767,1,"Inductors, Coils, Chokes",2026-06-07 09:28:36,20,0.54
C1046,Sunlord-SDFL2012S100KTF/C1046,https://www.lcsc.com/datasheet/lcsc_datasheet_2310301641_Sunlord-SDFL2012S100KTF_C1046.pdf,base,0,2026-07-24 06:07:31,Sunlord,SDFL2012S100KTF,0805,Inductors (SMD),1.15Ω 10uH 15mA 24MHz 50@2MHz Multilayer inductor ±10% 0805 Inductors (SMD) ROHS,10uH ±10%,0.0555,177553,1,"Inductors, Coils, Chokes",2026-06-07 09:28:36,20,1.11
C10487,VishayIntertech-SI2301CDS_T1GE3/C10487,https://www.lcsc.com/datasheet/lcsc_datasheet_1808272021_Vishay-Intertech-SI2301CDS-T1-GE3_C10487.pdf,base,0,2026-07-24 06:07:31,Vishay Intertech,SI2301CDS-T1-GE3,SOT-23,MOSFETs,-55℃~+150℃ 1 P-Channel 1.6W 10nC@4.5V 142mΩ@2.5V 1V 20V 3.1A 405pF 55pF 75pF P-Channel SOT-23 MOSFETs ROHS,SI2301CDS-T1-GE3,0.0985,150127,1,Transistors/Thyristors,2026-06-07 09:28:36,5,0.4925
C1049,1401-CMI321609U4R7KT/C1049,https://www.lcsc.com/datasheet/lcsc_datasheet_2302231101_FH--Guangdong-Fenghua-Advanced-Tech-CMI321609U4R7KT_C1049.pdf,expand,0,2026-07-24 06:07:31,FH (Guangdong Fenghua Advanced Tech),CMI321609U4R7KT,1206,Inductors (SMD),25mA 35@10MHz 35MHz 4.7uH 650mΩ ±10% 1206 Inductors (SMD) ROHS,4.7uH ±10%,0.0458,18105,1,"Inductors, Coils, Chokes",2026-06-07 09:28:36,20,0.916
C1051,1403-CMI321609X100KT/C1051,https://www.lcsc.com/datasheet/lcsc_datasheet_2302231101_FH--Guangdong-Fenghua-Advanced-Tech-CMI321609X100KT_C1051.pdf,expand,0,2026-07-24 06:07:31,FH (Guangdong Fenghua Advanced Tech),CMI321609X100KT,1206,Inductors (SMD),10uH 24MHz 25mA 35@2MHz 800mΩ ±10% 1206 Inductors (SMD) ROHS,10uH ±10%,0.0471,204164,1,"Inductors, Coils, Chokes",2026-06-07 09:28:36,20,0.942
C105432,106647-S8550_RANGE_120_200/C105432,https://www.lcsc.com/datasheet/lcsc_datasheet_2304140030_Jiangsu-Changjing-Electronics-Technology-Co---Ltd--S8550-RANGE-120-200_C105432.pdf,base,0,2026-07-24 06:07:31,"Jiangsu Changjing Electronics Technology Co., Ltd.",S8550(RANGE:120-200),SOT-23,Bipolar (BJT),-55℃~+150℃ 1 PNP 100nA 120 150MHz 25V 300mW 500mA 5V 600mV PNP SOT-23 Bipolar (BJT) ROHS,S8550(RANGE:120-200),0.0184,154542,1,Transistors/Thyristors,2026-06-07 09:28:36,10,0.184
C107045,YAGEO-CC0603JRNPO9BN270/C107045,https://www.lcsc.com/datasheet/lcsc_datasheet_2304140030_YAGEO-CC0603JRNPO9BN270_C107045.pdf,expand,0,2026-07-24 06:07:31,YAGEO,CC0603JRNPO9BN270,0603,Multilayer Ceramic Capacitors MLCC - SMD/SMT,27pF 50V NP0 ±5% 0603 Multilayer Ceramic Capacitors MLCC - SMD/SMT ROHS,27pF ±5% 50V,0.0048,541036,1,Capacitors,2026-06-07 09:28:36,20,0.096
C107110,YAGEO-CC0805JRNPO9BN150/C107110,https://www.lcsc.com/datasheet/lcsc_datasheet_2304140030_YAGEO-CC0805JRNPO9BN150_C107110.pdf,expand,0,2026-07-24 06:07:31,YAGEO,CC0805JRNPO9BN150,0805,Multilayer Ceramic Capacitors MLCC - SMD/SMT,15pF 50V NP0 ±5% 0805 Multilayer Ceramic Capacitors MLCC - SMD/SMT ROHS,15pF ±5% 50V,0.0112,265069,1,Capacitors,2026-06-07 09:28:36,20,0.224
C107114,YAGEO-CC0805JRNPO9BN300/C107114,https://www.lcsc.com/datasheet/lcsc_datasheet_2304140030_YAGEO-CC0805JRNPO9BN300_C107114.pdf,expand,0,2026-07-24 06:07:31,YAGEO,CC0805JRNPO9BN300,0805,Multilayer Ceramic Capacitors MLCC - SMD/SMT,30pF 50V NP0 ±5% 0805 Multilayer Ceramic Capacitors MLCC - SMD/SMT ROHS,30pF ±5% 50V,0.0117,213097,1,Capacitors,2026-06-07 09:28:36,20,0.234
C107115,YAGEO-CC0805JRNPO9BN330/C107115,https://www.lcsc.com/datasheet/lcsc_datasheet_2304140030_YAGEO-CC0805JRNPO9BN330_C107115.pdf,expand,0,2026-07-24 06:07:31,YAGEO,CC0805JRNPO9BN330,0805,Multilayer Ceramic Capacitors MLCC - SMD/SMT,33pF 50V NP0 ±5% 0805 Multilayer Ceramic Capacitors MLCC - SMD/SMT ROHS,33pF ±5% 50V,0.0114,520015,1,Capacitors,2026-06-07 09:28:36,20,0.228
C107145,YAGEO-CC0805KRX7R9BB221/C107145,https://www.lcsc.com/datasheet/lcsc_datasheet_2304140030_YAGEO-CC0805KRX7R9BB221_C107145.pdf,base,0,2026-07-24 06:07:31,YAGEO,CC0805KRX7R9BB221,0805,Multilayer Ceramic Capacitors MLCC - SMD/SMT,220pF 50V X7R ±10% 0805 Multilayer Ceramic Capacitors MLCC - SMD/SMT ROHS,220pF ±10% 50V,0.0101,836213,1,Capacitors,2026-06-07 09:28:36,20,0.202
C109227,LiteOn-LTV_817S_TA1C/C109227,https://www.lcsc.com/datasheet/lcsc_datasheet_2304140030_Lite-On-LTV-817S-TA1-C_C109227.pdf,base,0,2026-07-24 06:07:31,Lite-On,LTV-817S-TA1-C,SMD-4P,"Transistor, Photovoltaic Output Optoisolators","-30℃~+110℃ 1 1.2V 100mV@1mA,20mA 35V 3us 4us@2mA,100Ω 50% 50mA 50mA 5kV 600% 6V DC Phototransistor SMD-4P Transistor, Photovoltaic Output Optoisolators ROHS",DC输入 隔离电压(rms):5000V,0.0751,409128,1,Optoisolators,2026-06-07 09:28:36,5,0.3755
C112574,113807-X5032110592MSB2GI/C112574,https://www.lcsc.com/datasheet/lcsc_datasheet_2403291504_YXC-Crystal-Oscillators-X5032110592MSB2GI_C112574.pdf,expand,0,2026-07-24 06:07:31,YXC Crystal Oscillators,X5032110592MSB2GI,SMD5032-2P,Crystals,-40℃~+85℃ 11.0592MHz 20pF Crystal Oscillator ±10ppm ±20ppm SMD5032-2P Crystals ROHS,YSX530GA 11.0592MHZ 2P 5032 20PF ±10PPM -40~85℃ (±20PPM),0.3058,11514,1,"Crystals, Oscillators, Resonators",2026-06-07 09:28:36,5,1.529
C115450,LiteOn-LTV_217_BG/C115450,https://www.lcsc.com/datasheet/lcsc_datasheet_1811092010_Lite-On-LTV-217-B-G_C115450.pdf,base,0,2026-07-24 06:07:31,Lite-On,LTV-217-B-G,SOP-4-175mil,"Transistor, Photovoltaic Output Optoisolators","-55℃~+110℃ 1 1.2V 200mW 2us 3.75kV 3us 400mV@8mA,2.4mA 50% 50mA 50mA 600% 6V 70V DC Phototransistor SOP-4-175mil Transistor, Photovoltaic Output Optoisolators ROHS",DC输入,0.0961,440131,1,Optoisolators,2026-06-07 09:28:36,5,0.4805
C115962,YXC_CrystalOscillators-X50328MSB2GI/C115962,https://www.lcsc.com/datasheet/lcsc_datasheet_2403291504_YXC-Crystal-Oscillators-X50328MSB2GI_C115962.pdf,base,0,2026-07-24 06:07:31,YXC Crystal Oscillators,X50328MSB2GI,SMD5032-2P,Crystals,-40℃~+85℃ 20pF 8MHz Crystal Oscillator ±10ppm ±20ppm SMD5032-2P Crystals ROHS,YSX530GA 8MHZ 2P 5032 20PF ±10PPM -40~85℃ (±20PPM),0.2443,275653,1,"Crystals, Oscillators, Resonators",2026-06-07 09:28:36,5,1.2215
C11616,12170-0402WGF5103TCE/C11616,https://www.lcsc.com/datasheet/lcsc_datasheet_2206010216_UNI-ROYAL-Uniroyal-Elec-0402WGF5103TCE_C11616.pdf,expand,0,2026-07-24 06:07:31,UNI-ROYAL(Uniroyal Elec),0402WGF5103TCE,0402,Chip Resistor - Surface Mount,-55℃~+155℃ 50V 510kΩ 62.5mW Thick Film Resistor ±1% ±100ppm/℃ 0402 Chip Resistor - Surface Mount ROHS,510kΩ ±1% 62.5mW 厚膜电阻,0.001,0,8956,Resistors,2026-06-07 09:28:36,8966,8.966
C11702,12256-0402WGF1001TCE/C11702,https://www.lcsc.com/datasheet/lcsc_datasheet_2206010216_UNI-ROYAL-Uniroyal-Elec-0402WGF1001TCE_C11702.pdf,base,0,2026-07-24 06:07:31,UNI-ROYAL(Uniroyal Elec),0402WGF1001TCE,0402,Chip Resistor - Surface Mount,-55℃~+155℃ 1kΩ 50V 62.5mW Thick Film Resistor ±1% ±100ppm/℃ 0402 Chip Resistor - Surface Mount ROHS,1kΩ ±1% 62.5mW 厚膜电阻,0.0015,356028,5971,Resistors,2026-06-07 09:28:36,5981,8.9715
C12044,12599-TP4057_42_SOT26R/C12044,https://www.lcsc.com/datasheet/lcsc_datasheet_1811021622_TOPPOWER-Nanjing-Extension-Microelectronics-TP4057-42-SOT26-R_C12044.pdf,expand,0,2026-07-24 06:07:31,TOPPOWER(Nanjing Extension Microelectronics),TP4057-42-SOT26-R,SOT-23-6,Battery Management,-40℃~+85℃ 1 4.2V 40uA 4V~9V 500mA Charging IC Lithium Battery Not supported Not supported SOT-23-6 Battery Management ROHS,500mA单节锂离子电池充电器,0.1524,56170,1,Power Management (PMIC),2026-06-07 09:28:36,5,0.762
C12084,TexasInstruments-SN65HVD230DR/C12084,https://www.lcsc.com/datasheet/lcsc_datasheet_2304140030_Texas-Instruments-SN65HVD230DR_C12084.pdf,expand,0,2026-07-24 06:07:31,Texas Instruments,SN65HVD230DR,SOIC-8,CAN Transceivers,-40℃~+85℃ 17mA 1Mbps 370uA 3V~3.6V CAN Transceiver SOIC-8 CAN Transceivers ROHS,3.3-V CAN 收发器,0.7201,59837,1,Interface,2026-06-07 09:28:36,1,0.7201
C12447,13081-0603WAF4022T5E/C12447,https://www.lcsc.com/datasheet/lcsc_datasheet_2206010216_UNI-ROYAL-Uniroyal-Elec-0603WAF4022T5E_C12447.pdf,expand,0,2026-07-24 06:07:31,UNI-ROYAL(Uniroyal Elec),0603WAF4022T5E,0603,Chip Resistor - Surface Mount,-55℃~+155℃ 100mW 40.2kΩ 75V Thick Film Resistor ±1% ±100ppm/℃ 0603 Chip Resistor - Surface Mount ROHS,40.2kΩ ±1% 100mW 厚膜电阻,0.0029,122284,1,Resistors,2026-06-07 09:28:36,20,0.058
C12530,13164-CL05A225MQ5NSNC/C12530,https://www.lcsc.com/datasheet/lcsc_datasheet_2304140030_Samsung-Electro-Mechanics-CL05A225MQ5NSNC_C12530.pdf,base,0,2026-07-24 06:07:31,Samsung Electro-Mechanics,CL05A225MQ5NSNC,0402,Multilayer Ceramic Capacitors MLCC - SMD/SMT,2.2uF 6.3V X5R ±20% 0402 Multilayer Ceramic Capacitors MLCC - SMD/SMT ROHS,2.2uF ±20% 6.3V,0.0106,2451449,1,Capacitors,2026-06-07 09:28:36,20,0.212
C12674,YXC_CrystalOscillators-X49SM8MSD2SC/C12674,https://www.lcsc.com/datasheet/lcsc_datasheet_2403291504_YXC-Crystal-Oscillators-X49SM8MSD2SC_C12674.pdf,base,0,2026-07-24 06:07:31,YXC Crystal Oscillators,X49SM8MSD2SC,HC-49S-SMD,Crystals,-20℃~+70℃ 20pF 8MHz Crystal Oscillator ±20ppm ±30ppm HC-49S-SMD Crystals ROHS,HC-49SMD 8MHZ 20PF ±20PPM -20~70℃（±30PPM）,0.0973,155895,1,"Crystals, Oscillators, Resonators",2026-06-07 09:28:36,2,0.1946
C12891,13537-CL31A226KAHNNNE/C12891,https://www.lcsc.com/datasheet/lcsc_datasheet_2304140030_Samsung-Electro-Mechanics-CL31A226KAHNNNE_C12891.pdf,base,0,2026-07-24 06:07:31,Samsung Electro-Mechanics,CL31A226KAHNNNE,1206,Multilayer Ceramic Capacitors MLCC - SMD/SMT,22uF 25V X5R ±10% 1206 Multilayer Ceramic Capacitors MLCC - SMD/SMT ROHS,22uF ±10% 25V,0.4131,637630,1,Capacitors,2026-06-07 09:28:36,5,2.0655
C13167,13814-0603WAF2701T5E/C13167,https://www.lcsc.com/datasheet/lcsc_datasheet_2206010216_UNI-ROYAL-Uniroyal-Elec-0603WAF2701T5E_C13167.pdf,base,0,2026-07-24 06:07:31,UNI-ROYAL(Uniroyal Elec),0603WAF2701T5E,0603,Chip Resistor - Surface Mount,-55℃~+155℃ 100mW 2.7kΩ 75V Thick Film Resistor ±1% ±100ppm/℃ 0603 Chip Resistor - Surface Mount ROHS,2.7kΩ ±1% 100mW 厚膜电阻,0.0029,786875,1,Resistors,2026-06-07 09:28:36,20,0.058
C1322360,1413077-0603B822K500NT/C1322360,https://wmsc.lcsc.com/wmsc/upload/file/pdf/v2/lcsc/2304140030_FH--Guangdong-Fenghua-Advanced-Tech-0603B822K500NT_C1322360.pdf,base,0,2026-07-24 06:07:31,FH (Guangdong Fenghua Advanced Tech),0603B822K500NT,0603,Multilayer Ceramic Capacitors MLCC - SMD/SMT,50V 8.2nF X7R ±10% 0603 Multilayer Ceramic Capacitors MLCC - SMD/SMT ROHS,8.2nF ±10% 50V,0.0109,123450,1,Capacitors,2026-06-07 09:28:36,20,0.218
C13320,13967-0603WAF5104T5E/C13320,https://www.lcsc.com/datasheet/lcsc_datasheet_2206010216_UNI-ROYAL-Uniroyal-Elec-0603WAF5104T5E_C13320.pdf,expand,0,2026-07-24 06:07:31,UNI-ROYAL(Uniroyal Elec),0603WAF5104T5E,0603,Chip Resistor - Surface Mount,-55℃~+155℃ 100mW 5.1MΩ 75V Thick Film Resistor ±1% ±100ppm/℃ 0603 Chip Resistor - Surface Mount ROHS,5.1MΩ ±1% 100mW 厚膜电阻,0.0082,174446,1,Resistors,2026-06-07 09:28:36,20,0.164
C13415,Sunlord-SDCL1608C68NJTDF/C13415,https://www.lcsc.com/datasheet/lcsc_datasheet_2310301641_Sunlord-SDCL1608C68NJTDF_C13415.pdf,expand,0,2026-07-24 06:07:31,Sunlord,SDCL1608C68NJTDF,0603,Inductors (SMD),12@100MHz 300mA 68nH 850mΩ 900MHz ±5% 0603 Inductors (SMD) ROHS,68nH ±5%,0.0266,118323,1,"Inductors, Coils, Chokes",2026-06-07 09:28:36,20,0.532
C13482,MaxLinear-SP3232EEY_LTR/C13482,https://www.lcsc.com/datasheet/lcsc_datasheet_2408280932_MaxLinear-SP3232EEY-L-TR_C13482.pdf,base,0,2026-07-24 06:07:31,MaxLinear,SP3232EEY-L/TR,TSSOP-16,RS232 ICs,-40℃~+85℃ 2 2 235Kbps 3V~5.5V Transceiver Yes ±15kV TSSOP-16 RS232 ICs ROHS,SP3232EEY-L/TR,0.3382,155101,1,Interface,2026-06-07 09:28:36,5,1.691
C13533,14182-CL05C331JB5NNNC/C13533,https://www.lcsc.com/datasheet/lcsc_datasheet_2304140030_Samsung-Electro-Mechanics-CL05C331JB5NNNC_C13533.pdf,expand,0,2026-07-24 06:07:31,Samsung Electro-Mechanics,CL05C331JB5NNNC,0402,Multilayer Ceramic Capacitors MLCC - SMD/SMT,330pF 50V C0G ±5% 0402 Multilayer Ceramic Capacitors MLCC - SMD/SMT ROHS,330pF ±5% 50V,0.0072,259709,1,Capacitors,2026-06-07 09:28:36,20,0.144
C13585,14236-CL31A106KBHNNNE/C13585,https://www.lcsc.com/datasheet/lcsc_datasheet_2304140030_Samsung-Electro-Mechanics-CL31A106KBHNNNE_C13585.pdf,base,0,2026-07-24 06:07:31,Samsung Electro-Mechanics,CL31A106KBHNNNE,1206,Multilayer Ceramic Capacitors MLCC - SMD/SMT,10uF 50V X5R ±10% 1206 Multilayer Ceramic Capacitors MLCC - SMD/SMT ROHS,10uF ±10% 50V,0.3713,2975733,1,Capacitors,2026-06-07 09:28:36,5,1.8565
C13738,YXC_CrystalOscillators-X322516MLB4SI/C13738,https://www.lcsc.com/datasheet/lcsc_datasheet_2403291504_YXC-Crystal-Oscillators-X322516MLB4SI_C13738.pdf,base,0,2026-07-24 06:07:31,YXC Crystal Oscillators,X322516MLB4SI,SMD3225-4P,Crystals,-40℃~+85℃ 16MHz 9pF Crystal Oscillator ±10ppm ±20ppm SMD3225-4P Crystals ROHS,YSX321SL 16MHZ 4P 3225 9PF ±10PPM -40~85℃ (±20PPM),0.0927,143885,1,"Crystals, Oscillators, Resonators",2026-06-07 09:28:36,5,0.4635
C13967,14623-CL21B474KBFNNNE/C13967,https://www.lcsc.com/datasheet/lcsc_datasheet_2304140030_Samsung-Electro-Mechanics-CL21B474KBFNNNE_C13967.pdf,base,0,2026-07-24 06:07:31,Samsung Electro-Mechanics,CL21B474KBFNNNE,0805,Multilayer Ceramic Capacitors MLCC - SMD/SMT,470nF 50V X7R ±10% 0805 Multilayer Ceramic Capacitors MLCC - SMD/SMT ROHS,470nF ±10% 50V,0.0273,735714,1,Capacitors,2026-06-07 09:28:36,20,0.546
C14033,Sunlord-SDCL1005C3N9STDF/C14033,https://www.lcsc.com/datasheet/lcsc_datasheet_2310301641_Sunlord-SDCL1005C3N9STDF_C14033.pdf,expand,0,2026-07-24 06:07:31,Sunlord,SDCL1005C3N9STDF,0402,Inductors (SMD),200mΩ 3.9nH 300mA 4GHz 8@100MHz Multilayer inductor 0402 Inductors (SMD) ROHS,±0.3nH 3.9nH,0.005,88266,1,"Inductors, Coils, Chokes",2026-06-07 09:28:36,20,0.1
C14289,HoltekSemicon-HT75331/C14289,https://www.lcsc.com/datasheet/lcsc_datasheet_2312191111_Holtek-Semicon-HT7533-1_C14289.pdf,base,0,2026-07-24 06:07:31,Holtek Semicon,HT7533-1,SOT-89-3,"Voltage Regulators - Linear, Low Drop Out (LDO) Regulators","-40℃~+85℃@(Ta) 1 100mA 2.5uA 25mV@(1mA) 3.3V 30V Fixed Positive SOT-89-3 Voltage Regulators - Linear, Low Drop Out (LDO) Regulators ROHS",3.3V 100mA 30V,0.1416,227503,1,Power Management (PMIC),2026-06-07 09:28:36,5,0.708
C14441,15103-CL05C680JB5NNNC/C14441,https://www.lcsc.com/datasheet/lcsc_datasheet_2304140030_Samsung-Electro-Mechanics-CL05C680JB5NNNC_C14441.pdf,expand,0,2026-07-24 06:07:31,Samsung Electro-Mechanics,CL05C680JB5NNNC,0402,Multilayer Ceramic Capacitors MLCC - SMD/SMT,50V 68pF C0G ±5% 0402 Multilayer Ceramic Capacitors MLCC - SMD/SMT ROHS,68pF ±5% 50V,0.0078,175744,1,Capacitors,2026-06-07 09:28:36,20,0.156
C14663,YAGEO-CC0603KRX7R9BB104/C14663,https://www.lcsc.com/datasheet/lcsc_datasheet_2211101700_YAGEO-CC0603KRX7R9BB104_C14663.pdf,base,0,2026-07-24 06:07:31,YAGEO,CC0603KRX7R9BB104,0603,Multilayer Ceramic Capacitors MLCC - SMD/SMT,100nF 50V X7R ±10% 0603 Multilayer Ceramic Capacitors MLCC - SMD/SMT ROHS,100nF ±10% 50V,0.0241,92814820,1,Capacitors,2026-06-07 09:28:36,20,0.482
C14709,MurataElectronics-BLM18PG121SN1D/C14709,https://www.lcsc.com/datasheet/lcsc_datasheet_2304140030_Murata-Electronics-BLM18PG121SN1D_C14709.pdf,base,0,2026-07-24 06:07:31,Murata Electronics,BLM18PG121SN1D,0603,Ferrite Beads,-55℃~+125℃ 1 120Ω@100MHz 2A 50mΩ ±25% 0603 Ferrite Beads ROHS,单路 0603磁珠 阻抗120Ω@100MHz,0.0168,1358656,1,Filters,2026-06-07 09:28:36,20,0.336
C14857,15529-CL21C470JBANNNC/C14857,https://www.lcsc.com/datasheet/lcsc_datasheet_2304140030_Samsung-Electro-Mechanics-CL21C470JBANNNC_C14857.pdf,base,0,2026-07-24 06:07:31,Samsung Electro-Mechanics,CL21C470JBANNNC,0805,Multilayer Ceramic Capacitors MLCC - SMD/SMT,47pF 50V C0G ±5% 0805 Multilayer Ceramic Capacitors MLCC - SMD/SMT ROHS,47pF ±5% 50V,0.0199,230467,1,Capacitors,2026-06-07 09:28:36,20,0.398
C14858,15530-CL10C101JB8NNNC/C14858,https://www.lcsc.com/datasheet/lcsc_datasheet_2304140030_Samsung-Electro-Mechanics-CL10C101JB8NNNC_C14858.pdf,base,0,2026-07-24 06:07:31,Samsung Electro-Mechanics,CL10C101JB8NNNC,0603,Multilayer Ceramic Capacitors MLCC - SMD/SMT,100pF 50V C0G ±5% 0603 Multilayer Ceramic Capacitors MLCC - SMD/SMT ROHS,100pF ±5% 50V,0.015,5001892,1,Capacitors,2026-06-07 09:28:36,20,0.3
C14877,MicrochipTech-ATMEGA328PAU/C14877,https://www.lcsc.com/datasheet/lcsc_datasheet_2410010303_Microchip-Tech-ATMEGA328P-AU_C14877.pdf,expand,0,2026-07-24 06:07:31,Microchip Tech,ATMEGA328P-AU,TQFP-32(7x7),Microcontrollers (MCU/MPU/SOC),-40℃~+85℃ 1.8V~5.5V 10bit 1KB 20MHz 23 2KB 32KB 8 Bit AVR Built-in FLASH TQFP-32(7x7) Microcontrollers (MCU/MPU/SOC) ROHS,基于AVR增强型RISC架构的低功耗CMOS 8位微控制器,2.4115,30739,1,Embedded Processors & Controllers,2026-06-07 09:28:36,1,2.4115
C149504,160838-0805W8F1003T5E/C149504,https://www.lcsc.com/datasheet/lcsc_datasheet_2205312316_UNI-ROYAL-Uniroyal-Elec-0805W8F1003T5E_C149504.pdf,base,0,2026-07-24 06:07:31,UNI-ROYAL(Uniroyal Elec),0805W8F1003T5E,0805,Chip Resistor - Surface Mount,-55℃~+155℃ 100kΩ 125mW 150V Thick Film Resistor ±1% ±100ppm/℃ 0805 Chip Resistor - Surface Mount ROHS,100kΩ ±1% 125mW 厚膜电阻,0.0103,6431908,1,Resistors,2026-06-07 09:28:36,20,0.206
C14996,MDD_Microdiode_Semiconductor-SS210/C14996,https://www.lcsc.com/datasheet/lcsc_datasheet_2407101107_MDD-Microdiode-Semiconductor-SS210_C14996.pdf,base,0,2026-07-24 06:07:31,MDD(Microdiode Semiconductor),SS210,SMA(DO-214AC),Schottky Diodes,-55℃~+150℃ 1 Independent 100V 2A 500uA@100V 850mV@2A SMA(DO-214AC) Schottky Diodes ROHS,SS210,0.0319,846924,1,Diodes,2026-06-07 09:28:36,9,0.2871
C15008,15681-CL31A107MQHNNNE/C15008,https://www.lcsc.com/datasheet/lcsc_datasheet_2304140030_Samsung-Electro-Mechanics-CL31A107MQHNNNE_C15008.pdf,base,0,2026-07-24 06:07:31,Samsung Electro-Mechanics,CL31A107MQHNNNE,1206,Multilayer Ceramic Capacitors MLCC - SMD/SMT,100uF 6.3V X5R ±20% 1206 Multilayer Ceramic Capacitors MLCC - SMD/SMT ROHS,100uF ±20% 6.3V,0.2927,1661646,1,Capacitors,2026-06-07 09:28:36,5,1.4635
C15127,Alpha_OmegaSemicon-AO3401A/C15127,https://www.lcsc.com/datasheet/lcsc_datasheet_2412061733_Alpha---Omega-Semicon-AO3401A_C15127.pdf,base,0,2026-07-24 06:07:31,Alpha & Omega Semicon,AO3401A,SOT-23,MOSFETs,1 P-Channel 14nC@10V 30V 47mΩ@10V、60mΩ@4.5V、85mΩ@2.5V 4A 55pF 645pF 80pF 900mV SOT-23 MOSFETs ROHS,AO3401A,0.099,366914,1,Transistors/Thyristors,2026-06-07 09:28:36,5,0.495
C15195,15869-CL05B103KB5NNNC/C15195,https://www.lcsc.com/datasheet/lcsc_datasheet_2304140030_Samsung-Electro-Mechanics-CL05B103KB5NNNC_C15195.pdf,base,0,2026-07-24 06:07:31,Samsung Electro-Mechanics,CL05B103KB5NNNC,0402,Multilayer Ceramic Capacitors MLCC - SMD/SMT,10nF 50V X7R ±10% 0402 Multilayer Ceramic Capacitors MLCC - SMD/SMT ROHS,10nF ±10% 50V,0.0063,6635193,1,Capacitors,2026-06-07 09:28:36,20,0.126
C1523,1875-0402B102K500NT/C1523,https://www.lcsc.com/datasheet/lcsc_datasheet_2304140030_FH--Guangdong-Fenghua-Advanced-Tech-0402B102K500NT_C1523.pdf,base,0,2026-07-24 06:07:31,FH (Guangdong Fenghua Advanced Tech),0402B102K500NT,0402,Multilayer Ceramic Capacitors MLCC - SMD/SMT,1nF 50V X7R ±10% 0402 Multilayer Ceramic Capacitors MLCC - SMD/SMT ROHS,1nF ±10% 50V,0.0028,3384028,1,Capacitors,2026-06-07 09:28:36,20,0.056
C1525,1877-CL05B104KO5NNNC/C1525,https://www.lcsc.com/datasheet/lcsc_datasheet_2304140030_Samsung-Electro-Mechanics-CL05B104KO5NNNC_C1525.pdf,base,0,2026-07-24 06:07:31,Samsung Electro-Mechanics,CL05B104KO5NNNC,0402,Multilayer Ceramic Capacitors MLCC - SMD/SMT,100nF 16V X7R ±10% 0402 Multilayer Ceramic Capacitors MLCC - SMD/SMT ROHS,100nF ±10% 16V,0.0053,47606425,1,Capacitors,2026-06-07 09:28:36,20,0.106
C1527,1879-0402B151K500NT/C1527,https://www.lcsc.com/datasheet/lcsc_datasheet_2304140030_FH--Guangdong-Fenghua-Advanced-Tech-0402B151K500NT_C1527.pdf,expand,0,2026-07-24 06:07:31,FH (Guangdong Fenghua Advanced Tech),0402B151K500NT,0402,Multilayer Ceramic Capacitors MLCC - SMD/SMT,150pF 50V X7R ±10% 0402 Multilayer Ceramic Capacitors MLCC - SMD/SMT ROHS,150pF ±10% 50V,0.0056,223312,1,Capacitors,2026-06-07 09:28:36,20,0.112
C1530,1882-0402B221K500NT/C1530,https://www.lcsc.com/datasheet/lcsc_datasheet_2304140030_FH--Guangdong-Fenghua-Advanced-Tech-0402B221K500NT_C1530.pdf,base,0,2026-07-24 06:07:31,FH (Guangdong Fenghua Advanced Tech),0402B221K500NT,0402,Multilayer Ceramic Capacitors MLCC - SMD/SMT,220pF 50V X7R ±10% 0402 Multilayer Ceramic Capacitors MLCC - SMD/SMT ROHS,220pF ±10% 50V,0.004,1627449,1,Capacitors,2026-06-07 09:28:36,20,0.08
C1531,1883-0402B222K500NT/C1531,https://www.lcsc.com/datasheet/lcsc_datasheet_2304140030_FH--Guangdong-Fenghua-Advanced-Tech-0402B222K500NT_C1531.pdf,expand,0,2026-07-24 06:07:31,FH (Guangdong Fenghua Advanced Tech),0402B222K500NT,0402,Multilayer Ceramic Capacitors MLCC - SMD/SMT,2.2nF 50V X7R ±10% 0402 Multilayer Ceramic Capacitors MLCC - SMD/SMT ROHS,2.2nF ±10% 50V,0.0025,1083315,1,Capacitors,2026-06-07 09:28:36,20,0.05
C1532,1884-0402B223K500NT/C1532,https://www.lcsc.com/datasheet/lcsc_datasheet_2304140030_FH--Guangdong-Fenghua-Advanced-Tech-0402B223K500NT_C1532.pdf,base,0,2026-07-24 06:07:31,FH (Guangdong Fenghua Advanced Tech),0402B223K500NT,0402,Multilayer Ceramic Capacitors MLCC - SMD/SMT,22nF 50V X7R ±10% 0402 Multilayer Ceramic Capacitors MLCC - SMD/SMT ROHS,22nF ±10% 50V,0.0228,853853,1,Capacitors,2026-06-07 09:28:36,20,0.456
C1537,1889-0402B471K500NT/C1537,https://www.lcsc.com/datasheet/lcsc_datasheet_2304140030_FH--Guangdong-Fenghua-Advanced-Tech-0402B471K500NT_C1537.pdf,expand,0,2026-07-24 06:07:31,FH (Guangdong Fenghua Advanced Tech),0402B471K500NT,0402,Multilayer Ceramic Capacitors MLCC - SMD/SMT,470pF 50V X7R ±10% 0402 Multilayer Ceramic Capacitors MLCC - SMD/SMT ROHS,470pF ±10% 50V,0.0089,1040522,1,Capacitors,2026-06-07 09:28:36,20,0.178
C1538,1890-0402B472K500NT/C1538,https://www.lcsc.com/datasheet/lcsc_datasheet_2304140030_FH--Guangdong-Fenghua-Advanced-Tech-0402B472K500NT_C1538.pdf,base,0,2026-07-24 06:07:31,FH (Guangdong Fenghua Advanced Tech),0402B472K500NT,0402,Multilayer Ceramic Capacitors MLCC - SMD/SMT,4.7nF 50V X7R ±10% 0402 Multilayer Ceramic Capacitors MLCC - SMD/SMT ROHS,4.7nF ±10% 50V,0.0116,790863,1,Capacitors,2026-06-07 09:28:36,20,0.232
C1542,1894-0402B682K500NT/C1542,https://www.lcsc.com/datasheet/lcsc_datasheet_2304140030_FH--Guangdong-Fenghua-Advanced-Tech-0402B682K500NT_C1542.pdf,expand,0,2026-07-24 06:07:31,FH (Guangdong Fenghua Advanced Tech),0402B682K500NT,0402,Multilayer Ceramic Capacitors MLCC - SMD/SMT,50V 6.8nF X7R ±10% 0402 Multilayer Ceramic Capacitors MLCC - SMD/SMT ROHS,6.8nF ±10% 50V,0.0121,234906,1,Capacitors,2026-06-07 09:28:36,20,0.242
C1546,1898-0402CG101J500NT/C1546,https://www.lcsc.com/datasheet/lcsc_datasheet_2304140030_FH--Guangdong-Fenghua-Advanced-Tech-0402CG101J500NT_C1546.pdf,base,0,2026-07-24 06:07:31,FH (Guangdong Fenghua Advanced Tech),0402CG101J500NT,0402,Multilayer Ceramic Capacitors MLCC - SMD/SMT,100pF 50V C0G ±5% 0402 Multilayer Ceramic Capacitors MLCC - SMD/SMT ROHS,100pF ±5% 50V,0.0096,6594882,1,Capacitors,2026-06-07 09:28:36,20,0.192
C1547,1899-0402CG120J500NT/C1547,https://www.lcsc.com/datasheet/lcsc_datasheet_2304140030_FH--Guangdong-Fenghua-Advanced-Tech-0402CG120J500NT_C1547.pdf,base,0,2026-07-24 06:07:31,FH (Guangdong Fenghua Advanced Tech),0402CG120J500NT,0402,Multilayer Ceramic Capacitors MLCC - SMD/SMT,12pF 50V C0G ±5% 0402 Multilayer Ceramic Capacitors MLCC - SMD/SMT ROHS,12pF ±5% 50V,0.0135,2694222,1,Capacitors,2026-06-07 09:28:36,20,0.27
C1548,1900-0402CG150J500NT/C1548,https://www.lcsc.com/datasheet/lcsc_datasheet_2304140030_FH--Guangdong-Fenghua-Advanced-Tech-0402CG150J500NT_C1548.pdf,base,0,2026-07-24 06:07:31,FH (Guangdong Fenghua Advanced Tech),0402CG150J500NT,0402,Multilayer Ceramic Capacitors MLCC - SMD/SMT,15pF 50V C0G ±5% 0402 Multilayer Ceramic Capacitors MLCC - SMD/SMT ROHS,15pF ±5% 50V,0.0051,1621127,1,Capacitors,2026-06-07 09:28:36,20,0.102
C1549,1901-0402CG180J500NT/C1549,https://www.lcsc.com/datasheet/lcsc_datasheet_2304140030_FH--Guangdong-Fenghua-Advanced-Tech-0402CG180J500NT_C1549.pdf,base,0,2026-07-24 06:07:31,FH (Guangdong Fenghua Advanced Tech),0402CG180J500NT,0402,Multilayer Ceramic Capacitors MLCC - SMD/SMT,18pF 50V C0G ±5% 0402 Multilayer Ceramic Capacitors MLCC - SMD/SMT ROHS,18pF ±5% 50V,0.0079,1653133,1,Capacitors,2026-06-07 09:28:36,20,0.158
C1550,1902-0402CG1R0C500NT/C1550,https://www.lcsc.com/datasheet/lcsc_datasheet_2304140030_FH--Guangdong-Fenghua-Advanced-Tech-0402CG1R0C500NT_C1550.pdf,expand,0,2026-07-24 06:07:31,FH (Guangdong Fenghua Advanced Tech),0402CG1R0C500NT,0402,Multilayer Ceramic Capacitors MLCC - SMD/SMT,1pF 50V C0G 0402 Multilayer Ceramic Capacitors MLCC - SMD/SMT ROHS,±0.25pF 1pF 50V,0.0058,1221337,1,Capacitors,2026-06-07 09:28:36,20,0.116
C1552,1904-0402CG1R5C500NT/C1552,https://www.lcsc.com/datasheet/lcsc_datasheet_2304140030_FH--Guangdong-Fenghua-Advanced-Tech-0402CG1R5C500NT_C1552.pdf,expand,0,2026-07-24 06:07:31,FH (Guangdong Fenghua Advanced Tech),0402CG1R5C500NT,0402,Multilayer Ceramic Capacitors MLCC - SMD/SMT,1.5pF 50V C0G 0402 Multilayer Ceramic Capacitors MLCC - SMD/SMT ROHS,±0.25pF 1.5pF 50V,0.0101,206688,1,Capacitors,2026-06-07 09:28:36,20,0.202
C15525,16204-CL05A106MQ5NUNC/C15525,https://www.lcsc.com/datasheet/lcsc_datasheet_2208231630_Samsung-Electro-Mechanics-CL05A106MQ5NUNC_C15525.pdf,base,0,2026-07-24 06:07:31,Samsung Electro-Mechanics,CL05A106MQ5NUNC,0402,Multilayer Ceramic Capacitors MLCC - SMD/SMT,10uF 6.3V X5R ±20% 0402 Multilayer Ceramic Capacitors MLCC - SMD/SMT ROHS,10uF ±20% 6.3V,0.0352,7642470,1,Capacitors,2026-06-07 09:28:36,20,0.704
C1554,1906-0402CG200J500NT/C1554,https://www.lcsc.com/datasheet/lcsc_datasheet_2304140030_FH--Guangdong-Fenghua-Advanced-Tech-0402CG200J500NT_C1554.pdf,base,0,2026-07-24 06:07:31,FH (Guangdong Fenghua Advanced Tech),0402CG200J500NT,0402,Multilayer Ceramic Capacitors MLCC - SMD/SMT,20pF 50V C0G ±5% 0402 Multilayer Ceramic Capacitors MLCC - SMD/SMT ROHS,20pF ±5% 50V,0.0161,1589843,1,Capacitors,2026-06-07 09:28:36,20,0.322
C1555,1907-0402CG220J500NT/C1555,https://www.lcsc.com/datasheet/lcsc_datasheet_2304140030_FH--Guangdong-Fenghua-Advanced-Tech-0402CG220J500NT_C1555.pdf,base,0,2026-07-24 06:07:31,FH (Guangdong Fenghua Advanced Tech),0402CG220J500NT,0402,Multilayer Ceramic Capacitors MLCC - SMD/SMT,22pF 50V C0G ±5% 0402 Multilayer Ceramic Capacitors MLCC - SMD/SMT ROHS,22pF ±5% 50V,0.0104,3252560,1,Capacitors,2026-06-07 09:28:36,20,0.208
C1557,1909-0402CG270J500NT/C1557,https://www.lcsc.com/datasheet/lcsc_datasheet_2304140030_FH--Guangdong-Fenghua-Advanced-Tech-0402CG270J500NT_C1557.pdf,expand,0,2026-07-24 06:07:31,FH (Guangdong Fenghua Advanced Tech),0402CG270J500NT,0402,Multilayer Ceramic Capacitors MLCC - SMD/SMT,27pF 50V C0G ±5% 0402 Multilayer Ceramic Capacitors MLCC - SMD/SMT ROHS,27pF ±5% 50V,0.0051,663902,1,Capacitors,2026-06-07 09:28:36,20,0.102
C1559,1911-0402CG2R2C500NT/C1559,https://www.lcsc.com/datasheet/lcsc_datasheet_2304140030_FH--Guangdong-Fenghua-Advanced-Tech-0402CG2R2C500NT_C1559.pdf,expand,0,2026-07-24 06:07:31,FH (Guangdong Fenghua Advanced Tech),0402CG2R2C500NT,0402,Multilayer Ceramic Capacitors MLCC - SMD/SMT,2.2pF 50V C0G 0402 Multilayer Ceramic Capacitors MLCC - SMD/SMT ROHS,±0.25pF 2.2pF 50V,0.0076,358577,1,Capacitors,2026-06-07 09:28:36,20,0.152
C1561,1913-0402CG2R7C500NT/C1561,https://www.lcsc.com/datasheet/lcsc_datasheet_2304140030_FH--Guangdong-Fenghua-Advanced-Tech-0402CG2R7C500NT_C1561.pdf,expand,0,2026-07-24 06:07:31,FH (Guangdong Fenghua Advanced Tech),0402CG2R7C500NT,0402,Multilayer Ceramic Capacitors MLCC - SMD/SMT,2.7pF 50V C0G 0402 Multilayer Ceramic Capacitors MLCC - SMD/SMT ROHS,±0.25pF 2.7pF 50V,0.0047,164588,1,Capacitors,2026-06-07 09:28:36,20,0.094
C1562,1914-0402CG330J500NT/C1562,https://www.lcsc.com/datasheet/lcsc_datasheet_2304140030_FH--Guangdong-Fenghua-Advanced-Tech-0402CG330J500NT_C1562.pdf,base,0,2026-07-24 06:07:31,FH (Guangdong Fenghua Advanced Tech),0402CG330J500NT,0402,Multilayer Ceramic Capacitors MLCC - SMD/SMT,33pF 50V C0G ±5% 0402 Multilayer Ceramic Capacitors MLCC - SMD/SMT ROHS,33pF ±5% 50V,0.0141,1912273,1,Capacitors,2026-06-07 09:28:36,20,0.282
C1565,1917-0402CG3R3C500NT/C1565,https://www.lcsc.com/datasheet/lcsc_datasheet_2304140030_FH--Guangdong-Fenghua-Advanced-Tech-0402CG3R3C500NT_C1565.pdf,expand,0,2026-07-24 06:07:31,FH (Guangdong Fenghua Advanced Tech),0402CG3R3C500NT,0402,Multilayer Ceramic Capacitors MLCC - SMD/SMT,3.3pF 50V C0G 0402 Multilayer Ceramic Capacitors MLCC - SMD/SMT ROHS,±0.25pF 3.3pF 50V,0.0059,267855,1,Capacitors,2026-06-07 09:28:36,20,0.118
C1567,1919-0402CG470J500NT/C1567,https://www.lcsc.com/datasheet/lcsc_datasheet_2304140030_FH--Guangdong-Fenghua-Advanced-Tech-0402CG470J500NT_C1567.pdf,base,0,2026-07-24 06:07:31,FH (Guangdong Fenghua Advanced Tech),0402CG470J500NT,0402,Multilayer Ceramic Capacitors MLCC - SMD/SMT,47pF 50V C0G ±5% 0402 Multilayer Ceramic Capacitors MLCC - SMD/SMT ROHS,47pF ±5% 50V,0.0183,1203338,1,Capacitors,2026-06-07 09:28:36,20,0.366
C1569,1921-0402CG4R7C500NT/C1569,https://www.lcsc.com/datasheet/lcsc_datasheet_2304140030_FH--Guangdong-Fenghua-Advanced-Tech-0402CG4R7C500NT_C1569.pdf,expand,0,2026-07-24 06:07:31,FH (Guangdong Fenghua Advanced Tech),0402CG4R7C500NT,0402,Multilayer Ceramic Capacitors MLCC - SMD/SMT,4.7pF 50V C0G 0402 Multilayer Ceramic Capacitors MLCC - SMD/SMT ROHS,±0.25pF 4.7pF 50V,0.0135,818958,1,Capacitors,2026-06-07 09:28:36,20,0.27
C1570,1922-0402CG300J500NT/C1570,https://www.lcsc.com/datasheet/lcsc_datasheet_2304140030_FH--Guangdong-Fenghua-Advanced-Tech-0402CG300J500NT_C1570.pdf,expand,0,2026-07-24 06:07:31,FH (Guangdong Fenghua Advanced Tech),0402CG300J500NT,0402,Multilayer Ceramic Capacitors MLCC - SMD/SMT,30pF 50V C0G ±5% 0402 Multilayer Ceramic Capacitors MLCC - SMD/SMT ROHS,30pF ±5% 50V,0.0059,390202,1,Capacitors,2026-06-07 09:28:36,20,0.118
C1576,1928-0402CG6R8C500NT/C1576,https://www.lcsc.com/datasheet/lcsc_datasheet_2304140030_FH--Guangdong-Fenghua-Advanced-Tech-0402CG6R8C500NT_C1576.pdf,expand,0,2026-07-24 06:07:31,FH (Guangdong Fenghua Advanced Tech),0402CG6R8C500NT,0402,Multilayer Ceramic Capacitors MLCC - SMD/SMT,50V 6.8pF C0G 0402 Multilayer Ceramic Capacitors MLCC - SMD/SMT ROHS,±0.25pF 6.8pF 50V,0.01,308217,1,Capacitors,2026-06-07 09:28:36,20,0.2
C15849,16531-CL10A105KB8NNNC/C15849,https://www.lcsc.com/datasheet/lcsc_datasheet_2304140030_Samsung-Electro-Mechanics-CL10A105KB8NNNC_C15849.pdf,base,0,2026-07-24 06:07:31,Samsung Electro-Mechanics,CL10A105KB8NNNC,0603,Multilayer Ceramic Capacitors MLCC - SMD/SMT,1uF 50V X5R ±10% 0603 Multilayer Ceramic Capacitors MLCC - SMD/SMT ROHS,1uF ±10% 50V,0.0964,15425764,1,Capacitors,2026-06-07 09:28:36,20,1.928
C1585,1937-0402F333M500NT/C1585,https://www.lcsc.com/datasheet/lcsc_datasheet_2304140030_FH--Guangdong-Fenghua-Advanced-Tech-0402F333M500NT_C1585.pdf,expand,0,2026-07-24 06:07:31,FH (Guangdong Fenghua Advanced Tech),0402F333M500NT,0402,Multilayer Ceramic Capacitors MLCC - SMD/SMT,33nF 50V Y5V ±20% 0402 Multilayer Ceramic Capacitors MLCC - SMD/SMT ROHS,停产 33nF ±20% 50V,0.003,0,1,Capacitors,2026-06-07 09:28:36,20,0.06
C15850,16532-CL21A106KAYNNNE/C15850,https://www.lcsc.com/datasheet/lcsc_datasheet_2304140030_Samsung-Electro-Mechanics-CL21A106KAYNNNE_C15850.pdf,base,0,2026-07-24 06:07:31,Samsung Electro-Mechanics,CL21A106KAYNNNE,0805,Multilayer Ceramic Capacitors MLCC - SMD/SMT,10uF 25V X5R ±10% 0805 Multilayer Ceramic Capacitors MLCC - SMD/SMT ROHS,10uF ±10% 25V,0.1394,10562367,1,Capacitors,2026-06-07 09:28:36,20,2.788
C15879,onsemi-SMF05CT1G/C15879,https://www.lcsc.com/datasheet/lcsc_datasheet_1810311712_onsemi-SMF05CT1G_C15879.pdf,expand,0,2026-07-24 06:07:31,onsemi,SMF05CT1G,SC-88,ESD and Surge Protection (TVS/ESD),-40℃~+125℃ 100W@8/20us 12.5V 5 5V 7.2V 70nA 80pF 8A@8/20us IEC 61000-4-2 TVS SC-88 ESD and Surge Protection (TVS/ESD) ROHS,TVS 5V截止 峰值浪涌电流：8A@8/20us,0.1402,31451,1,Circuit Protection,2026-06-07 09:28:36,5,0.701
C1588,1940-CL10B102KB8NNNC/C1588,https://www.lcsc.com/datasheet/lcsc_datasheet_2304140030_Samsung-Electro-Mechanics-CL10B102KB8NNNC_C1588.pdf,base,0,2026-07-24 06:07:31,Samsung Electro-Mechanics,CL10B102KB8NNNC,0603,Multilayer Ceramic Capacitors MLCC - SMD/SMT,1nF 50V X7R ±10% 0603 Multilayer Ceramic Capacitors MLCC - SMD/SMT ROHS,1nF ±10% 50V,0.005,6980815,1,Capacitors,2026-06-07 09:28:36,20,0.1
C1594,1946-0603B151K500NT/C1594,https://www.lcsc.com/datasheet/lcsc_datasheet_2304140030_FH--Guangdong-Fenghua-Advanced-Tech-0603B151K500NT_C1594.pdf,base,0,2026-07-24 06:07:31,FH (Guangdong Fenghua Advanced Tech),0603B151K500NT,0603,Multilayer Ceramic Capacitors MLCC - SMD/SMT,150pF 50V X7R ±10% 0603 Multilayer Ceramic Capacitors MLCC - SMD/SMT ROHS,150pF ±10% 50V,0.0098,239179,1,Capacitors,2026-06-07 09:28:36,20,0.196
C1595,1947-0603B152K500NT/C1595,https://www.lcsc.com/datasheet/lcsc_datasheet_2304140030_FH--Guangdong-Fenghua-Advanced-Tech-0603B152K500NT_C1595.pdf,expand,0,2026-07-24 06:07:31,FH (Guangdong Fenghua Advanced Tech),0603B152K500NT,0603,Multilayer Ceramic Capacitors MLCC - SMD/SMT,1.5nF 50V X7R ±10% 0603 Multilayer Ceramic Capacitors MLCC - SMD/SMT ROHS,1.5nF ±10% 50V,0.0116,229191,1,Capacitors,2026-06-07 09:28:36,20,0.232
C1596,1948-0603B153K500NT/C1596,https://www.lcsc.com/datasheet/lcsc_datasheet_2304140030_FH--Guangdong-Fenghua-Advanced-Tech-0603B153K500NT_C1596.pdf,expand,0,2026-07-24 06:07:31,FH (Guangdong Fenghua Advanced Tech),0603B153K500NT,0603,Multilayer Ceramic Capacitors MLCC - SMD/SMT,15nF 50V X7R ±10% 0603 Multilayer Ceramic Capacitors MLCC - SMD/SMT ROHS,15nF ±10% 50V,0.0113,41414,1,Capacitors,2026-06-07 09:28:36,20,0.226
C1600,1952-0603B201K500NT/C1600,https://www.lcsc.com/datasheet/lcsc_datasheet_2304140030_FH--Guangdong-Fenghua-Advanced-Tech-0603B201K500NT_C1600.pdf,expand,0,2026-07-24 06:07:31,FH (Guangdong Fenghua Advanced Tech),0603B201K500NT,0603,Multilayer Ceramic Capacitors MLCC - SMD/SMT,200pF 50V X7R ±10% 0603 Multilayer Ceramic Capacitors MLCC - SMD/SMT ROHS,200pF ±10% 50V,0.0147,32484,610,Capacitors,2026-06-07 09:28:36,620,9.114
C1603,1955-CL10B221KB8NNNC/C1603,https://www.lcsc.com/datasheet/lcsc_datasheet_2304140030_Samsung-Electro-Mechanics-CL10B221KB8NNNC_C1603.pdf,base,0,2026-07-24 06:07:31,Samsung Electro-Mechanics,CL10B221KB8NNNC,0603,Multilayer Ceramic Capacitors MLCC - SMD/SMT,220pF 50V X7R ±10% 0603 Multilayer Ceramic Capacitors MLCC - SMD/SMT ROHS,220pF ±10% 50V,0.0092,1128497,1,Capacitors,2026-06-07 09:28:36,20,0.184
C1604,1956-0603B222K500NT/C1604,https://www.lcsc.com/datasheet/lcsc_datasheet_2304140030_FH--Guangdong-Fenghua-Advanced-Tech-0603B222K500NT_C1604.pdf,base,0,2026-07-24 06:07:31,FH (Guangdong Fenghua Advanced Tech),0603B222K500NT,0603,Multilayer Ceramic Capacitors MLCC - SMD/SMT,2.2nF 50V X7R ±10% 0603 Multilayer Ceramic Capacitors MLCC - SMD/SMT ROHS,2.2nF ±10% 50V,0.0244,1843517,1,Capacitors,2026-06-07 09:28:36,20,0.488
C1609,1961-0603B272K500NT/C1609,https://www.lcsc.com/datasheet/lcsc_datasheet_2304140030_FH--Guangdong-Fenghua-Advanced-Tech-0603B272K500NT_C1609.pdf,expand,0,2026-07-24 06:07:31,FH (Guangdong Fenghua Advanced Tech),0603B272K500NT,0603,Multilayer Ceramic Capacitors MLCC - SMD/SMT,2.7nF 50V X7R ±10% 0603 Multilayer Ceramic Capacitors MLCC - SMD/SMT ROHS,2.7nF ±10% 50V,0.0138,147153,1,Capacitors,2026-06-07 09:28:36,20,0.276
C16106,HoltekSemicon-HT75501/C16106,https://www.lcsc.com/datasheet/lcsc_datasheet_2404031722_Holtek-Semicon-HT7550-1_C16106.pdf,expand,0,2026-07-24 06:07:31,Holtek Semicon,HT7550-1,SOT-89-3,"Voltage Regulators - Linear, Low Drop Out (LDO) Regulators","-40℃~+85℃@(Ta) 1 150mA 2.5uA 25mV@(1mA) 30V 5V Fixed Positive SOT-89-3 Voltage Regulators - Linear, Low Drop Out (LDO) Regulators ROHS",5V 150mA 30V,0.1328,187333,1,Power Management (PMIC),2026-06-07 09:28:36,5,0.664
C1613,1965-CL10B332KB8NNNC/C1613,https://www.lcsc.com/datasheet/lcsc_datasheet_2304140030_Samsung-Electro-Mechanics-CL10B332KB8NNNC_C1613.pdf,base,0,2026-07-24 06:07:31,Samsung Electro-Mechanics,CL10B332KB8NNNC,0603,Multilayer Ceramic Capacitors MLCC - SMD/SMT,3.3nF 50V X7R ±10% 0603 Multilayer Ceramic Capacitors MLCC - SMD/SMT ROHS,3.3nF ±10% 50V,0.0086,390388,1,Capacitors,2026-06-07 09:28:36,20,0.172
C16133,-TAJB107K006RNJ/C16133,https://www.lcsc.com/datasheet/lcsc_datasheet_2111161030_Kyocera-AVX-TAJB107K006RNJ_C16133.pdf,base,0,2026-07-24 06:07:31,--,TAJB107K006RNJ,CASE-B-3528-21(mm),Tantalum Capacitors,-55℃~+125℃ 1.7Ω@100kHz 100uF 6.3V ±10% CASE-B-3528-21(mm) Tantalum Capacitors ROHS,100uF ±10% 6.3V,0.3077,508412,1,Capacitors,2026-06-07 09:28:36,5,1.5385
C1615,1967-0603B334K250NT/C1615,https://www.lcsc.com/datasheet/lcsc_datasheet_2304140030_FH--Guangdong-Fenghua-Advanced-Tech-0603B334K250NT_C1615.pdf,expand,0,2026-07-24 06:07:31,FH (Guangdong Fenghua Advanced Tech),0603B334K250NT,0603,Multilayer Ceramic Capacitors MLCC - SMD/SMT,25V 330nF X7R ±10% 0603 Multilayer Ceramic Capacitors MLCC - SMD/SMT ROHS,330nF ±10% 25V,0.0334,223550,1,Capacitors,2026-06-07 09:28:36,20,0.668
C1620,1972-0603B471K500NT/C1620,https://www.lcsc.com/datasheet/lcsc_datasheet_2304140030_FH--Guangdong-Fenghua-Advanced-Tech-0603B471K500NT_C1620.pdf,base,0,2026-07-24 06:07:31,FH (Guangdong Fenghua Advanced Tech),0603B471K500NT,0603,Multilayer Ceramic Capacitors MLCC - SMD/SMT,470pF 50V X7R ±10% 0603 Multilayer Ceramic Capacitors MLCC - SMD/SMT ROHS,470pF ±10% 50V,0.0189,1626430,1,Capacitors,2026-06-07 09:28:36,20,0.378
C1622,1974-CL10B473KB8NNNC/C1622,https://www.lcsc.com/datasheet/lcsc_datasheet_2304140030_Samsung-Electro-Mechanics-CL10B473KB8NNNC_C1622.pdf,base,0,2026-07-24 06:07:31,Samsung Electro-Mechanics,CL10B473KB8NNNC,0603,Multilayer Ceramic Capacitors MLCC - SMD/SMT,47nF 50V X7R ±10% 0603 Multilayer Ceramic Capacitors MLCC - SMD/SMT ROHS,47nF ±10% 50V,0.0086,1305367,1,Capacitors,2026-06-07 09:28:36,20,0.172
C1623,1975-CL10B474KA8NNNC/C1623,https://www.lcsc.com/datasheet/lcsc_datasheet_2304140030_Samsung-Electro-Mechanics-CL10B474KA8NNNC_C1623.pdf,base,0,2026-07-24 06:07:31,Samsung Electro-Mechanics,CL10B474KA8NNNC,0603,Multilayer Ceramic Capacitors MLCC - SMD/SMT,25V 470nF X7R ±10% 0603 Multilayer Ceramic Capacitors MLCC - SMD/SMT ROHS,470nF ±10% 25V,0.0308,1755654,1,Capacitors,2026-06-07 09:28:36,20,0.616
C1630,1982-0603B681K500NT/C1630,https://www.lcsc.com/datasheet/lcsc_datasheet_2304140030_FH--Guangdong-Fenghua-Advanced-Tech-0603B681K500NT_C1630.pdf,expand,0,2026-07-24 06:07:31,FH (Guangdong Fenghua Advanced Tech),0603B681K500NT,0603,Multilayer Ceramic Capacitors MLCC - SMD/SMT,50V 680pF X7R ±10% 0603 Multilayer Ceramic Capacitors MLCC - SMD/SMT ROHS,680pF ±10% 50V,0.0135,172765,1,Capacitors,2026-06-07 09:28:36,20,0.27
C1631,1983-0603B682K500NT/C1631,https://www.lcsc.com/datasheet/lcsc_datasheet_2304140030_FH--Guangdong-Fenghua-Advanced-Tech-0603B682K500NT_C1631.pdf,base,0,2026-07-24 06:07:31,FH (Guangdong Fenghua Advanced Tech),0603B682K500NT,0603,Multilayer Ceramic Capacitors MLCC - SMD/SMT,50V 6.8nF X7R ±10% 0603 Multilayer Ceramic Capacitors MLCC - SMD/SMT ROHS,6.8nF ±10% 50V,0.0161,321155,1,Capacitors,2026-06-07 09:28:36,20,0.322
C1634,1986-CL10C100JB8NNNC/C1634,https://www.lcsc.com/datasheet/lcsc_datasheet_2304140030_Samsung-Electro-Mechanics-CL10C100JB8NNNC_C1634.pdf,base,0,2026-07-24 06:07:31,Samsung Electro-Mechanics,CL10C100JB8NNNC,0603,Multilayer Ceramic Capacitors MLCC - SMD/SMT,10pF 50V C0G ±5% 0603 Multilayer Ceramic Capacitors MLCC - SMD/SMT ROHS,10pF ±5% 50V,0.0106,1829765,1,Capacitors,2026-06-07 09:28:36,20,0.212
C1644,1996-CL10C150JB8NNNC/C1644,https://www.lcsc.com/datasheet/lcsc_datasheet_2304140030_Samsung-Electro-Mechanics-CL10C150JB8NNNC_C1644.pdf,base,0,2026-07-24 06:07:31,Samsung Electro-Mechanics,CL10C150JB8NNNC,0603,Multilayer Ceramic Capacitors MLCC - SMD/SMT,15pF 50V C0G ±5% 0603 Multilayer Ceramic Capacitors MLCC - SMD/SMT ROHS,15pF ±5% 50V,0.0186,1243320,1,Capacitors,2026-06-07 09:28:36,20,0.372
C1647,1999-CL10C180JB8NNNC/C1647,https://www.lcsc.com/datasheet/lcsc_datasheet_2304140030_Samsung-Electro-Mechanics-CL10C180JB8NNNC_C1647.pdf,base,0,2026-07-24 06:07:31,Samsung Electro-Mechanics,CL10C180JB8NNNC,0603,Multilayer Ceramic Capacitors MLCC - SMD/SMT,18pF 50V C0G ±5% 0603 Multilayer Ceramic Capacitors MLCC - SMD/SMT ROHS,18pF ±5% 50V,0.0126,447041,1,Capacitors,2026-06-07 09:28:36,20,0.252
C1648,2000-CL10C200JB8NNNC/C1648,https://www.lcsc.com/datasheet/lcsc_datasheet_2304140030_Samsung-Electro-Mechanics-CL10C200JB8NNNC_C1648.pdf,base,0,2026-07-24 06:07:31,Samsung Electro-Mechanics,CL10C200JB8NNNC,0603,Multilayer Ceramic Capacitors MLCC - SMD/SMT,20pF 50V C0G ±5% 0603 Multilayer Ceramic Capacitors MLCC - SMD/SMT ROHS,20pF ±5% 50V,0.0106,2513986,1,Capacitors,2026-06-07 09:28:36,20,0.212
C1653,2005-CL10C220JB8NNNC/C1653,https://www.lcsc.com/datasheet/lcsc_datasheet_2304140030_Samsung-Electro-Mechanics-CL10C220JB8NNNC_C1653.pdf,base,0,2026-07-24 06:07:31,Samsung Electro-Mechanics,CL10C220JB8NNNC,0603,Multilayer Ceramic Capacitors MLCC - SMD/SMT,22pF 50V C0G ±5% 0603 Multilayer Ceramic Capacitors MLCC - SMD/SMT ROHS,22pF ±5% 50V,0.0081,3512199,1,Capacitors,2026-06-07 09:28:36,20,0.162
C1658,2010-0603CG300J500NT/C1658,https://www.lcsc.com/datasheet/lcsc_datasheet_2304140030_FH--Guangdong-Fenghua-Advanced-Tech-0603CG300J500NT_C1658.pdf,base,0,2026-07-24 06:07:31,FH (Guangdong Fenghua Advanced Tech),0603CG300J500NT,0603,Multilayer Ceramic Capacitors MLCC - SMD/SMT,30pF 50V C0G ±5% 0603 Multilayer Ceramic Capacitors MLCC - SMD/SMT ROHS,30pF ±5% 50V,0.0173,598424,1,Capacitors,2026-06-07 09:28:36,20,0.346
C16581,17264-TP4056_42ESOP8/C16581,https://www.lcsc.com/datasheet/lcsc_datasheet_1809261820_TOPPOWER-Nanjing-Extension-Microelectronics-TP4056-42-ESOP8_C16581.pdf,expand,0,2026-07-24 06:07:31,TOPPOWER(Nanjing Extension Microelectronics),TP4056-42-ESOP8,ESOP-8,Battery Management,-40℃~+85℃ 1 1A 2uA 4.2V 4V~8V Charging IC Lithium Battery Support ESOP-8 Battery Management ROHS,1A线性锂离子电池充电器,0.1863,91068,1,Power Management (PMIC),2026-06-07 09:28:36,1,0.1863
C1663,2015-CL10C330JB8NNNC/C1663,https://www.lcsc.com/datasheet/lcsc_datasheet_2304140030_Samsung-Electro-Mechanics-CL10C330JB8NNNC_C1663.pdf,base,0,2026-07-24 06:07:31,Samsung Electro-Mechanics,CL10C330JB8NNNC,0603,Multilayer Ceramic Capacitors MLCC - SMD/SMT,33pF 50V C0G ±5% 0603 Multilayer Ceramic Capacitors MLCC - SMD/SMT ROHS,33pF ±5% 50V,0.009,1325862,1,Capacitors,2026-06-07 09:28:36,20,0.18
C1664,2016-CL10C331JB8NNNC/C1664,https://www.lcsc.com/datasheet/lcsc_datasheet_2304140030_Samsung-Electro-Mechanics-CL10C331JB8NNNC_C1664.pdf,base,0,2026-07-24 06:07:31,Samsung Electro-Mechanics,CL10C331JB8NNNC,0603,Multilayer Ceramic Capacitors MLCC - SMD/SMT,330pF 50V C0G ±5% 0603 Multilayer Ceramic Capacitors MLCC - SMD/SMT ROHS,330pF ±5% 50V,0.0121,930105,1,Capacitors,2026-06-07 09:28:36,20,0.242
C1669,2021-0603CG4R7C500NT/C1669,https://www.lcsc.com/datasheet/lcsc_datasheet_2304140030_FH--Guangdong-Fenghua-Advanced-Tech-0603CG4R7C500NT_C1669.pdf,expand,0,2026-07-24 06:07:31,FH (Guangdong Fenghua Advanced Tech),0603CG4R7C500NT,0603,Multilayer Ceramic Capacitors MLCC - SMD/SMT,4.7pF 50V C0G 0603 Multilayer Ceramic Capacitors MLCC - SMD/SMT ROHS,±0.25pF 4.7pF 50V,0.0071,269077,1,Capacitors,2026-06-07 09:28:36,20,0.142
C1671,2023-CL10C470JB8NNNC/C1671,https://www.lcsc.com/datasheet/lcsc_datasheet_2304140030_Samsung-Electro-Mechanics-CL10C470JB8NNNC_C1671.pdf,base,0,2026-07-24 06:07:31,Samsung Electro-Mechanics,CL10C470JB8NNNC,0603,Multilayer Ceramic Capacitors MLCC - SMD/SMT,47pF 50V C0G ±5% 0603 Multilayer Ceramic Capacitors MLCC - SMD/SMT ROHS,47pF ±5% 50V,0.0155,979399,1,Capacitors,2026-06-07 09:28:36,20,0.31
C16772,17456-CL05B224KO5NNNC/C16772,https://www.lcsc.com/datasheet/lcsc_datasheet_2304140030_Samsung-Electro-Mechanics-CL05B224KO5NNNC_C16772.pdf,base,0,2026-07-24 06:07:31,Samsung Electro-Mechanics,CL05B224KO5NNNC,0402,Multilayer Ceramic Capacitors MLCC - SMD/SMT,16V 220nF X7R ±10% 0402 Multilayer Ceramic Capacitors MLCC - SMD/SMT ROHS,220nF ±10% 16V,0.0071,1010879,1,Capacitors,2026-06-07 09:28:36,20,0.142
C16780,17464-CL21A476MQYNNNE/C16780,https://www.lcsc.com/datasheet/lcsc_datasheet_2304140030_Samsung-Electro-Mechanics-CL21A476MQYNNNE_C16780.pdf,base,0,2026-07-24 06:07:31,Samsung Electro-Mechanics,CL21A476MQYNNNE,0805,Multilayer Ceramic Capacitors MLCC - SMD/SMT,47uF 6.3V X5R ±20% 0805 Multilayer Ceramic Capacitors MLCC - SMD/SMT ROHS,47uF ±20% 6.3V,0.2004,1510122,1,Capacitors,2026-06-07 09:28:36,7,1.4028
C1679,2031-0603CG6R8C500NT/C1679,https://www.lcsc.com/datasheet/lcsc_datasheet_2304140030_FH--Guangdong-Fenghua-Advanced-Tech-0603CG6R8C500NT_C1679.pdf,expand,0,2026-07-24 06:07:31,FH (Guangdong Fenghua Advanced Tech),0603CG6R8C500NT,0603,Multilayer Ceramic Capacitors MLCC - SMD/SMT,50V 6.8pF C0G 0603 Multilayer Ceramic Capacitors MLCC - SMD/SMT ROHS,±0.25pF 6.8pF 50V,0.0051,444446,1,Capacitors,2026-06-07 09:28:36,20,0.096
C1685,2037-0603CG8R2C500NT/C1685,https://www.lcsc.com/datasheet/lcsc_datasheet_2304140030_FH--Guangdong-Fenghua-Advanced-Tech-0603CG8R2C500NT_C1685.pdf,expand,0,2026-07-24 06:07:31,FH (Guangdong Fenghua Advanced Tech),0603CG8R2C500NT,0603,Multilayer Ceramic Capacitors MLCC - SMD/SMT,50V 8.2pF C0G 0603 Multilayer Ceramic Capacitors MLCC - SMD/SMT ROHS,±0.25pF 8.2pF 50V,0.0109,87273,1,Capacitors,2026-06-07 09:28:36,20,0.218
C1710,2062-CL21B103KBANNNC/C1710,https://www.lcsc.com/datasheet/lcsc_datasheet_2304140030_Samsung-Electro-Mechanics-CL21B103KBANNNC_C1710.pdf,base,0,2026-07-24 06:07:31,Samsung Electro-Mechanics,CL21B103KBANNNC,0805,Multilayer Ceramic Capacitors MLCC - SMD/SMT,10nF 50V X7R ±10% 0805 Multilayer Ceramic Capacitors MLCC - SMD/SMT ROHS,10nF ±10% 50V,0.0189,2073422,1,Capacitors,2026-06-07 09:28:36,20,0.378
C1716,2068-0805B151K500NT/C1716,https://www.lcsc.com/datasheet/lcsc_datasheet_2304140030_FH--Guangdong-Fenghua-Advanced-Tech-0805B151K500NT_C1716.pdf,expand,0,2026-07-24 06:07:31,FH (Guangdong Fenghua Advanced Tech),0805B151K500NT,0805,Multilayer Ceramic Capacitors MLCC - SMD/SMT,150pF 50V X7R ±10% 0805 Multilayer Ceramic Capacitors MLCC - SMD/SMT ROHS,150pF ±10% 50V,0.0326,104796,1,Capacitors,2026-06-07 09:28:36,20,0.652
C17168,17853-0402WGF0000TCE/C17168,https://www.lcsc.com/datasheet/lcsc_datasheet_2206010216_UNI-ROYAL-Uniroyal-Elec-0402WGF0000TCE_C17168.pdf,base,0,2026-07-24 06:07:31,UNI-ROYAL(Uniroyal Elec),0402WGF0000TCE,0402,Chip Resistor - Surface Mount,-55℃~+155℃ 0Ω 50V 62.5mW Thick Film Resistor ±1% ±800ppm/℃ 0402 Chip Resistor - Surface Mount ROHS,0Ω ±1% 62.5mW 厚膜电阻,0.0011,970263,8142,Resistors,2026-06-07 09:28:36,8152,8.9672
C1717,2069-0805B152K500NT/C1717,https://www.lcsc.com/datasheet/lcsc_datasheet_2304140030_FH--Guangdong-Fenghua-Advanced-Tech-0805B152K500NT_C1717.pdf,expand,0,2026-07-24 06:07:31,FH (Guangdong Fenghua Advanced Tech),0805B152K500NT,0805,Multilayer Ceramic Capacitors MLCC - SMD/SMT,1.5nF 50V X7R ±10% 0805 Multilayer Ceramic Capacitors MLCC - SMD/SMT ROHS,1.5nF ±10% 50V,0.0186,106076,1,Capacitors,2026-06-07 09:28:36,20,0.372
C17179589,hongjiacheng-MMBD4148CC/C17179589,https://wmsc.lcsc.com/wmsc/upload/file/pdf/v2/lcsc/2309121402_hongjiacheng-MMBD4148CC_C17179589.pdf,expand,0,2026-07-24 06:07:31,hongjiacheng,MMBD4148CC,SOT-23,Switching Diodes,-55℃~+150℃ 1 Pair Common Cathode 100V 1V@10mA 200mA 350mW 4ns 5uA SOT-23 Switching Diodes ROHS,MMBD4148CC,0.0171,464,1,Diodes,2026-06-07 09:28:36,10,0.171
C17179590,hongjiacheng-MMBD4148SE/C17179590,https://wmsc.lcsc.com/wmsc/upload/file/pdf/v2/lcsc/2402060455_hongjiacheng-MMBD4148SE_C17179590.pdf,expand,0,2026-07-24 06:07:31,hongjiacheng,MMBD4148SE,SOT-23,Switching Diodes,-55℃~+150℃ 1 Pair Series Connection 100V 1V@10mA 200mA 2A 350mW 4ns 5uA SOT-23 Switching Diodes ROHS,MMBD4148SE,0.0153,171844,1,Diodes,2026-06-07 09:28:36,10,0.153
C1729,2081-CL21B223KBANNNC/C1729,https://www.lcsc.com/datasheet/lcsc_datasheet_2304140030_Samsung-Electro-Mechanics-CL21B223KBANNNC_C1729.pdf,base,0,2026-07-24 06:07:31,Samsung Electro-Mechanics,CL21B223KBANNNC,0805,Multilayer Ceramic Capacitors MLCC - SMD/SMT,22nF 50V X7R ±10% 0805 Multilayer Ceramic Capacitors MLCC - SMD/SMT ROHS,22nF ±10% 50V,0.0097,301749,1,Capacitors,2026-06-07 09:28:36,20,0.194
C17379,18067-0805W8F1201T5E/C17379,https://www.lcsc.com/datasheet/lcsc_datasheet_2206010216_UNI-ROYAL-Uniroyal-Elec-0805W8F1201T5E_C17379.pdf,base,0,2026-07-24 06:07:31,UNI-ROYAL(Uniroyal Elec),0805W8F1201T5E,0805,Chip Resistor - Surface Mount,-55℃~+155℃ 1.2kΩ 125mW 150V Thick Film Resistor ±1% ±100ppm/℃ 0805 Chip Resistor - Surface Mount ROHS,1.2kΩ ±1% 125mW 厚膜电阻,0.0042,412488,1,Resistors,2026-06-07 09:28:36,20,0.084
C1739,2091-0805B333K500NT/C1739,https://www.lcsc.com/datasheet/lcsc_datasheet_2304140030_FH--Guangdong-Fenghua-Advanced-Tech-0805B333K500NT_C1739.pdf,base,0,2026-07-24 06:07:31,FH (Guangdong Fenghua Advanced Tech),0805B333K500NT,0805,Multilayer Ceramic Capacitors MLCC - SMD/SMT,33nF 50V X7R ±10% 0805 Multilayer Ceramic Capacitors MLCC - SMD/SMT ROHS,33nF ±10% 50V,0.0261,220184,1,Capacitors,2026-06-07 09:28:36,20,0.522
C17398,18086-0805W8F1801T5E/C17398,https://www.lcsc.com/datasheet/lcsc_datasheet_2206010216_UNI-ROYAL-Uniroyal-Elec-0805W8F1801T5E_C17398.pdf,expand,0,2026-07-24 06:07:31,UNI-ROYAL(Uniroyal Elec),0805W8F1801T5E,0805,Chip Resistor - Surface Mount,-55℃~+155℃ 1.8kΩ 125mW 150V Thick Film Resistor ±1% ±100ppm/℃ 0805 Chip Resistor - Surface Mount ROHS,1.8kΩ ±1% 125mW 厚膜电阻,0.004,21918,2239,Resistors,2026-06-07 09:28:36,2249,8.996
C1740,2092-0805B334K500NT/C1740,https://www.lcsc.com/datasheet/lcsc_datasheet_2304140030_FH--Guangdong-Fenghua-Advanced-Tech-0805B334K500NT_C1740.pdf,expand,0,2026-07-24 06:07:31,FH (Guangdong Fenghua Advanced Tech),0805B334K500NT,0805,Multilayer Ceramic Capacitors MLCC - SMD/SMT,330nF 50V X7R ±10% 0805 Multilayer Ceramic Capacitors MLCC - SMD/SMT ROHS,330nF ±10% 50V,0.0329,12,273,Capacitors,2026-06-07 09:28:36,283,9.3107
C17408,18096-0805W8F1000T5E/C17408,https://www.lcsc.com/datasheet/lcsc_datasheet_2411221126_UNI-ROYAL-Uniroyal-Elec-0805W8F1000T5E_C17408.pdf,base,0,2026-07-24 06:07:31,UNI-ROYAL(Uniroyal Elec),0805W8F1000T5E,0805,Chip Resistor - Surface Mount,-55℃~+155℃ 100Ω 125mW 150V Thick Film Resistor ±1% ±100ppm/℃ 0805 Chip Resistor - Surface Mount ROHS,100Ω ±1% 125mW 厚膜电阻,0.0103,8316548,1,Resistors,2026-06-07 09:28:36,20,0.206
C17414,18102-0805W8F1002T5E/C17414,https://www.lcsc.com/datasheet/lcsc_datasheet_2411221126_UNI-ROYAL-Uniroyal-Elec-0805W8F1002T5E_C17414.pdf,base,0,2026-07-24 06:07:31,UNI-ROYAL(Uniroyal Elec),0805W8F1002T5E,0805,Chip Resistor - Surface Mount,-55℃~+155℃ 10kΩ 125mW 150V Thick Film Resistor ±1% ±100ppm/℃ 0805 Chip Resistor - Surface Mount ROHS,10kΩ ±1% 125mW 厚膜电阻,0.0051,15525534,1,Resistors,2026-06-07 09:28:36,20,0.102
C17415,18103-0805W8F100JT5E/C17415,https://www.lcsc.com/datasheet/lcsc_datasheet_2206010216_UNI-ROYAL-Uniroyal-Elec-0805W8F100JT5E_C17415.pdf,base,0,2026-07-24 06:07:31,UNI-ROYAL(Uniroyal Elec),0805W8F100JT5E,0805,Chip Resistor - Surface Mount,-55℃~+155℃ 10Ω 125mW 150V Thick Film Resistor ±1% ±200ppm/℃ 0805 Chip Resistor - Surface Mount ROHS,10Ω ±1% 125mW 厚膜电阻,0.0039,1754591,1,Resistors,2026-06-07 09:28:36,20,0.078
C17429,18117-0805W8F1102T5E/C17429,https://www.lcsc.com/datasheet/lcsc_datasheet_2206010216_UNI-ROYAL-Uniroyal-Elec-0805W8F1102T5E_C17429.pdf,expand,0,2026-07-24 06:07:31,UNI-ROYAL(Uniroyal Elec),0805W8F1102T5E,0805,Chip Resistor - Surface Mount,-55℃~+155℃ 11kΩ 125mW 150V Thick Film Resistor ±1% ±100ppm/℃ 0805 Chip Resistor - Surface Mount ROHS,11kΩ ±1% 125mW 厚膜电阻,0.0043,101538,1,Resistors,2026-06-07 09:28:36,20,0.086
C1743,2095-0805B471K500NT/C1743,https://www.lcsc.com/datasheet/lcsc_datasheet_2304140030_FH--Guangdong-Fenghua-Advanced-Tech-0805B471K500NT_C1743.pdf,base,0,2026-07-24 06:07:31,FH (Guangdong Fenghua Advanced Tech),0805B471K500NT,0805,Multilayer Ceramic Capacitors MLCC - SMD/SMT,470pF 50V X7R ±10% 0805 Multilayer Ceramic Capacitors MLCC - SMD/SMT ROHS,470pF ±10% 50V,0.0221,606790,1,Capacitors,2026-06-07 09:28:36,20,0.442
C17436,18124-0805W8F1203T5E/C17436,https://www.lcsc.com/datasheet/lcsc_datasheet_2206010216_UNI-ROYAL-Uniroyal-Elec-0805W8F1203T5E_C17436.pdf,expand,0,2026-07-24 06:07:31,UNI-ROYAL(Uniroyal Elec),0805W8F1203T5E,0805,Chip Resistor - Surface Mount,-55℃~+155℃ 120kΩ 125mW 150V Thick Film Resistor ±1% ±100ppm/℃ 0805 Chip Resistor - Surface Mount ROHS,120kΩ ±1% 125mW 厚膜电阻,0.0075,216953,1,Resistors,2026-06-07 09:28:36,20,0.15
C17437,18125-0805W8F1200T5E/C17437,https://www.lcsc.com/datasheet/lcsc_datasheet_2206010216_UNI-ROYAL-Uniroyal-Elec-0805W8F1200T5E_C17437.pdf,base,0,2026-07-24 06:07:31,UNI-ROYAL(Uniroyal Elec),0805W8F1200T5E,0805,Chip Resistor - Surface Mount,-55℃~+155℃ 120Ω 125mW 150V Thick Film Resistor ±1% ±100ppm/℃ 0805 Chip Resistor - Surface Mount ROHS,120Ω ±1% 125mW 厚膜电阻,0.016,1568537,1,Resistors,2026-06-07 09:28:36,20,0.32
C1744,2096-0805B472K500NT/C1744,https://www.lcsc.com/datasheet/lcsc_datasheet_2304140030_FH--Guangdong-Fenghua-Advanced-Tech-0805B472K500NT_C1744.pdf,base,0,2026-07-24 06:07:31,FH (Guangdong Fenghua Advanced Tech),0805B472K500NT,0805,Multilayer Ceramic Capacitors MLCC - SMD/SMT,4.7nF 50V X7R ±10% 0805 Multilayer Ceramic Capacitors MLCC - SMD/SMT ROHS,4.7nF ±10% 50V,0.0239,667548,1,Capacitors,2026-06-07 09:28:36,20,0.478
C17444,18132-0805W8F1202T5E/C17444,https://www.lcsc.com/datasheet/lcsc_datasheet_2206010216_UNI-ROYAL-Uniroyal-Elec-0805W8F1202T5E_C17444.pdf,base,0,2026-07-24 06:07:31,UNI-ROYAL(Uniroyal Elec),0805W8F1202T5E,0805,Chip Resistor - Surface Mount,-55℃~+155℃ 125mW 12kΩ 150V Thick Film Resistor ±1% ±100ppm/℃ 0805 Chip Resistor - Surface Mount ROHS,12kΩ ±1% 125mW 厚膜电阻,0.0041,834305,1,Resistors,2026-06-07 09:28:36,20,0.082
C17455,18143-0805W8F1302T5E/C17455,https://www.lcsc.com/datasheet/lcsc_datasheet_2206010216_UNI-ROYAL-Uniroyal-Elec-0805W8F1302T5E_C17455.pdf,expand,0,2026-07-24 06:07:31,UNI-ROYAL(Uniroyal Elec),0805W8F1302T5E,0805,Chip Resistor - Surface Mount,-55℃~+155℃ 125mW 13kΩ 150V Thick Film Resistor ±1% ±100ppm/℃ 0805 Chip Resistor - Surface Mount ROHS,13kΩ ±1% 125mW 厚膜电阻,0.0179,200120,1,Resistors,2026-06-07 09:28:36,20,0.358
C17470,18158-0805W8F1503T5E/C17470,https://www.lcsc.com/datasheet/lcsc_datasheet_2206010216_UNI-ROYAL-Uniroyal-Elec-0805W8F1503T5E_C17470.pdf,base,0,2026-07-24 06:07:31,UNI-ROYAL(Uniroyal Elec),0805W8F1503T5E,0805,Chip Resistor - Surface Mount,-55℃~+155℃ 125mW 150V 150kΩ Thick Film Resistor ±1% ±100ppm/℃ 0805 Chip Resistor - Surface Mount ROHS,150kΩ ±1% 125mW 厚膜电阻,0.0129,300758,1,Resistors,2026-06-07 09:28:36,20,0.258
C17471,18159-0805W8F1500T5E/C17471,https://www.lcsc.com/datasheet/lcsc_datasheet_2206010216_UNI-ROYAL-Uniroyal-Elec-0805W8F1500T5E_C17471.pdf,base,0,2026-07-24 06:07:31,UNI-ROYAL(Uniroyal Elec),0805W8F1500T5E,0805,Chip Resistor - Surface Mount,-55℃~+155℃ 125mW 150V 150Ω Thick Film Resistor ±1% ±100ppm/℃ 0805 Chip Resistor - Surface Mount ROHS,150Ω ±1% 125mW 厚膜电阻,0.0105,938350,1,Resistors,2026-06-07 09:28:36,20,0.21
C17475,18163-0805W8F1502T5E/C17475,https://www.lcsc.com/datasheet/lcsc_datasheet_2206010216_UNI-ROYAL-Uniroyal-Elec-0805W8F1502T5E_C17475.pdf,base,0,2026-07-24 06:07:31,UNI-ROYAL(Uniroyal Elec),0805W8F1502T5E,0805,Chip Resistor - Surface Mount,-55℃~+155℃ 125mW 150V 15kΩ Thick Film Resistor ±1% ±100ppm/℃ 0805 Chip Resistor - Surface Mount ROHS,15kΩ ±1% 125mW 厚膜电阻,0.013,1218388,1,Resistors,2026-06-07 09:28:36,20,0.26
C17477,18165-0805W8F0000T5E/C17477,https://www.lcsc.com/datasheet/lcsc_datasheet_2206010216_UNI-ROYAL-Uniroyal-Elec-0805W8F0000T5E_C17477.pdf,base,0,2026-07-24 06:07:31,UNI-ROYAL(Uniroyal Elec),0805W8F0000T5E,0805,Chip Resistor - Surface Mount,-55℃~+155℃ 0Ω 125mW 150V Thick Film Resistor ±1% ±800ppm/℃ 0805 Chip Resistor - Surface Mount ROHS,0Ω ±1% 125mW 厚膜电阻,0.01,8577453,1,Resistors,2026-06-07 09:28:36,20,0.2
C17480,18168-0805W8F150JT5E/C17480,https://www.lcsc.com/datasheet/lcsc_datasheet_2206010216_UNI-ROYAL-Uniroyal-Elec-0805W8F150JT5E_C17480.pdf,expand,0,2026-07-24 06:07:31,UNI-ROYAL(Uniroyal Elec),0805W8F150JT5E,0805,Chip Resistor - Surface Mount,-55℃~+155℃ 125mW 150V 15Ω Thick Film Resistor ±1% ±100ppm/℃ 0805 Chip Resistor - Surface Mount ROHS,15Ω ±1% 125mW 厚膜电阻,0.0051,285844,1,Resistors,2026-06-07 09:28:36,20,0.102
C17490,18178-0805W8F1602T5E/C17490,https://www.lcsc.com/datasheet/lcsc_datasheet_2206010216_UNI-ROYAL-Uniroyal-Elec-0805W8F1602T5E_C17490.pdf,expand,0,2026-07-24 06:07:31,UNI-ROYAL(Uniroyal Elec),0805W8F1602T5E,0805,Chip Resistor - Surface Mount,-55℃~+155℃ 125mW 150V 16kΩ Thick Film Resistor ±1% ±100ppm/℃ 0805 Chip Resistor - Surface Mount ROHS,16kΩ ±1% 125mW 厚膜电阻,0.0139,303478,1,Resistors,2026-06-07 09:28:36,20,0.278
C17501,18189-0805W8F1803T5E/C17501,https://www.lcsc.com/datasheet/lcsc_datasheet_2206010216_UNI-ROYAL-Uniroyal-Elec-0805W8F1803T5E_C17501.pdf,expand,0,2026-07-24 06:07:31,UNI-ROYAL(Uniroyal Elec),0805W8F1803T5E,0805,Chip Resistor - Surface Mount,-55℃~+155℃ 125mW 150V 180kΩ Thick Film Resistor ±1% ±100ppm/℃ 0805 Chip Resistor - Surface Mount ROHS,180kΩ ±1% 125mW 厚膜电阻,0.0074,176080,1,Resistors,2026-06-07 09:28:36,20,0.148
C17506,18194-0805W8F1802T5E/C17506,https://www.lcsc.com/datasheet/lcsc_datasheet_2206010216_UNI-ROYAL-Uniroyal-Elec-0805W8F1802T5E_C17506.pdf,expand,0,2026-07-24 06:07:31,UNI-ROYAL(Uniroyal Elec),0805W8F1802T5E,0805,Chip Resistor - Surface Mount,-55℃~+155℃ 125mW 150V 18kΩ Thick Film Resistor ±1% ±100ppm/℃ 0805 Chip Resistor - Surface Mount ROHS,18kΩ ±1% 125mW 厚膜电阻,0.0147,123492,1,Resistors,2026-06-07 09:28:36,20,0.294
C17513,18201-0805W8F1001T5E/C17513,https://www.lcsc.com/datasheet/lcsc_datasheet_2205311800_UNI-ROYAL-Uniroyal-Elec-0805W8F1001T5E_C17513.pdf,base,0,2026-07-24 06:07:31,UNI-ROYAL(Uniroyal Elec),0805W8F1001T5E,0805,Chip Resistor - Surface Mount,-55℃~+155℃ 125mW 150V 1kΩ Thick Film Resistor ±1% ±100ppm/℃ 0805 Chip Resistor - Surface Mount ROHS,1kΩ ±1% 125mW 厚膜电阻,0.0049,9215639,1,Resistors,2026-06-07 09:28:36,20,0.098
C17514,18202-0805W8F1004T5E/C17514,https://www.lcsc.com/datasheet/lcsc_datasheet_2206010200_UNI-ROYAL-Uniroyal-Elec-0805W8F1004T5E_C17514.pdf,base,0,2026-07-24 06:07:31,UNI-ROYAL(Uniroyal Elec),0805W8F1004T5E,0805,Chip Resistor - Surface Mount,-55℃~+155℃ 125mW 150V 1MΩ Thick Film Resistor ±1% ±100ppm/℃ 0805 Chip Resistor - Surface Mount ROHS,1MΩ ±1% 125mW 厚膜电阻,0.0063,2849729,1,Resistors,2026-06-07 09:28:36,20,0.126
C17520,18208-0805W8F2201T5E/C17520,https://www.lcsc.com/datasheet/lcsc_datasheet_2206010200_UNI-ROYAL-Uniroyal-Elec-0805W8F2201T5E_C17520.pdf,base,0,2026-07-24 06:07:31,UNI-ROYAL(Uniroyal Elec),0805W8F2201T5E,0805,Chip Resistor - Surface Mount,-55℃~+155℃ 125mW 150V 2.2kΩ Thick Film Resistor ±1% ±100ppm/℃ 0805 Chip Resistor - Surface Mount ROHS,2.2kΩ ±1% 125mW 厚膜电阻,0.0042,769345,1,Resistors,2026-06-07 09:28:36,20,0.084
C17521,18209-0805W8F220KT5E/C17521,https://www.lcsc.com/datasheet/lcsc_datasheet_2206010200_UNI-ROYAL-Uniroyal-Elec-0805W8F220KT5E_C17521.pdf,base,0,2026-07-24 06:07:31,UNI-ROYAL(Uniroyal Elec),0805W8F220KT5E,0805,Chip Resistor - Surface Mount,-55℃~+155℃ 125mW 150V 2.2Ω Thick Film Resistor ±1% ±200ppm/℃ 0805 Chip Resistor - Surface Mount ROHS,2.2Ω ±1% 125mW 厚膜电阻,0.008,445571,1,Resistors,2026-06-07 09:28:36,20,0.16
C17526,18214-0805W8F2401T5E/C17526,https://www.lcsc.com/datasheet/lcsc_datasheet_2206010200_UNI-ROYAL-Uniroyal-Elec-0805W8F2401T5E_C17526.pdf,base,0,2026-07-24 06:07:31,UNI-ROYAL(Uniroyal Elec),0805W8F2401T5E,0805,Chip Resistor - Surface Mount,-55℃~+155℃ 125mW 150V 2.4kΩ Thick Film Resistor ±1% ±100ppm/℃ 0805 Chip Resistor - Surface Mount ROHS,2.4kΩ ±1% 125mW 厚膜电阻,0.0036,449042,1,Resistors,2026-06-07 09:28:36,20,0.072
C17530,18218-0805W8F2701T5E/C17530,https://www.lcsc.com/datasheet/lcsc_datasheet_2206010200_UNI-ROYAL-Uniroyal-Elec-0805W8F2701T5E_C17530.pdf,base,0,2026-07-24 06:07:31,UNI-ROYAL(Uniroyal Elec),0805W8F2701T5E,0805,Chip Resistor - Surface Mount,-55℃~+155℃ 125mW 150V 2.7kΩ Thick Film Resistor ±1% ±100ppm/℃ 0805 Chip Resistor - Surface Mount ROHS,2.7kΩ ±1% 125mW 厚膜电阻,0.0119,2129284,1,Resistors,2026-06-07 09:28:36,20,0.238
C17539,18227-0805W8F2003T5E/C17539,https://www.lcsc.com/datasheet/lcsc_datasheet_2206010200_UNI-ROYAL-Uniroyal-Elec-0805W8F2003T5E_C17539.pdf,base,0,2026-07-24 06:07:31,UNI-ROYAL(Uniroyal Elec),0805W8F2003T5E,0805,Chip Resistor - Surface Mount,-55℃~+155℃ 125mW 150V 200kΩ Thick Film Resistor ±1% ±100ppm/℃ 0805 Chip Resistor - Surface Mount ROHS,200kΩ ±1% 125mW 厚膜电阻,0.013,1008549,1,Resistors,2026-06-07 09:28:36,20,0.26
C17540,18228-0805W8F2000T5E/C17540,https://www.lcsc.com/datasheet/lcsc_datasheet_2206010200_UNI-ROYAL-Uniroyal-Elec-0805W8F2000T5E_C17540.pdf,base,0,2026-07-24 06:07:31,UNI-ROYAL(Uniroyal Elec),0805W8F2000T5E,0805,Chip Resistor - Surface Mount,-55℃~+155℃ 125mW 150V 200Ω Thick Film Resistor ±1% ±100ppm/℃ 0805 Chip Resistor - Surface Mount ROHS,200Ω ±1% 125mW 厚膜电阻,0.0136,2032734,1,Resistors,2026-06-07 09:28:36,20,0.272
C17544,18232-0805W8F200JT5E/C17544,https://www.lcsc.com/datasheet/lcsc_datasheet_2206010200_UNI-ROYAL-Uniroyal-Elec-0805W8F200JT5E_C17544.pdf,base,0,2026-07-24 06:07:31,UNI-ROYAL(Uniroyal Elec),0805W8F200JT5E,0805,Chip Resistor - Surface Mount,-55℃~+155℃ 125mW 150V 20Ω Thick Film Resistor ±1% ±100ppm/℃ 0805 Chip Resistor - Surface Mount ROHS,20Ω ±1% 125mW 厚膜电阻,0.0086,2005498,1,Resistors,2026-06-07 09:28:36,20,0.172
C1755,2107-0805B682K500NT/C1755,https://www.lcsc.com/datasheet/lcsc_datasheet_2304140030_FH--Guangdong-Fenghua-Advanced-Tech-0805B682K500NT_C1755.pdf,expand,0,2026-07-24 06:07:31,FH (Guangdong Fenghua Advanced Tech),0805B682K500NT,0805,Multilayer Ceramic Capacitors MLCC - SMD/SMT,50V 6.8nF X7R ±10% 0805 Multilayer Ceramic Capacitors MLCC - SMD/SMT ROHS,6.8nF ±10% 50V,0.0138,57938,1,Capacitors,2026-06-07 09:28:36,20,0.276
C17556,18244-0805W8F2203T5E/C17556,https://www.lcsc.com/datasheet/lcsc_datasheet_2206010200_UNI-ROYAL-Uniroyal-Elec-0805W8F2203T5E_C17556.pdf,base,0,2026-07-24 06:07:31,UNI-ROYAL(Uniroyal Elec),0805W8F2203T5E,0805,Chip Resistor - Surface Mount,-55℃~+155℃ 125mW 150V 220kΩ Thick Film Resistor ±1% ±100ppm/℃ 0805 Chip Resistor - Surface Mount ROHS,220kΩ ±1% 125mW 厚膜电阻,0.0106,593444,1,Resistors,2026-06-07 09:28:36,20,0.212
C17557,18245-0805W8F2200T5E/C17557,https://www.lcsc.com/datasheet/lcsc_datasheet_2206010200_UNI-ROYAL-Uniroyal-Elec-0805W8F2200T5E_C17557.pdf,base,0,2026-07-24 06:07:31,UNI-ROYAL(Uniroyal Elec),0805W8F2200T5E,0805,Chip Resistor - Surface Mount,-55℃~+155℃ 125mW 150V 220Ω Thick Film Resistor ±1% ±100ppm/℃ 0805 Chip Resistor - Surface Mount ROHS,220Ω ±1% 125mW 厚膜电阻,0.0084,1147382,1,Resistors,2026-06-07 09:28:36,20,0.168
C17560,18248-0805W8F2202T5E/C17560,https://www.lcsc.com/datasheet/lcsc_datasheet_2206010200_UNI-ROYAL-Uniroyal-Elec-0805W8F2202T5E_C17560.pdf,base,0,2026-07-24 06:07:31,UNI-ROYAL(Uniroyal Elec),0805W8F2202T5E,0805,Chip Resistor - Surface Mount,-55℃~+155℃ 125mW 150V 22kΩ Thick Film Resistor ±1% ±100ppm/℃ 0805 Chip Resistor - Surface Mount ROHS,22kΩ ±1% 125mW 厚膜电阻,0.0107,2356409,1,Resistors,2026-06-07 09:28:36,20,0.214
C17561,18249-0805W8F220JT5E/C17561,https://www.lcsc.com/datasheet/lcsc_datasheet_2206010200_UNI-ROYAL-Uniroyal-Elec-0805W8F220JT5E_C17561.pdf,base,0,2026-07-24 06:07:31,UNI-ROYAL(Uniroyal Elec),0805W8F220JT5E,0805,Chip Resistor - Surface Mount,-55℃~+155℃ 125mW 150V 22Ω Thick Film Resistor ±1% ±100ppm/℃ 0805 Chip Resistor - Surface Mount ROHS,22Ω ±1% 125mW 厚膜电阻,0.008,1619634,1,Resistors,2026-06-07 09:28:36,20,0.16
C17572,18260-0805W8F2400T5E/C17572,https://www.lcsc.com/datasheet/lcsc_datasheet_2206010200_UNI-ROYAL-Uniroyal-Elec-0805W8F2400T5E_C17572.pdf,expand,0,2026-07-24 06:07:31,UNI-ROYAL(Uniroyal Elec),0805W8F2400T5E,0805,Chip Resistor - Surface Mount,-55℃~+155℃ 125mW 150V 240Ω Thick Film Resistor ±1% ±100ppm/℃ 0805 Chip Resistor - Surface Mount ROHS,240Ω ±1% 125mW 厚膜电阻,0.016,300314,1,Resistors,2026-06-07 09:28:36,20,0.32
C17575,18263-0805W8F2402T5E/C17575,https://www.lcsc.com/datasheet/lcsc_datasheet_2206010200_UNI-ROYAL-Uniroyal-Elec-0805W8F2402T5E_C17575.pdf,base,0,2026-07-24 06:07:31,UNI-ROYAL(Uniroyal Elec),0805W8F2402T5E,0805,Chip Resistor - Surface Mount,-55℃~+155℃ 125mW 150V 24kΩ Thick Film Resistor ±1% ±100ppm/℃ 0805 Chip Resistor - Surface Mount ROHS,24kΩ ±1% 125mW 厚膜电阻,0.0072,699258,1,Resistors,2026-06-07 09:28:36,20,0.144
C17589,18277-0805W8F2703T5E/C17589,https://www.lcsc.com/datasheet/lcsc_datasheet_2206010200_UNI-ROYAL-Uniroyal-Elec-0805W8F2703T5E_C17589.pdf,expand,0,2026-07-24 06:07:31,UNI-ROYAL(Uniroyal Elec),0805W8F2703T5E,0805,Chip Resistor - Surface Mount,-55℃~+155℃ 125mW 150V 270kΩ Thick Film Resistor ±1% ±100ppm/℃ 0805 Chip Resistor - Surface Mount ROHS,270kΩ ±1% 125mW 厚膜电阻,0.012,217080,1,Resistors,2026-06-07 09:28:36,20,0.24
C17590,18278-0805W8F2700T5E/C17590,https://www.lcsc.com/datasheet/lcsc_datasheet_2206010200_UNI-ROYAL-Uniroyal-Elec-0805W8F2700T5E_C17590.pdf,expand,0,2026-07-24 06:07:31,UNI-ROYAL(Uniroyal Elec),0805W8F2700T5E,0805,Chip Resistor - Surface Mount,-55℃~+155℃ 125mW 150V 270Ω Thick Film Resistor ±1% ±100ppm/℃ 0805 Chip Resistor - Surface Mount ROHS,270Ω ±1% 125mW 厚膜电阻,0.015,629566,1,Resistors,2026-06-07 09:28:36,20,0.3
C17593,18281-0805W8F2702T5E/C17593,https://www.lcsc.com/datasheet/lcsc_datasheet_2206010200_UNI-ROYAL-Uniroyal-Elec-0805W8F2702T5E_C17593.pdf,base,0,2026-07-24 06:07:31,UNI-ROYAL(Uniroyal Elec),0805W8F2702T5E,0805,Chip Resistor - Surface Mount,-55℃~+155℃ 125mW 150V 27kΩ Thick Film Resistor ±1% ±100ppm/℃ 0805 Chip Resistor - Surface Mount ROHS,27kΩ ±1% 125mW 厚膜电阻,0.0044,443095,1,Resistors,2026-06-07 09:28:36,20,0.088
C17594,18282-0805W8F270JT5E/C17594,https://www.lcsc.com/datasheet/lcsc_datasheet_2206010200_UNI-ROYAL-Uniroyal-Elec-0805W8F270JT5E_C17594.pdf,expand,0,2026-07-24 06:07:31,UNI-ROYAL(Uniroyal Elec),0805W8F270JT5E,0805,Chip Resistor - Surface Mount,-55℃~+155℃ 125mW 150V 27Ω Thick Film Resistor ±1% ±100ppm/℃ 0805 Chip Resistor - Surface Mount ROHS,27Ω ±1% 125mW 厚膜电阻,0.007,176048,1,Resistors,2026-06-07 09:28:36,20,0.14
C17604,18292-0805W8F2001T5E/C17604,https://www.lcsc.com/datasheet/lcsc_datasheet_2206010200_UNI-ROYAL-Uniroyal-Elec-0805W8F2001T5E_C17604.pdf,base,0,2026-07-24 06:07:31,UNI-ROYAL(Uniroyal Elec),0805W8F2001T5E,0805,Chip Resistor - Surface Mount,-55℃~+155℃ 125mW 150V 2kΩ Thick Film Resistor ±1% ±100ppm/℃ 0805 Chip Resistor - Surface Mount ROHS,2kΩ ±1% 125mW 厚膜电阻,0.0112,5649018,1,Resistors,2026-06-07 09:28:36,20,0.224
C17606,18294-0805W8F200KT5E/C17606,https://www.lcsc.com/datasheet/lcsc_datasheet_2206010200_UNI-ROYAL-Uniroyal-Elec-0805W8F200KT5E_C17606.pdf,expand,0,2026-07-24 06:07:31,UNI-ROYAL(Uniroyal Elec),0805W8F200KT5E,0805,Chip Resistor - Surface Mount,-55℃~+155℃ 125mW 150V 2Ω Thick Film Resistor ±1% ±200ppm/℃ 0805 Chip Resistor - Surface Mount ROHS,2Ω ±1% 125mW 厚膜电阻,0.0055,2008,1629,Resistors,2026-06-07 09:28:36,1641,9.0255
C17614,18302-0805W8F3901T5E/C17614,https://www.lcsc.com/datasheet/lcsc_datasheet_2206010200_UNI-ROYAL-Uniroyal-Elec-0805W8F3901T5E_C17614.pdf,base,0,2026-07-24 06:07:31,UNI-ROYAL(Uniroyal Elec),0805W8F3901T5E,0805,Chip Resistor - Surface Mount,-55℃~+155℃ 125mW 150V 3.9kΩ Thick Film Resistor ±1% ±100ppm/℃ 0805 Chip Resistor - Surface Mount ROHS,3.9kΩ ±1% 125mW 厚膜电阻,0.005,507519,1,Resistors,2026-06-07 09:28:36,20,0.1
C17616,18304-0805W8F3003T5E/C17616,https://www.lcsc.com/datasheet/lcsc_datasheet_2206010200_UNI-ROYAL-Uniroyal-Elec-0805W8F3003T5E_C17616.pdf,expand,0,2026-07-24 06:07:31,UNI-ROYAL(Uniroyal Elec),0805W8F3003T5E,0805,Chip Resistor - Surface Mount,-55℃~+155℃ 125mW 150V 300kΩ Thick Film Resistor ±1% ±100ppm/℃ 0805 Chip Resistor - Surface Mount ROHS,300kΩ ±1% 125mW 厚膜电阻,0.0132,377117,1,Resistors,2026-06-07 09:28:36,20,0.264
C17617,18305-0805W8F3000T5E/C17617,https://www.lcsc.com/datasheet/lcsc_datasheet_2206010200_UNI-ROYAL-Uniroyal-Elec-0805W8F3000T5E_C17617.pdf,base,0,2026-07-24 06:07:31,UNI-ROYAL(Uniroyal Elec),0805W8F3000T5E,0805,Chip Resistor - Surface Mount,-55℃~+155℃ 125mW 150V 300Ω Thick Film Resistor ±1% ±100ppm/℃ 0805 Chip Resistor - Surface Mount ROHS,300Ω ±1% 125mW 厚膜电阻,0.0095,1259082,1,Resistors,2026-06-07 09:28:36,20,0.19
C17621,18309-0805W8F3002T5E/C17621,https://www.lcsc.com/datasheet/lcsc_datasheet_2205311830_UNI-ROYAL-Uniroyal-Elec-0805W8F3002T5E_C17621.pdf,base,0,2026-07-24 06:07:31,UNI-ROYAL(Uniroyal Elec),0805W8F3002T5E,0805,Chip Resistor - Surface Mount,-55℃~+155℃ 125mW 150V 30kΩ Thick Film Resistor ±1% ±100ppm/℃ 0805 Chip Resistor - Surface Mount ROHS,30kΩ ±1% 125mW 厚膜电阻,0.0079,1333377,1,Resistors,2026-06-07 09:28:36,20,0.158
C17629,18317-0805W8F3303T5E/C17629,https://www.lcsc.com/datasheet/lcsc_datasheet_2205311830_UNI-ROYAL-Uniroyal-Elec-0805W8F3303T5E_C17629.pdf,expand,0,2026-07-24 06:07:31,UNI-ROYAL(Uniroyal Elec),0805W8F3303T5E,0805,Chip Resistor - Surface Mount,-55℃~+155℃ 125mW 150V 330kΩ Thick Film Resistor ±1% ±100ppm/℃ 0805 Chip Resistor - Surface Mount ROHS,330kΩ ±1% 125mW 厚膜电阻,0.0054,289204,1,Resistors,2026-06-07 09:28:36,20,0.108
C17630,18318-0805W8F3300T5E/C17630,https://www.lcsc.com/datasheet/lcsc_datasheet_2205311830_UNI-ROYAL-Uniroyal-Elec-0805W8F3300T5E_C17630.pdf,base,0,2026-07-24 06:07:31,UNI-ROYAL(Uniroyal Elec),0805W8F3300T5E,0805,Chip Resistor - Surface Mount,-55℃~+155℃ 125mW 150V 330Ω Thick Film Resistor ±1% ±100ppm/℃ 0805 Chip Resistor - Surface Mount ROHS,330Ω ±1% 125mW 厚膜电阻,0.0093,3185606,1,Resistors,2026-06-07 09:28:36,20,0.186
C17633,18321-0805W8F3302T5E/C17633,https://www.lcsc.com/datasheet/lcsc_datasheet_2205311830_UNI-ROYAL-Uniroyal-Elec-0805W8F3302T5E_C17633.pdf,base,0,2026-07-24 06:07:31,UNI-ROYAL(Uniroyal Elec),0805W8F3302T5E,0805,Chip Resistor - Surface Mount,-55℃~+155℃ 125mW 150V 33kΩ Thick Film Resistor ±1% ±100ppm/℃ 0805 Chip Resistor - Surface Mount ROHS,33kΩ ±1% 125mW 厚膜电阻,0.0043,578601,1,Resistors,2026-06-07 09:28:36,20,0.086
C17634,18322-0805W8F330JT5E/C17634,https://www.lcsc.com/datasheet/lcsc_datasheet_2205311830_UNI-ROYAL-Uniroyal-Elec-0805W8F330JT5E_C17634.pdf,base,0,2026-07-24 06:07:31,UNI-ROYAL(Uniroyal Elec),0805W8F330JT5E,0805,Chip Resistor - Surface Mount,-55℃~+155℃ 125mW 150V 33Ω Thick Film Resistor ±1% ±200ppm/℃ 0805 Chip Resistor - Surface Mount ROHS,33Ω ±1% 125mW 厚膜电阻,0.0099,761890,1,Resistors,2026-06-07 09:28:36,20,0.198
C17655,18343-0805W8F3900T5E/C17655,https://www.lcsc.com/datasheet/lcsc_datasheet_2206010200_UNI-ROYAL-Uniroyal-Elec-0805W8F3900T5E_C17655.pdf,base,0,2026-07-24 06:07:31,UNI-ROYAL(Uniroyal Elec),0805W8F3900T5E,0805,Chip Resistor - Surface Mount,-55℃~+155℃ 125mW 150V 390Ω Thick Film Resistor ±1% ±100ppm/℃ 0805 Chip Resistor - Surface Mount ROHS,390Ω ±1% 125mW 厚膜电阻,0.0039,1938764,1,Resistors,2026-06-07 09:28:36,20,0.078
C17656,18344-0805W8F3903T5E/C17656,https://www.lcsc.com/datasheet/lcsc_datasheet_2206010200_UNI-ROYAL-Uniroyal-Elec-0805W8F3903T5E_C17656.pdf,expand,0,2026-07-24 06:07:31,UNI-ROYAL(Uniroyal Elec),0805W8F3903T5E,0805,Chip Resistor - Surface Mount,-55℃~+155℃ 125mW 150V 390kΩ Thick Film Resistor ±1% ±100ppm/℃ 0805 Chip Resistor - Surface Mount ROHS,390kΩ ±1% 125mW 厚膜电阻,0.0052,491219,1,Resistors,2026-06-07 09:28:36,20,0.104
C17661,18349-0805W8F3001T5E/C17661,https://www.lcsc.com/datasheet/lcsc_datasheet_2206010200_UNI-ROYAL-Uniroyal-Elec-0805W8F3001T5E_C17661.pdf,base,0,2026-07-24 06:07:31,UNI-ROYAL(Uniroyal Elec),0805W8F3001T5E,0805,Chip Resistor - Surface Mount,-55℃~+155℃ 125mW 150V 3kΩ Thick Film Resistor ±1% ±100ppm/℃ 0805 Chip Resistor - Surface Mount ROHS,3kΩ ±1% 125mW 厚膜电阻,0.0064,1692260,1,Resistors,2026-06-07 09:28:36,20,0.128
C17667,18355-0805W8F4301T5E/C17667,https://www.lcsc.com/datasheet/lcsc_datasheet_2206010200_UNI-ROYAL-Uniroyal-Elec-0805W8F4301T5E_C17667.pdf,expand,0,2026-07-24 06:07:31,UNI-ROYAL(Uniroyal Elec),0805W8F4301T5E,0805,Chip Resistor - Surface Mount,-55℃~+155℃ 125mW 150V 4.3kΩ Thick Film Resistor ±1% ±100ppm/℃ 0805 Chip Resistor - Surface Mount ROHS,4.3kΩ ±1% 125mW 厚膜电阻,0.017,297788,1,Resistors,2026-06-07 09:28:36,20,0.34
C17673,18361-0805W8F4701T5E/C17673,https://www.lcsc.com/datasheet/lcsc_datasheet_2206010200_UNI-ROYAL-Uniroyal-Elec-0805W8F4701T5E_C17673.pdf,base,0,2026-07-24 06:07:31,UNI-ROYAL(Uniroyal Elec),0805W8F4701T5E,0805,Chip Resistor - Surface Mount,-55℃~+155℃ 125mW 150V 4.7kΩ Thick Film Resistor ±1% ±100ppm/℃ 0805 Chip Resistor - Surface Mount ROHS,4.7kΩ ±1% 125mW 厚膜电阻,0.0109,7732767,1,Resistors,2026-06-07 09:28:36,20,0.218
C17675,18363-0805W8F470KT5E/C17675,https://www.lcsc.com/datasheet/lcsc_datasheet_2206010200_UNI-ROYAL-Uniroyal-Elec-0805W8F470KT5E_C17675.pdf,base,0,2026-07-24 06:07:31,UNI-ROYAL(Uniroyal Elec),0805W8F470KT5E,0805,Chip Resistor - Surface Mount,-55℃~+155℃ 125mW 150V 4.7Ω Thick Film Resistor ±1% ±200ppm/℃ 0805 Chip Resistor - Surface Mount ROHS,4.7Ω ±1% 125mW 厚膜电阻,0.0057,93057,1572,Resistors,2026-06-07 09:28:36,1582,9.0174
C17677,18365-0805W8F4991T5E/C17677,https://www.lcsc.com/datasheet/lcsc_datasheet_2206010200_UNI-ROYAL-Uniroyal-Elec-0805W8F4991T5E_C17677.pdf,expand,0,2026-07-24 06:07:31,UNI-ROYAL(Uniroyal Elec),0805W8F4991T5E,0805,Chip Resistor - Surface Mount,-55℃~+155℃ 125mW 150V 4.99kΩ Thick Film Resistor ±1% ±100ppm/℃ 0805 Chip Resistor - Surface Mount ROHS,4.99kΩ ±1% 125mW 厚膜电阻,0.0045,187781,1,Resistors,2026-06-07 09:28:36,20,0.09
C17695,18383-0805W8F4302T5E/C17695,https://www.lcsc.com/datasheet/lcsc_datasheet_2206010200_UNI-ROYAL-Uniroyal-Elec-0805W8F4302T5E_C17695.pdf,expand,0,2026-07-24 06:07:31,UNI-ROYAL(Uniroyal Elec),0805W8F4302T5E,0805,Chip Resistor - Surface Mount,-55℃~+155℃ 125mW 150V 43kΩ Thick Film Resistor ±1% ±100ppm/℃ 0805 Chip Resistor - Surface Mount ROHS,43kΩ ±1% 125mW 厚膜电阻,0.0051,122869,1,Resistors,2026-06-07 09:28:36,20,0.102
C17709,18397-0805W8F4703T5E/C17709,https://www.lcsc.com/datasheet/lcsc_datasheet_2206010200_UNI-ROYAL-Uniroyal-Elec-0805W8F4703T5E_C17709.pdf,base,0,2026-07-24 06:07:31,UNI-ROYAL(Uniroyal Elec),0805W8F4703T5E,0805,Chip Resistor - Surface Mount,-55℃~+155℃ 125mW 150V 470kΩ Thick Film Resistor ±1% ±100ppm/℃ 0805 Chip Resistor - Surface Mount ROHS,470kΩ ±1% 125mW 厚膜电阻,0.0046,780787,1,Resistors,2026-06-07 09:28:36,20,0.092
C17710,18398-0805W8F4700T5E/C17710,https://www.lcsc.com/datasheet/lcsc_datasheet_2206010200_UNI-ROYAL-Uniroyal-Elec-0805W8F4700T5E_C17710.pdf,base,0,2026-07-24 06:07:31,UNI-ROYAL(Uniroyal Elec),0805W8F4700T5E,0805,Chip Resistor - Surface Mount,-55℃~+155℃ 125mW 150V 470Ω Thick Film Resistor ±1% ±100ppm/℃ 0805 Chip Resistor - Surface Mount ROHS,470Ω ±1% 125mW 厚膜电阻,0.0092,2421254,1,Resistors,2026-06-07 09:28:36,20,0.184
C17713,18401-0805W8F4702T5E/C17713,https://www.lcsc.com/datasheet/lcsc_datasheet_2206010200_UNI-ROYAL-Uniroyal-Elec-0805W8F4702T5E_C17713.pdf,base,0,2026-07-24 06:07:31,UNI-ROYAL(Uniroyal Elec),0805W8F4702T5E,0805,Chip Resistor - Surface Mount,-55℃~+155℃ 125mW 150V 47kΩ Thick Film Resistor ±1% ±100ppm/℃ 0805 Chip Resistor - Surface Mount ROHS,47kΩ ±1% 125mW 厚膜电阻,0.0114,2356451,1,Resistors,2026-06-07 09:28:36,20,0.228
C17714,18402-0805W8F470JT5E/C17714,https://www.lcsc.com/datasheet/lcsc_datasheet_2206010200_UNI-ROYAL-Uniroyal-Elec-0805W8F470JT5E_C17714.pdf,base,0,2026-07-24 06:07:31,UNI-ROYAL(Uniroyal Elec),0805W8F470JT5E,0805,Chip Resistor - Surface Mount,-55℃~+155℃ 125mW 150V 47Ω Thick Film Resistor ±1% ±100ppm/℃ 0805 Chip Resistor - Surface Mount ROHS,47Ω ±1% 125mW 厚膜电阻,0.0154,490774,1,Resistors,2026-06-07 09:28:36,20,0.308
C17719,18407-0805W8F4992T5E/C17719,https://www.lcsc.com/datasheet/lcsc_datasheet_2206010200_UNI-ROYAL-Uniroyal-Elec-0805W8F4992T5E_C17719.pdf,expand,0,2026-07-24 06:07:31,UNI-ROYAL(Uniroyal Elec),0805W8F4992T5E,0805,Chip Resistor - Surface Mount,-55℃~+155℃ 125mW 150V 49.9kΩ Thick Film Resistor ±1% ±100ppm/℃ 0805 Chip Resistor - Surface Mount ROHS,49.9kΩ ±1% 125mW 厚膜电阻,0.0089,94760,1,Resistors,2026-06-07 09:28:36,20,0.178
C17720,18408-0805W8F499JT5E/C17720,https://www.lcsc.com/datasheet/lcsc_datasheet_2206010200_UNI-ROYAL-Uniroyal-Elec-0805W8F499JT5E_C17720.pdf,base,0,2026-07-24 06:07:31,UNI-ROYAL(Uniroyal Elec),0805W8F499JT5E,0805,Chip Resistor - Surface Mount,-55℃~+155℃ 125mW 150V 49.9Ω Thick Film Resistor ±1% ±100ppm/℃ 0805 Chip Resistor - Surface Mount ROHS,49.9Ω ±1% 125mW 厚膜电阻,0.0121,933211,1,Resistors,2026-06-07 09:28:36,20,0.242
C17724,18412-0805W8F510KT5E/C17724,https://www.lcsc.com/datasheet/lcsc_datasheet_2206010200_UNI-ROYAL-Uniroyal-Elec-0805W8F510KT5E_C17724.pdf,base,0,2026-07-24 06:07:31,UNI-ROYAL(Uniroyal Elec),0805W8F510KT5E,0805,Chip Resistor - Surface Mount,-55℃~+155℃ 125mW 150V 5.1Ω Thick Film Resistor ±1% ±200ppm/℃ 0805 Chip Resistor - Surface Mount ROHS,5.1Ω ±1% 125mW 厚膜电阻,0.0069,844215,1,Resistors,2026-06-07 09:28:36,20,0.138
C17733,18421-0805W8F5103T5E/C17733,https://www.lcsc.com/datasheet/lcsc_datasheet_2206010200_UNI-ROYAL-Uniroyal-Elec-0805W8F5103T5E_C17733.pdf,expand,0,2026-07-24 06:07:31,UNI-ROYAL(Uniroyal Elec),0805W8F5103T5E,0805,Chip Resistor - Surface Mount,-55℃~+155℃ 125mW 150V 510kΩ Thick Film Resistor ±1% ±100ppm/℃ 0805 Chip Resistor - Surface Mount ROHS,510kΩ ±1% 125mW 厚膜电阻,0.0121,431606,1,Resistors,2026-06-07 09:28:36,20,0.242
C17734,18422-0805W8F5100T5E/C17734,https://www.lcsc.com/datasheet/lcsc_datasheet_2206010200_UNI-ROYAL-Uniroyal-Elec-0805W8F5100T5E_C17734.pdf,base,0,2026-07-24 06:07:31,UNI-ROYAL(Uniroyal Elec),0805W8F5100T5E,0805,Chip Resistor - Surface Mount,-55℃~+155℃ 125mW 150V 510Ω Thick Film Resistor ±1% ±100ppm/℃ 0805 Chip Resistor - Surface Mount ROHS,510Ω ±1% 125mW 厚膜电阻,0.0113,3129553,1,Resistors,2026-06-07 09:28:36,20,0.226
C17737,18425-0805W8F5102T5E/C17737,https://www.lcsc.com/datasheet/lcsc_datasheet_2206010200_UNI-ROYAL-Uniroyal-Elec-0805W8F5102T5E_C17737.pdf,base,0,2026-07-24 06:07:31,UNI-ROYAL(Uniroyal Elec),0805W8F5102T5E,0805,Chip Resistor - Surface Mount,-55℃~+155℃ 125mW 150V 51kΩ Thick Film Resistor ±1% ±100ppm/℃ 0805 Chip Resistor - Surface Mount ROHS,51kΩ ±1% 125mW 厚膜电阻,0.0145,1268122,1,Resistors,2026-06-07 09:28:36,20,0.29
C17738,18426-0805W8F510JT5E/C17738,https://www.lcsc.com/datasheet/lcsc_datasheet_2411221126_UNI-ROYAL-Uniroyal-Elec-0805W8F510JT5E_C17738.pdf,base,0,2026-07-24 06:07:31,UNI-ROYAL(Uniroyal Elec),0805W8F510JT5E,0805,Chip Resistor - Surface Mount,-55℃~+155℃ 125mW 150V 51Ω Thick Film Resistor ±1% ±100ppm/℃ 0805 Chip Resistor - Surface Mount ROHS,51Ω ±1% 125mW 厚膜电阻,0.0054,1140018,1,Resistors,2026-06-07 09:28:36,20,0.108
C17756,18444-0805W8F5602T5E/C17756,https://www.lcsc.com/datasheet/lcsc_datasheet_2206010200_UNI-ROYAL-Uniroyal-Elec-0805W8F5602T5E_C17756.pdf,expand,0,2026-07-24 06:07:31,UNI-ROYAL(Uniroyal Elec),0805W8F5602T5E,0805,Chip Resistor - Surface Mount,-55℃~+155℃ 125mW 150V 56kΩ Thick Film Resistor ±1% ±100ppm/℃ 0805 Chip Resistor - Surface Mount ROHS,56kΩ ±1% 125mW 厚膜电阻,0.0059,665837,1,Resistors,2026-06-07 09:28:36,20,0.118
C17757,18445-0805W8F560JT5E/C17757,https://www.lcsc.com/datasheet/lcsc_datasheet_2206010200_UNI-ROYAL-Uniroyal-Elec-0805W8F560JT5E_C17757.pdf,expand,0,2026-07-24 06:07:31,UNI-ROYAL(Uniroyal Elec),0805W8F560JT5E,0805,Chip Resistor - Surface Mount,-55℃~+155℃ 125mW 150V 56Ω Thick Film Resistor ±1% ±100ppm/℃ 0805 Chip Resistor - Surface Mount ROHS,56Ω ±1% 125mW 厚膜电阻,0.0207,5373,433,Resistors,2026-06-07 09:28:36,443,9.1701
C17767,18455-0805W8F6201T5E/C17767,https://www.lcsc.com/datasheet/lcsc_datasheet_2205311830_UNI-ROYAL-Uniroyal-Elec-0805W8F6201T5E_C17767.pdf,expand,0,2026-07-24 06:07:31,UNI-ROYAL(Uniroyal Elec),0805W8F6201T5E,0805,Chip Resistor - Surface Mount,-55℃~+155℃ 125mW 150V 6.2kΩ Thick Film Resistor ±1% ±100ppm/℃ 0805 Chip Resistor - Surface Mount ROHS,6.2kΩ ±1% 125mW 厚膜电阻,0.006,220589,1,Resistors,2026-06-07 09:28:36,20,0.12
C17772,18460-0805W8F6801T5E/C17772,https://www.lcsc.com/datasheet/lcsc_datasheet_2205311830_UNI-ROYAL-Uniroyal-Elec-0805W8F6801T5E_C17772.pdf,base,0,2026-07-24 06:07:31,UNI-ROYAL(Uniroyal Elec),0805W8F6801T5E,0805,Chip Resistor - Surface Mount,-55℃~+155℃ 125mW 150V 6.8kΩ Thick Film Resistor ±1% ±100ppm/℃ 0805 Chip Resistor - Surface Mount ROHS,6.8kΩ ±1% 125mW 厚膜电阻,0.0141,684958,1,Resistors,2026-06-07 09:28:36,20,0.282
C17783,18471-0805W8F6202T5E/C17783,https://www.lcsc.com/datasheet/lcsc_datasheet_2205311830_UNI-ROYAL-Uniroyal-Elec-0805W8F6202T5E_C17783.pdf,expand,0,2026-07-24 06:07:31,UNI-ROYAL(Uniroyal Elec),0805W8F6202T5E,0805,Chip Resistor - Surface Mount,-55℃~+155℃ 125mW 150V 62kΩ Thick Film Resistor ±1% ±100ppm/℃ 0805 Chip Resistor - Surface Mount ROHS,62kΩ ±1% 125mW 厚膜电阻,0.0041,397220,1,Resistors,2026-06-07 09:28:36,20,0.082
C1779,2131-CL21A475KAQNNNE/C1779,https://www.lcsc.com/datasheet/lcsc_datasheet_2304140030_Samsung-Electro-Mechanics-CL21A475KAQNNNE_C1779.pdf,base,0,2026-07-24 06:07:31,Samsung Electro-Mechanics,CL21A475KAQNNNE,0805,Multilayer Ceramic Capacitors MLCC - SMD/SMT,25V 4.7uF X5R ±10% 0805 Multilayer Ceramic Capacitors MLCC - SMD/SMT ROHS,4.7uF ±10% 25V,0.0501,2656762,1,Capacitors,2026-06-07 09:28:36,20,1.002
C17797,18485-0805W8F6803T5E/C17797,https://www.lcsc.com/datasheet/lcsc_datasheet_2205311830_UNI-ROYAL-Uniroyal-Elec-0805W8F6803T5E_C17797.pdf,expand,0,2026-07-24 06:07:31,UNI-ROYAL(Uniroyal Elec),0805W8F6803T5E,0805,Chip Resistor - Surface Mount,-55℃~+155℃ 125mW 150V 680kΩ Thick Film Resistor ±1% ±100ppm/℃ 0805 Chip Resistor - Surface Mount ROHS,680kΩ ±1% 125mW 厚膜电阻,0.0041,72697,1,Resistors,2026-06-07 09:28:36,20,0.082
C17798,18486-0805W8F6800T5E/C17798,https://www.lcsc.com/datasheet/lcsc_datasheet_2205311830_UNI-ROYAL-Uniroyal-Elec-0805W8F6800T5E_C17798.pdf,base,0,2026-07-24 06:07:31,UNI-ROYAL(Uniroyal Elec),0805W8F6800T5E,0805,Chip Resistor - Surface Mount,-55℃~+155℃ 125mW 150V 680Ω Thick Film Resistor ±1% ±100ppm/℃ 0805 Chip Resistor - Surface Mount ROHS,680Ω ±1% 125mW 厚膜电阻,0.011,918013,1,Resistors,2026-06-07 09:28:36,20,0.22
C17801,18489-0805W8F6802T5E/C17801,https://www.lcsc.com/datasheet/lcsc_datasheet_2205311830_UNI-ROYAL-Uniroyal-Elec-0805W8F6802T5E_C17801.pdf,base,0,2026-07-24 06:07:31,UNI-ROYAL(Uniroyal Elec),0805W8F6802T5E,0805,Chip Resistor - Surface Mount,-55℃~+155℃ 125mW 150V 68kΩ Thick Film Resistor ±1% ±100ppm/℃ 0805 Chip Resistor - Surface Mount ROHS,68kΩ ±1% 125mW 厚膜电阻,0.0038,397747,1,Resistors,2026-06-07 09:28:36,20,0.076
C17802,18490-0805W8F680JT5E/C17802,https://www.lcsc.com/datasheet/lcsc_datasheet_2205311830_UNI-ROYAL-Uniroyal-Elec-0805W8F680JT5E_C17802.pdf,expand,0,2026-07-24 06:07:31,UNI-ROYAL(Uniroyal Elec),0805W8F680JT5E,0805,Chip Resistor - Surface Mount,-55℃~+155℃ 125mW 150V 68Ω Thick Film Resistor ±1% ±200ppm/℃ 0805 Chip Resistor - Surface Mount ROHS,68Ω ±1% 125mW 厚膜电阻,0.0163,91337,1,Resistors,2026-06-07 09:28:36,20,0.326
C17807,18495-0805W8F7501T5E/C17807,https://www.lcsc.com/datasheet/lcsc_datasheet_2205311830_UNI-ROYAL-Uniroyal-Elec-0805W8F7501T5E_C17807.pdf,expand,0,2026-07-24 06:07:31,UNI-ROYAL(Uniroyal Elec),0805W8F7501T5E,0805,Chip Resistor - Surface Mount,-55℃~+155℃ 125mW 150V 7.5kΩ Thick Film Resistor ±1% ±100ppm/℃ 0805 Chip Resistor - Surface Mount ROHS,7.5kΩ ±1% 125mW 厚膜电阻,0.005,520867,1,Resistors,2026-06-07 09:28:36,20,0.1
C17818,18506-0805W8F7500T5E/C17818,https://www.lcsc.com/datasheet/lcsc_datasheet_2205311830_UNI-ROYAL-Uniroyal-Elec-0805W8F7500T5E_C17818.pdf,expand,0,2026-07-24 06:07:31,UNI-ROYAL(Uniroyal Elec),0805W8F7500T5E,0805,Chip Resistor - Surface Mount,-55℃~+155℃ 125mW 150V 750Ω Thick Film Resistor ±1% ±100ppm/℃ 0805 Chip Resistor - Surface Mount ROHS,750Ω ±1% 125mW 厚膜电阻,0.0044,417120,1,Resistors,2026-06-07 09:28:36,20,0.088
C17819,18507-0805W8F7502T5E/C17819,https://www.lcsc.com/datasheet/lcsc_datasheet_2205311830_UNI-ROYAL-Uniroyal-Elec-0805W8F7502T5E_C17819.pdf,expand,0,2026-07-24 06:07:31,UNI-ROYAL(Uniroyal Elec),0805W8F7502T5E,0805,Chip Resistor - Surface Mount,-55℃~+155℃ 125mW 150V 75kΩ Thick Film Resistor ±1% ±100ppm/℃ 0805 Chip Resistor - Surface Mount ROHS,75kΩ ±1% 125mW 厚膜电阻,0.0163,839625,1,Resistors,2026-06-07 09:28:36,20,0.326
C17828,18516-0805W8F8201T5E/C17828,https://www.lcsc.com/datasheet/lcsc_datasheet_2205311830_UNI-ROYAL-Uniroyal-Elec-0805W8F8201T5E_C17828.pdf,base,0,2026-07-24 06:07:31,UNI-ROYAL(Uniroyal Elec),0805W8F8201T5E,0805,Chip Resistor - Surface Mount,-55℃~+155℃ 125mW 150V 8.2kΩ Thick Film Resistor ±1% ±100ppm/℃ 0805 Chip Resistor - Surface Mount ROHS,8.2kΩ ±1% 125mW 厚膜电阻,0.0038,610254,1,Resistors,2026-06-07 09:28:36,20,0.076
C17837,18525-0805W8F8200T5E/C17837,https://www.lcsc.com/datasheet/lcsc_datasheet_2205311830_UNI-ROYAL-Uniroyal-Elec-0805W8F8200T5E_C17837.pdf,expand,0,2026-07-24 06:07:31,UNI-ROYAL(Uniroyal Elec),0805W8F8200T5E,0805,Chip Resistor - Surface Mount,-55℃~+155℃ 125mW 150V 820Ω Thick Film Resistor ±1% ±100ppm/℃ 0805 Chip Resistor - Surface Mount ROHS,820Ω ±1% 125mW 厚膜电阻,0.016,251192,1,Resistors,2026-06-07 09:28:36,20,0.32
C17840,18528-0805W8F8202T5E/C17840,https://www.lcsc.com/datasheet/lcsc_datasheet_2205311830_UNI-ROYAL-Uniroyal-Elec-0805W8F8202T5E_C17840.pdf,expand,0,2026-07-24 06:07:31,UNI-ROYAL(Uniroyal Elec),0805W8F8202T5E,0805,Chip Resistor - Surface Mount,-55℃~+155℃ 125mW 150V 82kΩ Thick Film Resistor ±1% ±100ppm/℃ 0805 Chip Resistor - Surface Mount ROHS,82kΩ ±1% 125mW 厚膜电阻,0.0089,111370,1,Resistors,2026-06-07 09:28:36,20,0.178
C17855,18543-0805W8F9101T5E/C17855,https://www.lcsc.com/datasheet/lcsc_datasheet_2206010200_UNI-ROYAL-Uniroyal-Elec-0805W8F9101T5E_C17855.pdf,expand,0,2026-07-24 06:07:31,UNI-ROYAL(Uniroyal Elec),0805W8F9101T5E,0805,Chip Resistor - Surface Mount,-55℃~+155℃ 125mW 150V 9.1kΩ Thick Film Resistor ±1% ±100ppm/℃ 0805 Chip Resistor - Surface Mount ROHS,9.1kΩ ±1% 125mW 厚膜电阻,0.0041,169879,1,Resistors,2026-06-07 09:28:36,20,0.082
C17887,18575-1206W4F3000T5E/C17887,https://www.lcsc.com/datasheet/lcsc_datasheet_2206010200_UNI-ROYAL-Uniroyal-Elec-1206W4F3000T5E_C17887.pdf,base,0,2026-07-24 06:07:31,UNI-ROYAL(Uniroyal Elec),1206W4F3000T5E,1206,Chip Resistor - Surface Mount,-55℃~+155℃ 200V 250mW 300Ω Thick Film Resistor ±1% ±100ppm/℃ 1206 Chip Resistor - Surface Mount ROHS,300Ω ±1% 250mW 厚膜电阻,0.012,656182,1,Resistors,2026-06-07 09:28:36,15,0.18
C17888,18576-1206W4F0000T5E/C17888,https://www.lcsc.com/datasheet/lcsc_datasheet_2206010200_UNI-ROYAL-Uniroyal-Elec-1206W4F0000T5E_C17888.pdf,base,0,2026-07-24 06:07:31,UNI-ROYAL(Uniroyal Elec),1206W4F0000T5E,1206,Chip Resistor - Surface Mount,-55℃~+155℃ 0Ω 200V 250mW Thick Film Resistor ±1% ±800ppm/℃ 1206 Chip Resistor - Surface Mount ROHS,0Ω ±1% 250mW 厚膜电阻,0.0212,3063521,1,Resistors,2026-06-07 09:28:36,15,0.318
C1790,2142-CL21C101JBANNNC/C1790,https://www.lcsc.com/datasheet/lcsc_datasheet_2304140030_Samsung-Electro-Mechanics-CL21C101JBANNNC_C1790.pdf,base,0,2026-07-24 06:07:31,Samsung Electro-Mechanics,CL21C101JBANNNC,0805,Multilayer Ceramic Capacitors MLCC - SMD/SMT,100pF 50V C0G ±5% 0805 Multilayer Ceramic Capacitors MLCC - SMD/SMT ROHS,100pF ±5% 50V,0.0121,1007017,1,Capacitors,2026-06-07 09:28:36,20,0.242
C17900,18588-1206W4F1003T5E/C17900,https://www.lcsc.com/datasheet/lcsc_datasheet_2206010145_UNI-ROYAL-Uniroyal-Elec-1206W4F1003T5E_C17900.pdf,base,0,2026-07-24 06:07:31,UNI-ROYAL(Uniroyal Elec),1206W4F1003T5E,1206,Chip Resistor - Surface Mount,-55℃~+155℃ 100kΩ 200V 250mW Thick Film Resistor ±1% ±100ppm/℃ 1206 Chip Resistor - Surface Mount ROHS,100kΩ ±1% 250mW 厚膜电阻,0.0228,1972336,1,Resistors,2026-06-07 09:28:36,15,0.342
C17901,18589-1206W4F1000T5E/C17901,https://www.lcsc.com/datasheet/lcsc_datasheet_2206010145_UNI-ROYAL-Uniroyal-Elec-1206W4F1000T5E_C17901.pdf,base,0,2026-07-24 06:07:31,UNI-ROYAL(Uniroyal Elec),1206W4F1000T5E,1206,Chip Resistor - Surface Mount,-55℃~+155℃ 100Ω 200V 250mW Thick Film Resistor ±1% ±100ppm/℃ 1206 Chip Resistor - Surface Mount ROHS,100Ω ±1% 250mW 厚膜电阻,0.0084,1528929,1,Resistors,2026-06-07 09:28:36,15,0.126
C17902,18590-1206W4F1002T5E/C17902,https://www.lcsc.com/datasheet/lcsc_datasheet_2206010145_UNI-ROYAL-Uniroyal-Elec-1206W4F1002T5E_C17902.pdf,base,0,2026-07-24 06:07:31,UNI-ROYAL(Uniroyal Elec),1206W4F1002T5E,1206,Chip Resistor - Surface Mount,-55℃~+155℃ 10kΩ 200V 250mW Thick Film Resistor ±1% ±100ppm/℃ 1206 Chip Resistor - Surface Mount ROHS,10kΩ ±1% 250mW 厚膜电阻,0.0202,3308051,1,Resistors,2026-06-07 09:28:36,15,0.303
C17903,18591-1206W4F100JT5E/C17903,https://www.lcsc.com/datasheet/lcsc_datasheet_2206010145_UNI-ROYAL-Uniroyal-Elec-1206W4F100JT5E_C17903.pdf,base,0,2026-07-24 06:07:31,UNI-ROYAL(Uniroyal Elec),1206W4F100JT5E,1206,Chip Resistor - Surface Mount,-55℃~+155℃ 10Ω 200V 250mW Thick Film Resistor ±1% ±400ppm/℃ 1206 Chip Resistor - Surface Mount ROHS,10Ω ±1% 250mW 厚膜电阻,0.021,2333041,1,Resistors,2026-06-07 09:28:36,15,0.315
C17909,18597-1206W4F1200T5E/C17909,https://www.lcsc.com/datasheet/lcsc_datasheet_2206010145_UNI-ROYAL-Uniroyal-Elec-1206W4F1200T5E_C17909.pdf,base,0,2026-07-24 06:07:31,UNI-ROYAL(Uniroyal Elec),1206W4F1200T5E,1206,Chip Resistor - Surface Mount,-55℃~+155℃ 120Ω 200V 250mW Thick Film Resistor ±1% ±100ppm/℃ 1206 Chip Resistor - Surface Mount ROHS,120Ω ±1% 250mW 厚膜电阻,0.0132,1202232,1,Resistors,2026-06-07 09:28:36,15,0.198
C1792,2144-0805CG120J500NT/C1792,https://www.lcsc.com/datasheet/lcsc_datasheet_2304140030_FH--Guangdong-Fenghua-Advanced-Tech-0805CG120J500NT_C1792.pdf,expand,0,2026-07-24 06:07:31,FH (Guangdong Fenghua Advanced Tech),0805CG120J500NT,0805,Multilayer Ceramic Capacitors MLCC - SMD/SMT,12pF 50V C0G ±5% 0805 Multilayer Ceramic Capacitors MLCC - SMD/SMT ROHS,12pF ±5% 50V,0.0152,18561,590,Capacitors,2026-06-07 09:28:36,600,9.12
C17924,18612-1206W4F1800T5E/C17924,https://www.lcsc.com/datasheet/lcsc_datasheet_2206010145_UNI-ROYAL-Uniroyal-Elec-1206W4F1800T5E_C17924.pdf,expand,0,2026-07-24 06:07:31,UNI-ROYAL(Uniroyal Elec),1206W4F1800T5E,1206,Chip Resistor - Surface Mount,-55℃~+155℃ 180Ω 200V 250mW Thick Film Resistor ±1% ±100ppm/℃ 1206 Chip Resistor - Surface Mount ROHS,180Ω ±1% 250mW 厚膜电阻,0.0234,185164,1,Resistors,2026-06-07 09:28:36,15,0.351
C17927,18615-1206W4F1004T5E/C17927,https://www.lcsc.com/datasheet/lcsc_datasheet_2206010145_UNI-ROYAL-Uniroyal-Elec-1206W4F1004T5E_C17927.pdf,base,0,2026-07-24 06:07:31,UNI-ROYAL(Uniroyal Elec),1206W4F1004T5E,1206,Chip Resistor - Surface Mount,-55℃~+155℃ 1MΩ 200V 250mW Thick Film Resistor ±1% ±100ppm/℃ 1206 Chip Resistor - Surface Mount ROHS,1MΩ ±1% 250mW 厚膜电阻,0.0077,5938068,1,Resistors,2026-06-07 09:28:36,15,0.1155
C17928,18616-1206W4F100KT5E/C17928,https://www.lcsc.com/datasheet/lcsc_datasheet_2206010145_UNI-ROYAL-Uniroyal-Elec-1206W4F100KT5E_C17928.pdf,base,0,2026-07-24 06:07:31,UNI-ROYAL(Uniroyal Elec),1206W4F100KT5E,1206,Chip Resistor - Surface Mount,-55℃~+155℃ 1Ω 200V 250mW Thick Film Resistor ±1% ±200ppm/℃ 1206 Chip Resistor - Surface Mount ROHS,1Ω ±1% 250mW 厚膜电阻,0.0224,251858,1,Resistors,2026-06-07 09:28:36,15,0.336
C17936,18624-1206W4F4701T5E/C17936,https://www.lcsc.com/datasheet/lcsc_datasheet_2206010145_UNI-ROYAL-Uniroyal-Elec-1206W4F4701T5E_C17936.pdf,base,0,2026-07-24 06:07:31,UNI-ROYAL(Uniroyal Elec),1206W4F4701T5E,1206,Chip Resistor - Surface Mount,-55℃~+155℃ 200V 250mW 4.7kΩ Thick Film Resistor ±1% ±100ppm/℃ 1206 Chip Resistor - Surface Mount ROHS,4.7kΩ ±1% 250mW 厚膜电阻,0.0205,4167899,1,Resistors,2026-06-07 09:28:36,15,0.3075
C17944,18632-1206W4F2001T5E/C17944,https://www.lcsc.com/datasheet/lcsc_datasheet_2206010145_UNI-ROYAL-Uniroyal-Elec-1206W4F2001T5E_C17944.pdf,base,0,2026-07-24 06:07:31,UNI-ROYAL(Uniroyal Elec),1206W4F2001T5E,1206,Chip Resistor - Surface Mount,-55℃~+155℃ 200V 250mW 2kΩ Thick Film Resistor ±1% ±100ppm/℃ 1206 Chip Resistor - Surface Mount ROHS,2kΩ ±1% 250mW 厚膜电阻,0.0068,522404,1,Resistors,2026-06-07 09:28:36,15,0.102
C17955,18643-1206W4F200JT5E/C17955,https://www.lcsc.com/datasheet/lcsc_datasheet_2206010145_UNI-ROYAL-Uniroyal-Elec-1206W4F200JT5E_C17955.pdf,base,0,2026-07-24 06:07:31,UNI-ROYAL(Uniroyal Elec),1206W4F200JT5E,1206,Chip Resistor - Surface Mount,-55℃~+155℃ 200V 20Ω 250mW Thick Film Resistor ±1% ±100ppm/℃ 1206 Chip Resistor - Surface Mount ROHS,20Ω ±1% 250mW 厚膜电阻,0.0205,803641,1,Resistors,2026-06-07 09:28:36,15,0.3075
C17958,18646-1206W4F220JT5E/C17958,https://www.lcsc.com/datasheet/lcsc_datasheet_2206010145_UNI-ROYAL-Uniroyal-Elec-1206W4F220JT5E_C17958.pdf,base,0,2026-07-24 06:07:31,UNI-ROYAL(Uniroyal Elec),1206W4F220JT5E,1206,Chip Resistor - Surface Mount,-55℃~+155℃ 200V 22Ω 250mW Thick Film Resistor ±1% ±100ppm/℃ 1206 Chip Resistor - Surface Mount ROHS,22Ω ±1% 250mW 厚膜电阻,0.0292,356354,1,Resistors,2026-06-07 09:28:36,15,0.438
C1797,2149-0805CG180J500NT/C1797,https://www.lcsc.com/datasheet/lcsc_datasheet_2304140030_FH--Guangdong-Fenghua-Advanced-Tech-0805CG180J500NT_C1797.pdf,expand,0,2026-07-24 06:07:31,FH (Guangdong Fenghua Advanced Tech),0805CG180J500NT,0805,Multilayer Ceramic Capacitors MLCC - SMD/SMT,18pF 50V C0G ±5% 0805 Multilayer Ceramic Capacitors MLCC - SMD/SMT ROHS,18pF ±5% 50V,0.0189,220173,1,Capacitors,2026-06-07 09:28:36,20,0.378
C1798,2150-CL21C200JBANNNC/C1798,https://www.lcsc.com/datasheet/lcsc_datasheet_2304140030_Samsung-Electro-Mechanics-CL21C200JBANNNC_C1798.pdf,base,0,2026-07-24 06:07:31,Samsung Electro-Mechanics,CL21C200JBANNNC,0805,Multilayer Ceramic Capacitors MLCC - SMD/SMT,20pF 50V C0G ±5% 0805 Multilayer Ceramic Capacitors MLCC - SMD/SMT ROHS,20pF ±5% 50V,0.0174,254908,1,Capacitors,2026-06-07 09:28:36,20,0.348
C17985,18673-1206W4F7500T5E/C17985,https://www.lcsc.com/datasheet/lcsc_datasheet_2206010145_UNI-ROYAL-Uniroyal-Elec-1206W4F7500T5E_C17985.pdf,expand,0,2026-07-24 06:07:31,UNI-ROYAL(Uniroyal Elec),1206W4F7500T5E,1206,Chip Resistor - Surface Mount,-55℃~+155℃ 200V 250mW 750Ω Thick Film Resistor ±1% ±100ppm/℃ 1206 Chip Resistor - Surface Mount ROHS,750Ω ±1% 250mW 厚膜电阻,0.0142,148000,1,Resistors,2026-06-07 09:28:36,15,0.213
C1804,2156-CL21C220JBANNNC/C1804,https://www.lcsc.com/datasheet/lcsc_datasheet_2304140030_Samsung-Electro-Mechanics-CL21C220JBANNNC_C1804.pdf,base,0,2026-07-24 06:07:31,Samsung Electro-Mechanics,CL21C220JBANNNC,0805,Multilayer Ceramic Capacitors MLCC - SMD/SMT,22pF 50V C0G ±5% 0805 Multilayer Ceramic Capacitors MLCC - SMD/SMT ROHS,22pF ±5% 50V,0.0179,568501,1,Capacitors,2026-06-07 09:28:36,20,0.358
C18199085,hongjiacheng-1N4001W/C18199085,https://wmsc.lcsc.com/wmsc/upload/file/pdf/v2/lcsc/2309251015_hongjiacheng-1N4001W_C18199085.pdf,expand,0,2026-07-24 06:07:31,hongjiacheng,1N4001W,SOD-123FL,Diodes - General Purpose,-55℃~+150℃ 1A 1V@1A 2uA@50V 30A 50V Standalone SOD-123FL Diodes - General Purpose ROHS,1N4001W,0.0084,143583,1,Diodes,2026-06-07 09:28:36,15,0.126
C18199086,hongjiacheng-1N4002W/C18199086,https://wmsc.lcsc.com/wmsc/upload/file/pdf/v2/lcsc/2309251425_hongjiacheng-1N4002W_C18199086.pdf,expand,0,2026-07-24 06:07:31,hongjiacheng,1N4002W,SOD-123FL,Diodes - General Purpose,-55℃~+150℃ 100V 1A 1V@1A 2uA@100V 30A Standalone SOD-123FL Diodes - General Purpose ROHS,1N4002W,0.0093,88536,1,Diodes,2026-06-07 09:28:36,15,0.1395
C18199087,hongjiacheng-1N4004W/C18199087,https://wmsc.lcsc.com/wmsc/upload/file/pdf/v2/lcsc/2309251425_hongjiacheng-1N4004W_C18199087.pdf,expand,0,2026-07-24 06:07:31,hongjiacheng,1N4004W,SOD-123FL,Diodes - General Purpose,-55℃~+150℃ 1A 1V@1A 2uA@400V 30A 400V Independent SOD-123FL Diodes - General Purpose ROHS,1N4004W,0.0098,39412,1,Diodes,2026-06-07 09:28:36,15,0.147
C18199088,hongjiacheng-1N4007W/C18199088,https://wmsc.lcsc.com/wmsc/upload/file/pdf/v2/lcsc/2309251425_hongjiacheng-1N4007W_C18199088.pdf,expand,0,2026-07-24 06:07:31,hongjiacheng,1N4007W,SOD-123FL,Diodes - General Purpose,-55℃~+150℃ 1A 1V@1A 1kV 2uA@1000V 30A Standalone SOD-123FL Diodes - General Purpose ROHS,1N4007W,0.0077,1382673,1,Diodes,2026-06-07 09:28:36,15,0.1155
C18199089,hongjiacheng-M1F/C18199089,https://wmsc.lcsc.com/wmsc/upload/file/pdf/v2/lcsc/2309251015_hongjiacheng-M1F_C18199089.pdf,expand,0,2026-07-24 06:07:31,hongjiacheng,M1F,SMAF,Diodes - General Purpose,-55℃~+150℃ 1A 1V@1A 2uA@50V 30A 50V Standalone SMAF Diodes - General Purpose ROHS,M1F,0.0109,15318,1,Diodes,2026-06-07 09:28:36,15,0.1635
C18199090,hongjiacheng-M7F/C18199090,https://wmsc.lcsc.com/wmsc/upload/file/pdf/v2/lcsc/2309251425_hongjiacheng-M7F_C18199090.pdf,expand,0,2026-07-24 06:07:31,hongjiacheng,M7F,SMAF,Diodes - General Purpose,-55℃~+150℃ 1A 1V@1A 1kV 2uA@1000V 30A Standalone SMAF Diodes - General Purpose ROHS,M7F,0.0122,25912,1,Diodes,2026-06-07 09:28:36,15,0.183
C18199091,hongjiacheng-S2MF/C18199091,https://wmsc.lcsc.com/wmsc/upload/file/pdf/v2/lcsc/2309251015_hongjiacheng-S2MF_C18199091.pdf,expand,0,2026-07-24 06:07:31,hongjiacheng,S2MF,SMAF,Diodes - General Purpose,-55℃~+150℃ 1V@2A 1kV 2A 2uA@1000V 50A Standalone SMAF Diodes - General Purpose ROHS,S2MF,0.0143,11411,1,Diodes,2026-06-07 09:28:36,15,0.2145
C18199092,hongjiacheng-S3MF/C18199092,https://wmsc.lcsc.com/wmsc/upload/file/pdf/v2/lcsc/2309251015_hongjiacheng-S3MF_C18199092.pdf,expand,0,2026-07-24 06:07:31,hongjiacheng,S3MF,SMAF,Diodes - General Purpose,-55℃~+150℃ 1.1V@3A 1kV 3A 5uA@1000V 80A Standalone SMAF Diodes - General Purpose ROHS,S3MF,0.0224,98087,1,Diodes,2026-06-07 09:28:36,15,0.336
C18199093,hongjiacheng-M1/C18199093,https://wmsc.lcsc.com/wmsc/upload/file/pdf/v2/lcsc/2310131745_hongjiacheng-M1_C18199093.pdf,expand,0,2026-07-24 06:07:31,hongjiacheng,M1,SMA(DO-214AC),Diodes - General Purpose,-55℃~+150℃ 1A 1V@1A 2uA@50V 30A 50V Standalone SMA(DO-214AC) Diodes - General Purpose ROHS,M1,0.0144,14449,1,Diodes,2026-06-07 09:28:36,15,0.216
C18199095,hongjiacheng-M4/C18199095,https://wmsc.lcsc.com/wmsc/upload/file/pdf/v2/lcsc/2402090755_hongjiacheng-M4_C18199095.pdf,expand,0,2026-07-24 06:07:31,hongjiacheng,M4,SMA(DO-214AC),Diodes - General Purpose,-55℃~+150℃ 1A 1V@1A 2uA@400V 30A 400V Standalone SMA(DO-214AC) Diodes - General Purpose ROHS,M4,0.013,210164,1,Diodes,2026-06-07 09:28:36,15,0.195
C18199098,hongjiacheng-M6/C18199098,https://wmsc.lcsc.com/wmsc/upload/file/pdf/v2/lcsc/2310161756_hongjiacheng-M6_C18199098.pdf,expand,0,2026-07-24 06:07:31,hongjiacheng,M6,SMA(DO-214AC),Diodes - General Purpose,-55℃~+150℃ 1A 1V@1A 2uA@800V 30A 800V Standalone SMA(DO-214AC) Diodes - General Purpose ROHS,M6,0.0127,18989,1,Diodes,2026-06-07 09:28:36,15,0.1905
C18199100,hongjiacheng-S2M/C18199100,https://wmsc.lcsc.com/wmsc/upload/file/pdf/v2/lcsc/2310131745_hongjiacheng-S2M_C18199100.pdf,expand,0,2026-07-24 06:07:31,hongjiacheng,S2M,SMA(DO-214AC),Diodes - General Purpose,-55℃~+150℃ 1V@2A 1kV 2A 2uA@1000V 50A Standalone SMA(DO-214AC) Diodes - General Purpose ROHS,S2M,0.0186,2776,1,Diodes,2026-06-07 09:28:36,15,0.279
C18199101,hongjiacheng-S2MB/C18199101,https://wmsc.lcsc.com/wmsc/upload/file/pdf/v2/lcsc/2310131745_hongjiacheng-S2MB_C18199101.pdf,expand,0,2026-07-24 06:07:31,hongjiacheng,S2MB,SMB,Diodes - General Purpose,-55℃~+150℃ 1V@2A 1kV 2A 2uA@1000V 50A Standalone SMB Diodes - General Purpose ROHS,S2MB,0.0165,142829,1,Diodes,2026-06-07 09:28:36,5,0.0825
C18199102,hongjiacheng-S3MB/C18199102,https://wmsc.lcsc.com/wmsc/upload/file/pdf/v2/lcsc/2310131745_hongjiacheng-S3MB_C18199102.pdf,expand,0,2026-07-24 06:07:31,hongjiacheng,S3MB,SMB,Diodes - General Purpose,-55℃~+150℃ 100A 1V@3A 1kV 2uA@1000V 3A Standalone SMB Diodes - General Purpose ROHS,S3MB,0.0303,238847,1,Diodes,2026-06-07 09:28:36,5,0.1515
C18199103,hongjiacheng-S3MC/C18199103,https://wmsc.lcsc.com/wmsc/upload/file/pdf/v2/lcsc/2310131745_hongjiacheng-S3MC_C18199103.pdf,expand,0,2026-07-24 06:07:31,hongjiacheng,S3MC,SMC,Diodes - General Purpose,-55℃~+150℃ 100A 1V@3A 1kV 2uA@1000V 3A Standalone SMC Diodes - General Purpose ROHS,S3MC,0.0584,3227,1,Diodes,2026-06-07 09:28:36,2,0.1168
C18199104,hongjiacheng-S5JB/C18199104,https://wmsc.lcsc.com/wmsc/upload/file/pdf/v2/lcsc/2310131745_hongjiacheng-S5JB_C18199104.pdf,expand,0,2026-07-24 06:07:31,hongjiacheng,S5JB,SMB,Diodes - General Purpose,-55℃~+150℃ 150A 1V@5A 2uA@600V 5A 600V Standalone SMB Diodes - General Purpose ROHS,S5JB,0.0403,740,1,Diodes,2026-06-07 09:28:36,5,0.2015
C18199105,hongjiacheng-S5MB/C18199105,https://wmsc.lcsc.com/wmsc/upload/file/pdf/v2/lcsc/2402091120_hongjiacheng-S5MB_C18199105.pdf,expand,0,2026-07-24 06:07:31,hongjiacheng,S5MB,SMB,Diodes - General Purpose,-55℃~+150℃ 150A 1V@5A 1kV 2uA@1000V 5A Standalone SMB Diodes - General Purpose ROHS,S5MB,0.0406,828607,1,Diodes,2026-06-07 09:28:36,5,0.203
C18199106,hongjiacheng-S5MC/C18199106,https://wmsc.lcsc.com/wmsc/upload/file/pdf/v2/lcsc/2310131745_hongjiacheng-S5MC_C18199106.pdf,expand,0,2026-07-24 06:07:31,hongjiacheng,S5MC,SMC,Diodes - General Purpose,-55℃~+150℃ 150A 1V@5A 1kV 2uA@1000V 5A Standalone SMC Diodes - General Purpose ROHS,S5MC,0.0635,1226,1,Diodes,2026-06-07 09:28:36,2,0.127
C18199107,hongjiacheng-S6MC/C18199107,https://wmsc.lcsc.com/wmsc/upload/file/pdf/v2/lcsc/2310131745_hongjiacheng-S6MC_C18199107.pdf,expand,0,2026-07-24 06:07:31,hongjiacheng,S6MC,SMC,Diodes - General Purpose,-55℃~+150℃ 1.1V@6A 150A 1kV 5uA@1000V 6A Standalone SMC Diodes - General Purpose ROHS,S6MC,0.0658,50412,1,Diodes,2026-06-07 09:28:36,2,0.1316
C18199108,hongjiacheng-S8KC/C18199108,https://wmsc.lcsc.com/wmsc/upload/file/pdf/v2/lcsc/2310131745_hongjiacheng-S8KC_C18199108.pdf,expand,0,2026-07-24 06:07:31,hongjiacheng,S8KC,SMC,Diodes - General Purpose,-55℃~+150℃ 175A 1V@8A 2uA@800V 800V 8A Standalone SMC Diodes - General Purpose ROHS,S8KC,0.0576,10782,1,Diodes,2026-06-07 09:28:36,2,0.1152
C18199109,hongjiacheng-S8MC/C18199109,https://wmsc.lcsc.com/wmsc/upload/file/pdf/v2/lcsc/2402091540_hongjiacheng-S8MC_C18199109.pdf,expand,0,2026-07-24 06:07:31,hongjiacheng,S8MC,SMC,Diodes - General Purpose,-55℃~+150℃ 175A 1V@8A 1kV 2uA@1000V 8A Standalone SMC Diodes - General Purpose ROHS,S8MC,0.0568,6157,1,Diodes,2026-06-07 09:28:36,2,0.1136
C18199110,hongjiacheng-S10JC/C18199110,https://wmsc.lcsc.com/wmsc/upload/file/pdf/v2/lcsc/2310131745_hongjiacheng-S10JC_C18199110.pdf,expand,0,2026-07-24 06:07:31,hongjiacheng,S10JC,SMC,Diodes - General Purpose,-55℃~+150℃ 10A 1V@10A 200A 2uA@600V 600V Standalone SMC Diodes - General Purpose ROHS,S10JC,0.0816,19576,1,Diodes,2026-06-07 09:28:36,2,0.1632
C18199111,hongjiacheng-S10MC/C18199111,https://wmsc.lcsc.com/wmsc/upload/file/pdf/v2/lcsc/2402151400_hongjiacheng-S10MC_C18199111.pdf,expand,0,2026-07-24 06:07:31,hongjiacheng,S10MC,SMC,Diodes - General Purpose,-55℃~+150℃ 10A 1V@10A 1kV 200A 2uA@1000V Standalone SMC Diodes - General Purpose ROHS,S10MC,0.0943,37331,1,Diodes,2026-06-07 09:28:36,2,0.1886
C18199112,hongjiacheng-S5BBF/C18199112,https://wmsc.lcsc.com/wmsc/upload/file/pdf/v2/lcsc/2310131745_hongjiacheng-S5BBF_C18199112.pdf,expand,0,2026-07-24 06:07:31,hongjiacheng,S5BBF,SMBF,Diodes - General Purpose,-55℃~+150℃ 100V 150A 1V@5A 2uA@100V 5A Standalone SMBF Diodes - General Purpose ROHS,S5BBF,0.0355,9255,1,Diodes,2026-06-07 09:28:36,5,0.1775
C18199113,hongjiacheng-FR102W/C18199113,https://wmsc.lcsc.com/wmsc/upload/file/pdf/v2/lcsc/2309251015_hongjiacheng-FR102W_C18199113.pdf,expand,0,2026-07-24 06:07:31,hongjiacheng,FR102W,SOD-123FL,Fast Recovery / High Efficiency Diodes,-55℃~+150℃ 1 Independent 1.3V@1A 100V 150ns 1A 2uA@100V 30A SOD-123FL Fast Recovery / High Efficiency Diodes ROHS,FR102W,0.009,3217,1,Diodes,2026-06-07 09:28:36,15,0.135
C18199114,hongjiacheng-FR107W/C18199114,https://wmsc.lcsc.com/wmsc/upload/file/pdf/v2/lcsc/2309251425_hongjiacheng-FR107W_C18199114.pdf,expand,0,2026-07-24 06:07:31,hongjiacheng,FR107W,SOD-123FL,Fast Recovery / High Efficiency Diodes,-55℃~+150℃ 1 Independent 1.3V@1A 1A 1kV 2uA@1000V 30A 500ns SOD-123FL Fast Recovery / High Efficiency Diodes ROHS,FR107W,0.0105,198964,1,Diodes,2026-06-07 09:28:36,15,0.1575
C18199115,hongjiacheng-RS1MF/C18199115,https://wmsc.lcsc.com/wmsc/upload/file/pdf/v2/lcsc/2309251015_hongjiacheng-RS1MF_C18199115.pdf,expand,0,2026-07-24 06:07:31,hongjiacheng,RS1MF,SMAF,Fast Recovery / High Efficiency Diodes,-55℃~+150℃ 1 Independent 1.3V@1A 1A 1kV 30A 500ns 5uA@1kV SMAF Fast Recovery / High Efficiency Diodes ROHS,RS1MF,0.0111,36652,1,Diodes,2026-06-07 09:28:36,15,0.1665
C18199116,hongjiacheng-RS3MF/C18199116,https://wmsc.lcsc.com/wmsc/upload/file/pdf/v2/lcsc/2309251015_hongjiacheng-RS3MF_C18199116.pdf,expand,0,2026-07-24 06:07:31,hongjiacheng,RS3MF,SMAF,Fast Recovery / High Efficiency Diodes,-55℃~+150℃ 1 Independent 1.3V@3A 1kV 3A 500ns 5uA@1kV 70A SMAF Fast Recovery / High Efficiency Diodes ROHS,RS3MF,0.0323,139696,1,Diodes,2026-06-07 09:28:36,15,0.4845
C18199117,hongjiacheng-RS1G/C18199117,https://wmsc.lcsc.com/wmsc/upload/file/pdf/v2/lcsc/2309251015_hongjiacheng-RS1G_C18199117.pdf,expand,0,2026-07-24 06:07:31,hongjiacheng,RS1G,SMA(DO-214AC),Fast Recovery / High Efficiency Diodes,-55℃~+150℃ 1 Independent 1.3V@1A 150ns 1A 30A 400V 5uA@400V SMA(DO-214AC) Fast Recovery / High Efficiency Diodes ROHS,RS1G,0.0134,13173,1,Diodes,2026-06-07 09:28:36,15,0.201
C18199118,hongjiacheng-RS1J/C18199118,https://wmsc.lcsc.com/wmsc/upload/file/pdf/v2/lcsc/2309251425_hongjiacheng-RS1J_C18199118.pdf,expand,0,2026-07-24 06:07:31,hongjiacheng,RS1J,SMA(DO-214AC),Fast Recovery / High Efficiency Diodes,-55℃~+150℃ 1 Independent 1.3V@1A 1A 250ns 30A 5uA@600V 600V SMA(DO-214AC) Fast Recovery / High Efficiency Diodes ROHS,RS1J,0.0147,36753,1,Diodes,2026-06-07 09:28:36,15,0.2205
C18199119,hongjiacheng-RS3MB/C18199119,https://wmsc.lcsc.com/wmsc/upload/file/pdf/v2/lcsc/2309251015_hongjiacheng-RS3MB_C18199119.pdf,expand,0,2026-07-24 06:07:31,hongjiacheng,RS3MB,SMB,Fast Recovery / High Efficiency Diodes,-55℃~+150℃ 1 Independent 1.3V@3A 100A 1kV 2uA@1000V 3A 500ns SMB Fast Recovery / High Efficiency Diodes ROHS,RS3MB,0.0352,16963,1,Diodes,2026-06-07 09:28:36,5,0.176
C18199120,hongjiacheng-RS3MC/C18199120,https://wmsc.lcsc.com/wmsc/upload/file/pdf/v2/lcsc/2309271620_hongjiacheng-RS3MC_C18199120.pdf,expand,0,2026-07-24 06:07:31,hongjiacheng,RS3MC,SMC,Fast Recovery / High Efficiency Diodes,-55℃~+150℃ 1 Independent 1.3V@3A 100A 1kV 2uA@1000V 3A 500ns SMC Fast Recovery / High Efficiency Diodes ROHS,RS3MC,0.0576,3415,1,Diodes,2026-06-07 09:28:36,2,0.1152
C18199121,hongjiacheng-RS5MC/C18199121,https://wmsc.lcsc.com/wmsc/upload/file/pdf/v2/lcsc/2309251015_hongjiacheng-RS5MC_C18199121.pdf,expand,0,2026-07-24 06:07:31,hongjiacheng,RS5MC,SMC,Fast Recovery / High Efficiency Diodes,-55℃~+150℃ 1 Independent 1.3V@5A 150A 1kV 2uA@1000V 500ns 5A SMC Fast Recovery / High Efficiency Diodes ROHS,RS5MC,0.0601,16607,1,Diodes,2026-06-07 09:28:36,2,0.1202
C18199122,hongjiacheng-US1DW/C18199122,https://jlc-prod-smt.oss-eu-central-1.aliyuncs.com/smtDataManualFile/8755883096690839552-C18199122.pdf?response-content-disposition=attachment%3B%20filename%3DC18199122.pdf%3B%20filename%2A%3DUTF-8%27%27C18199122.pdf&x-oss-date=20260724T060656Z&x-oss-expires=1800&x-oss-security-token=CAISgAN1q6Ft5B2yfSjIr5rgIuvij5JrwJuYW2uEimMAWf9gvPL9kTz2IHhMdHJsAOodtv0%2FmmhT6PkclqRLcbhpcmfjV%2BZHzLB8qZgSm3pQ4J7b16cNrbH4M4H6aXeirtuwDsz9SNTCALjPD3nPii50x5bjaDymRCbLGJaViJlhHLN1Ow6jdmhpCctxLAlvo9NgFxm3D%2Fu2NQPwiWf9FVdhvhEG6Vly8qOi2MaRmFy8yFTx0b0SvJ%2BjYMrmPctoN9JnSdC5mfdzau3a1TJ84gRD0a5wkaVA1zbDs5bfISEIuUzebreLqY03dV4mOvdqIcMe8qigz88fk%2FfIioH6xyxKOexoSCnFTOiiupCcQLPyao9jLu6iayqViY7QaIOTqQohZmkAMwVOasAsI3Ngh4zF97Qt0cVNkXO9gWfLI8DtuMleWgqhV9sUCnSgc5lCkRRYwGs1287ugXlSQzo890KPDAEovaKCnZ2ZSfh7Y4sNknI6i%2Bfc2Se2MIkIbznnuqKWD5sagAGtgh5Y2Oa6ZbaA%2B9JVuj0bt6%2BEB4np2GpeH5aPDJ365C1x94VR8MBAsunLVkDCOwbLaI26%2BlYsT6J6MwF6C56rtvzgWh3Ad4zFk7zVS3iY6JiVDwCsvcG0wV%2FO2iJlVMhTo8i4V9hWf7ScKyZshBoGtb8Z8xvJnV9r%2Bl8pNfnjbyAA&x-oss-signature-version=OSS4-HMAC-SHA256&x-oss-credential=STS.NYUiQVbMJwYsYM5ncUUpLS7Vs%2F20260724%2Feu-central-1%2Foss%2Faliyun_v4_request&x-oss-signature=8aaf4eb5b2f4a0c87edfdc92eb14afdb90b3162b4fb8a2022bb4f9c8174bb35c,expand,0,2026-07-24 06:07:31,hongjiacheng,US1DW,SOD-123FL,Fast Recovery / High Efficiency Diodes,-55℃~+150℃ 1 Independent 1.7V 1A 200V 2uA 30A 50ns SOD-123FL Fast Recovery / High Efficiency Diodes ROHS,US1DW,0.012,41299,1,Diodes,2026-06-07 09:28:36,15,0.18
C18199123,hongjiacheng-US1MW/C18199123,https://wmsc.lcsc.com/wmsc/upload/file/pdf/v2/lcsc/2402212310_hongjiacheng-US1MW_C18199123.pdf,expand,0,2026-07-24 06:07:31,hongjiacheng,US1MW,SOD-123FL,Fast Recovery / High Efficiency Diodes,-55℃~+150℃ 1 Independent 1.7V@1A 1A 1kV 2uA@1000V 30A 75ns SOD-123FL Fast Recovery / High Efficiency Diodes ROHS,US1MW,0.0123,132256,1,Diodes,2026-06-07 09:28:36,15,0.1845
C18199124,hongjiacheng-US1MF/C18199124,https://wmsc.lcsc.com/wmsc/upload/file/pdf/v2/lcsc/2310131745_hongjiacheng-US1MF_C18199124.pdf,expand,0,2026-07-24 06:07:31,hongjiacheng,US1MF,SMAF,Fast Recovery / High Efficiency Diodes,-55℃~+150℃ 1 Independent 1.7V@1A 1A 1kV 30A 5uA 75ns SMAF Fast Recovery / High Efficiency Diodes ROHS,US1MF,0.014,57515,1,Diodes,2026-06-07 09:28:36,15,0.21
C18199125,hongjiacheng-US1A/C18199125,https://wmsc.lcsc.com/wmsc/upload/file/pdf/v2/lcsc/2309251015_hongjiacheng-US1A_C18199125.pdf,expand,0,2026-07-24 06:07:31,hongjiacheng,US1A,SMA(DO-214AC),Fast Recovery / High Efficiency Diodes,-55℃~+150℃ 1 Independent 1A 1V@1A 30A 50V 50ns 5uA@50V SMA(DO-214AC) Fast Recovery / High Efficiency Diodes ROHS,US1A,0.0146,4186,1,Diodes,2026-06-07 09:28:36,20,0.292
C18199126,hongjiacheng-US1B/C18199126,https://wmsc.lcsc.com/wmsc/upload/file/pdf/v2/lcsc/2309251425_hongjiacheng-US1B_C18199126.pdf,expand,0,2026-07-24 06:07:31,hongjiacheng,US1B,SMA(DO-214AC),Fast Recovery / High Efficiency Diodes,-55℃~+150℃ 1 Independent 100V 1A 1V@1A 30A 50ns 5uA@100V SMA(DO-214AC) Fast Recovery / High Efficiency Diodes ROHS,US1B,0.0147,17422,1,Diodes,2026-06-07 09:28:36,15,0.2205
C18199127,hongjiacheng-US1G/C18199127,https://wmsc.lcsc.com/wmsc/upload/file/pdf/v2/lcsc/2309251425_hongjiacheng-US1G_C18199127.pdf,expand,0,2026-07-24 06:07:31,hongjiacheng,US1G,SMA(DO-214AC),Fast Recovery / High Efficiency Diodes,-55℃~+150℃ 1 Independent 1.4V@1A 1A 30A 400V 50ns 5uA@400V SMA(DO-214AC) Fast Recovery / High Efficiency Diodes ROHS,US1G,0.0152,38934,1,Diodes,2026-06-07 09:28:36,15,0.228
C18199128,hongjiacheng-US1J/C18199128,https://wmsc.lcsc.com/wmsc/upload/file/pdf/v2/lcsc/2309251425_hongjiacheng-US1J_C18199128.pdf,expand,0,2026-07-24 06:07:31,hongjiacheng,US1J,SMA(DO-214AC),Fast Recovery / High Efficiency Diodes,-55℃~+150℃ 1 Independent 1.7V@1A 1A 30A 5uA@600V 600V 75ns SMA(DO-214AC) Fast Recovery / High Efficiency Diodes ROHS,US1J,0.0163,5934,1,Diodes,2026-06-07 09:28:36,15,0.2445
C18199129,hongjiacheng-US1K/C18199129,https://wmsc.lcsc.com/wmsc/upload/file/pdf/v2/lcsc/2309251425_hongjiacheng-US1K_C18199129.pdf,expand,0,2026-07-24 06:07:31,hongjiacheng,US1K,SMA(DO-214AC),Fast Recovery / High Efficiency Diodes,-55℃~+150℃ 1 Independent 1.7V@1A 1A 30A 5uA@800V 75ns 800V SMA(DO-214AC) Fast Recovery / High Efficiency Diodes ROHS,US1K,0.0147,58242,1,Diodes,2026-06-07 09:28:36,15,0.2205
C18199130,hongjiacheng-US3MC/C18199130,https://wmsc.lcsc.com/wmsc/upload/file/pdf/v2/lcsc/2309251015_hongjiacheng-US3MC_C18199130.pdf,expand,0,2026-07-24 06:07:31,hongjiacheng,US3MC,SMC,Fast Recovery / High Efficiency Diodes,-55℃~+150℃ 1 Independent 1.7V@3A 100A 1kV 2uA@1000V 3A 75ns SMC Fast Recovery / High Efficiency Diodes ROHS,US3MC,0.0745,108,1,Diodes,2026-06-07 09:28:36,2,0.149
C18199131,hongjiacheng-US5MC/C18199131,https://wmsc.lcsc.com/wmsc/upload/file/pdf/v2/lcsc/2309251015_hongjiacheng-US5MC_C18199131.pdf,expand,0,2026-07-24 06:07:31,hongjiacheng,US5MC,SMC,Fast Recovery / High Efficiency Diodes,-55℃~+150℃ 1 Independent 1.7V@5A 150A 1kV 2uA@1000V 5A 75ns SMC Fast Recovery / High Efficiency Diodes ROHS,US5MC,0.0758,25723,1,Diodes,2026-06-07 09:28:36,2,0.1516
C18199132,hongjiacheng-US2M/C18199132,https://wmsc.lcsc.com/wmsc/upload/file/pdf/v2/lcsc/2310131745_hongjiacheng-US2M_C18199132.pdf,expand,0,2026-07-24 06:07:31,hongjiacheng,US2M,SMA(DO-214AC),Fast Recovery / High Efficiency Diodes,-55℃~+150℃ 1 Independent 1.7V@2A 1kV 2A 2uA@1000V 50A 75ns SMA(DO-214AC) Fast Recovery / High Efficiency Diodes ROHS,US2M,0.0186,8,482,Diodes,2026-06-07 09:28:36,486,9.0396
C18199133,hongjiacheng-US2D/C18199133,https://wmsc.lcsc.com/wmsc/upload/file/pdf/v2/lcsc/2402252135_hongjiacheng-US2D_C18199133.pdf,expand,0,2026-07-24 06:07:31,hongjiacheng,US2D,SMA(DO-214AC),Fast Recovery / High Efficiency Diodes,-55℃~+150℃ 1 Independent 1V@2A 200V 2A 2uA@200V 50A 50ns SMA(DO-214AC) Fast Recovery / High Efficiency Diodes ROHS,US2D,0.022,3387,1,Diodes,2026-06-07 09:28:36,15,0.33
C18199134,hongjiacheng-US2MB/C18199134,https://wmsc.lcsc.com/wmsc/upload/file/pdf/v2/lcsc/2309251015_hongjiacheng-US2MB_C18199134.pdf,expand,0,2026-07-24 06:07:31,hongjiacheng,US2MB,SMB,Fast Recovery / High Efficiency Diodes,-55℃~+150℃ 1 Independent 1.7V@2A 1kV 2A 2uA@1000V 50A 75ns SMB Fast Recovery / High Efficiency Diodes ROHS,US2MB,0.0305,49330,1,Diodes,2026-06-07 09:28:36,5,0.1525
C18199135,hongjiacheng-US3MBF/C18199135,https://wmsc.lcsc.com/wmsc/upload/file/pdf/v2/lcsc/2309251015_hongjiacheng-US3MBF_C18199135.pdf,expand,0,2026-07-24 06:07:31,hongjiacheng,US3MBF,SMBF,Fast Recovery / High Efficiency Diodes,-55℃~+150℃ 1 Independent 1.7V@3A 100A 1kV 2uA@1000V 3A 75ns SMBF Fast Recovery / High Efficiency Diodes ROHS,US3MBF,0.0453,76392,1,Diodes,2026-06-07 09:28:36,5,0.2265
C18199136,hongjiacheng-US8MC/C18199136,https://www.lcsc.com/datasheet/lcsc_datasheet_2407111401_hongjiacheng-US8MC_C18199136.pdf,expand,0,2026-07-24 06:07:31,hongjiacheng,US8MC,SMC,Fast Recovery / High Efficiency Diodes,-55℃~+150℃ 1 Independent 1.7V@5A 175A 1kV 2uA 75ns 8A SMC Fast Recovery / High Efficiency Diodes ROHS,US8MC,0.1039,26811,1,Diodes,2026-06-07 09:28:36,2,0.2078
C18199137,hongjiacheng-ES1JW/C18199137,https://wmsc.lcsc.com/wmsc/upload/file/pdf/v2/lcsc/2310131745_hongjiacheng-ES1JW_C18199137.pdf,expand,0,2026-07-24 06:07:31,hongjiacheng,ES1JW,SOD-123FL,Fast Recovery / High Efficiency Diodes,-55℃~+150℃ 1 Independent 1.7V@1A 1A 2uA@600V 30A 35ns 600V SOD-123FL Fast Recovery / High Efficiency Diodes ROHS,ES1JW,0.0088,10,1018,Diodes,2026-06-07 09:28:36,1022,8.9936
C18199138,hongjiacheng-ES1G/C18199138,https://wmsc.lcsc.com/wmsc/upload/file/pdf/v2/lcsc/2310131745_hongjiacheng-ES1G_C18199138.pdf,expand,0,2026-07-24 06:07:31,hongjiacheng,ES1G,SMA(DO-214AC),Fast Recovery / High Efficiency Diodes,-55℃~+150℃ 1 Independent 1.3V@1A 1A 2uA@400V 30A 35ns 400V SMA(DO-214AC) Fast Recovery / High Efficiency Diodes ROHS,ES1G,0.0184,103626,1,Diodes,2026-06-07 09:28:36,15,0.276
C18199139,hongjiacheng-ES2A/C18199139,https://wmsc.lcsc.com/wmsc/upload/file/pdf/v2/lcsc/2310131745_hongjiacheng-ES2A_C18199139.pdf,expand,0,2026-07-24 06:07:31,hongjiacheng,ES2A,SMA(DO-214AC),Fast Recovery / High Efficiency Diodes,-55℃~+150℃ 1 Independent 1V@2A 2A 2uA@50V 35ns 50A 50V SMA(DO-214AC) Fast Recovery / High Efficiency Diodes ROHS,ES2A,0.0197,78,455,Diodes,2026-06-07 09:28:36,459,9.0423
C18199140,hongjiacheng-ES2G/C18199140,https://wmsc.lcsc.com/wmsc/upload/file/pdf/v2/lcsc/2402290615_hongjiacheng-ES2G_C18199140.pdf,expand,0,2026-07-24 06:07:31,hongjiacheng,ES2G,SMA(DO-214AC),Fast Recovery / High Efficiency Diodes,-55℃~+150℃ 1 Independent 1.3V@2A 2A 2uA@400V 35ns 400V 50A SMA(DO-214AC) Fast Recovery / High Efficiency Diodes ROHS,ES2G,0.0244,24132,1,Diodes,2026-06-07 09:28:36,15,0.366
C18199141,hongjiacheng-ES2JB/C18199141,https://wmsc.lcsc.com/wmsc/upload/file/pdf/v2/lcsc/2309251015_hongjiacheng-ES2JB_C18199141.pdf,expand,0,2026-07-24 06:07:31,hongjiacheng,ES2JB,SMB,Fast Recovery / High Efficiency Diodes,-55℃~+150℃ 1 Independent 1.7V@2A 2A 2uA@600V 35ns 50A 600V SMB Fast Recovery / High Efficiency Diodes ROHS,ES2JB,0.0265,12201,1,Diodes,2026-06-07 09:28:36,5,0.1325
C18199142,hongjiacheng-ES3DB/C18199142,https://wmsc.lcsc.com/wmsc/upload/file/pdf/v2/lcsc/2309271620_hongjiacheng-ES3DB_C18199142.pdf,expand,0,2026-07-24 06:07:31,hongjiacheng,ES3DB,SMB,Fast Recovery / High Efficiency Diodes,-55℃~+150℃ 1 Independent 100A 1V@3A 200V 2uA@200V 35ns 3A SMB Fast Recovery / High Efficiency Diodes ROHS,ES3DB,0.0427,43411,1,Diodes,2026-06-07 09:28:36,5,0.2135
C18199143,hongjiacheng-ES5JB/C18199143,https://wmsc.lcsc.com/wmsc/upload/file/pdf/v2/lcsc/2309271620_hongjiacheng-ES5JB_C18199143.pdf,expand,0,2026-07-24 06:07:31,hongjiacheng,ES5JB,SMB,Fast Recovery / High Efficiency Diodes,-55℃~+150℃ 1 Independent 1.7V@5A 150A 2uA@600V 35ns 5A 600V SMB Fast Recovery / High Efficiency Diodes ROHS,ES5JB,0.0551,73994,1,Diodes,2026-06-07 09:28:36,5,0.2755
C18199144,hongjiacheng-ES5DC/C18199144,https://wmsc.lcsc.com/wmsc/upload/file/pdf/v2/lcsc/2309271620_hongjiacheng-ES5DC_C18199144.pdf,expand,0,2026-07-24 06:07:31,hongjiacheng,ES5DC,SMC,Fast Recovery / High Efficiency Diodes,-55℃~+150℃ 1 Independent 150A 1V@5A 200V 2uA@200V 35ns 5A SMC Fast Recovery / High Efficiency Diodes ROHS,ES5DC,0.0638,285,141,Diodes,2026-06-07 09:28:36,142,9.0596
C18199145,hongjiacheng-ES5GC/C18199145,https://wmsc.lcsc.com/wmsc/upload/file/pdf/v2/lcsc/2402230125_hongjiacheng-ES5GC_C18199145.pdf,expand,0,2026-07-24 06:07:31,hongjiacheng,ES5GC,SMC,Fast Recovery / High Efficiency Diodes,-55℃~+150℃ 1 Independent 1.3V@5A 150A 2uA@400V 35ns 400V 5A SMC Fast Recovery / High Efficiency Diodes ROHS,ES5GC,0.0832,767,1,Diodes,2026-06-07 09:28:36,2,0.1664
C18199146,hongjiacheng-MURS160/C18199146,https://wmsc.lcsc.com/wmsc/upload/file/pdf/v2/lcsc/2309251015_hongjiacheng-MURS160_C18199146.pdf,expand,0,2026-07-24 06:07:31,hongjiacheng,MURS160,SMA(DO-214AC),Fast Recovery / High Efficiency Diodes,-55℃~+150℃ 1 Independent 1.25V@1A 1A 30A 50ns 5uA@600V 600V SMA(DO-214AC) Fast Recovery / High Efficiency Diodes ROHS,MURS160,0.0371,3809,1,Diodes,2026-06-07 09:28:36,5,0.1855
C18199154,hongjiacheng-ES5JBF/C18199154,https://wmsc.lcsc.com/wmsc/upload/file/pdf/v2/lcsc/2309271620_hongjiacheng-ES5JBF_C18199154.pdf,expand,0,2026-07-24 06:07:31,hongjiacheng,ES5JBF,SMBF,Fast Recovery / High Efficiency Diodes,-55℃~+150℃ 1 Independent 1.7V@5A 150A 2uA@600V 35ns 5A 600V SMBF Fast Recovery / High Efficiency Diodes ROHS,ES5JBF,0.0495,81573,1,Diodes,2026-06-07 09:28:36,15,0.7425
C18199155,hongjiacheng-ES1DW/C18199155,https://wmsc.lcsc.com/wmsc/upload/file/pdf/v2/lcsc/2402261315_hongjiacheng-ES1DW_C18199155.pdf,expand,0,2026-07-24 06:07:31,hongjiacheng,ES1DW,SOD-123FL,Fast Recovery / High Efficiency Diodes,-55℃~+150℃ 1 Independent 1A 1V@1A 200V 2uA@200V 30A 35ns SOD-123FL Fast Recovery / High Efficiency Diodes ROHS,ES1DW,0.0137,6639,1,Diodes,2026-06-07 09:28:36,15,0.2055
C18199156,hongjiacheng-ES2JW/C18199156,https://wmsc.lcsc.com/wmsc/upload/file/pdf/v2/lcsc/2407111401_hongjiacheng-ES2JW_C18199156.pdf,expand,0,2026-07-24 06:07:31,hongjiacheng,ES2JW,SOD-123FL,Fast Recovery / High Efficiency Diodes,-55℃~+150℃ 1 Independent 1.68V@2A 2A 35ns 50A 5uA 600V SOD-123FL Fast Recovery / High Efficiency Diodes ROHS,ES2JW,0.0181,183632,1,Diodes,2026-06-07 09:28:36,15,0.2715
C18199157,hongjiacheng-ES1B/C18199157,https://wmsc.lcsc.com/wmsc/upload/file/pdf/v2/lcsc/2402280140_hongjiacheng-ES1B_C18199157.pdf,expand,0,2026-07-24 06:07:31,hongjiacheng,ES1B,SMA(DO-214AC),Fast Recovery / High Efficiency Diodes,-55℃~+150℃ 1 Independent 100V 1A 1V@1A 2uA@100V 30A 35ns SMA(DO-214AC) Fast Recovery / High Efficiency Diodes ROHS,ES1B,0.0171,54799,1,Diodes,2026-06-07 09:28:36,15,0.2565
C18199158,hongjiacheng-ES1D/C18199158,https://wmsc.lcsc.com/wmsc/upload/file/pdf/v2/lcsc/2402280140_hongjiacheng-ES1D_C18199158.pdf,expand,0,2026-07-24 06:07:31,hongjiacheng,ES1D,SMA(DO-214AC),Fast Recovery / High Efficiency Diodes,-55℃~+150℃ 1 Independent 1A 1V@1A 200V 2uA@200V 30A 35ns SMA(DO-214AC) Fast Recovery / High Efficiency Diodes ROHS,ES1D,0.0187,131,479,Diodes,2026-06-07 09:28:36,483,9.0321
C18199159,hongjiacheng-ES1J/C18199159,https://wmsc.lcsc.com/wmsc/upload/file/pdf/v2/lcsc/2402280140_hongjiacheng-ES1J_C18199159.pdf,expand,0,2026-07-24 06:07:31,hongjiacheng,ES1J,SMA(DO-214AC),Fast Recovery / High Efficiency Diodes,-55℃~+150℃ 1 Independent 1.7V@1A 1A 2uA@600V 30A 35ns 600V SMA(DO-214AC) Fast Recovery / High Efficiency Diodes ROHS,ES1J,0.0151,284896,1,Diodes,2026-06-07 09:28:36,15,0.2265
C18199160,hongjiacheng-ES1M/C18199160,https://jlc-prod-smt.oss-eu-central-1.aliyuncs.com/smtDataManualFile/8755881714419802112-C18199160.pdf?response-content-disposition=attachment%3B%20filename%3DC18199160.pdf%3B%20filename%2A%3DUTF-8%27%27C18199160.pdf&x-oss-date=20260724T060658Z&x-oss-expires=1800&x-oss-security-token=CAISgAN1q6Ft5B2yfSjIr5rgIuvij5JrwJuYW2uEimMAWf9gvPL9kTz2IHhMdHJsAOodtv0%2FmmhT6PkclqRLcbhpcmfjV%2BZHzLB8qZgSm3pQ4J7b16cNrbH4M4H6aXeirtuwDsz9SNTCALjPD3nPii50x5bjaDymRCbLGJaViJlhHLN1Ow6jdmhpCctxLAlvo9NgFxm3D%2Fu2NQPwiWf9FVdhvhEG6Vly8qOi2MaRmFy8yFTx0b0SvJ%2BjYMrmPctoN9JnSdC5mfdzau3a1TJ84gRD0a5wkaVA1zbDs5bfISEIuUzebreLqY03dV4mOvdqIcMe8qigz88fk%2FfIioH6xyxKOexoSCnFTOiiupCcQLPyao9jLu6iayqViY7QaIOTqQohZmkAMwVOasAsI3Ngh4zF97Qt0cVNkXO9gWfLI8DtuMleWgqhV9sUCnSgc5lCkRRYwGs1287ugXlSQzo890KPDAEovaKCnZ2ZSfh7Y4sNknI6i%2Bfc2Se2MIkIbznnuqKWD5sagAGtgh5Y2Oa6ZbaA%2B9JVuj0bt6%2BEB4np2GpeH5aPDJ365C1x94VR8MBAsunLVkDCOwbLaI26%2BlYsT6J6MwF6C56rtvzgWh3Ad4zFk7zVS3iY6JiVDwCsvcG0wV%2FO2iJlVMhTo8i4V9hWf7ScKyZshBoGtb8Z8xvJnV9r%2Bl8pNfnjbyAA&x-oss-signature-version=OSS4-HMAC-SHA256&x-oss-credential=STS.NYUiQVbMJwYsYM5ncUUpLS7Vs%2F20260724%2Feu-central-1%2Foss%2Faliyun_v4_request&x-oss-signature=51aaaceb379dd1872dab3c5738715f89e9f4a9e3f32a4f7e2536621ca41d44ff,expand,0,2026-07-24 06:07:31,hongjiacheng,ES1M,SMA(DO-214AC),Fast Recovery / High Efficiency Diodes,-55℃~+150℃ 1 Independent 1.7V@1A 1A 1kV 2uA 30A 35ns SMA(DO-214AC) Fast Recovery / High Efficiency Diodes ROHS,ES1M,0.0148,18703,1,Diodes,2026-06-07 09:28:36,5,0.074
C18199161,hongjiacheng-ES2D/C18199161,https://wmsc.lcsc.com/wmsc/upload/file/pdf/v2/lcsc/2402290615_hongjiacheng-ES2D_C18199161.pdf,expand,0,2026-07-24 06:07:31,hongjiacheng,ES2D,SMA(DO-214AC),Fast Recovery / High Efficiency Diodes,-55℃~+150℃ 1 Independent 1V@2A 200V 2A 2uA@200V 35ns 50A SMA(DO-214AC) Fast Recovery / High Efficiency Diodes ROHS,ES2D,0.0249,3686,1,Diodes,2026-06-07 09:28:36,15,0.3735
C18199162,hongjiacheng-ES2DB/C18199162,https://wmsc.lcsc.com/wmsc/upload/file/pdf/v2/lcsc/2309251015_hongjiacheng-ES2DB_C18199162.pdf,expand,0,2026-07-24 06:07:31,hongjiacheng,ES2DB,SMB,Fast Recovery / High Efficiency Diodes,-55℃~+150℃ 1 Independent 1V@2A 200V 2A 2uA@200V 35ns 50A SMB Fast Recovery / High Efficiency Diodes ROHS,ES2DB,0.031,5666,1,Diodes,2026-06-07 09:28:36,5,0.155
C18199163,hongjiacheng-ES3JB/C18199163,https://wmsc.lcsc.com/wmsc/upload/file/pdf/v2/lcsc/2309251015_hongjiacheng-ES3JB_C18199163.pdf,expand,0,2026-07-24 06:07:31,hongjiacheng,ES3JB,SMB,Fast Recovery / High Efficiency Diodes,-55℃~+150℃ 1 Independent 1.7V@3A 100A 2uA@600V 35ns 3A 600V SMB Fast Recovery / High Efficiency Diodes ROHS,ES3JB,0.0353,209978,1,Diodes,2026-06-07 09:28:36,5,0.1765
C18199164,hongjiacheng-ES3DC/C18199164,https://wmsc.lcsc.com/wmsc/upload/file/pdf/v2/lcsc/2310120904_hongjiacheng-ES3DC_C18199164.pdf,expand,0,2026-07-24 06:07:31,hongjiacheng,ES3DC,SMC,Fast Recovery / High Efficiency Diodes,-55℃~+150℃ 1 Independent 100A 1V@3A 200V 2uA@200V 35ns 3A SMC Fast Recovery / High Efficiency Diodes ROHS,ES3DC,0.0737,174,1,Diodes,2026-06-07 09:28:36,2,0.1474
C18199165,hongjiacheng-ES3JC/C18199165,https://wmsc.lcsc.com/wmsc/upload/file/pdf/v2/lcsc/2402181750_hongjiacheng-ES3JC_C18199165.pdf,expand,0,2026-07-24 06:07:31,hongjiacheng,ES3JC,SMC,Fast Recovery / High Efficiency Diodes,-55℃~+150℃ 1 Independent 1.7V@3A 100A 2uA 35ns 3A 600V SMC Fast Recovery / High Efficiency Diodes ROHS,ES3JC,0.0743,1472,1,Diodes,2026-06-07 09:28:36,3,0.2229
C18199166,hongjiacheng-ES5JC/C18199166,https://wmsc.lcsc.com/wmsc/upload/file/pdf/v2/lcsc/2309251425_hongjiacheng-ES5JC_C18199166.pdf,expand,0,2026-07-24 06:07:31,hongjiacheng,ES5JC,SMC,Fast Recovery / High Efficiency Diodes,-55℃~+150℃ 1 Independent 1.7V@5A 150A 2uA@600V 35ns 5A 600V SMC Fast Recovery / High Efficiency Diodes ROHS,ES5JC,0.0654,46060,1,Diodes,2026-06-07 09:28:36,2,0.1308
C18199167,hongjiacheng-ES8JC/C18199167,https://wmsc.lcsc.com/wmsc/upload/file/pdf/v2/lcsc/2309251015_hongjiacheng-ES8JC_C18199167.pdf,expand,0,2026-07-24 06:07:31,hongjiacheng,ES8JC,SMC,Fast Recovery / High Efficiency Diodes,-55℃~+150℃ 1 Independent 1.7V@8A 175A 2uA@600V 35ns 600V 8A SMC Fast Recovery / High Efficiency Diodes ROHS,ES8JC,0.1188,17519,1,Diodes,2026-06-07 09:28:36,2,0.2376
C18199168,hongjiacheng-SS58/C18199168,https://wmsc.lcsc.com/wmsc/upload/file/pdf/v2/lcsc/2310131745_hongjiacheng-SS58_C18199168.pdf,expand,0,2026-07-24 06:07:31,hongjiacheng,SS58,SMA(DO-214AC),Schottky Diodes,-55℃~+150℃ 120A 50uA@80V 5A 80V 850mV@5A Standalone SMA(DO-214AC) Schottky Diodes ROHS,SS58,0.0571,188687,1,Diodes,2026-06-07 09:28:36,5,0.2855
C18199169,hongjiacheng-SS56/C18199169,https://wmsc.lcsc.com/wmsc/upload/file/pdf/v2/lcsc/2310131745_hongjiacheng-SS56_C18199169.pdf,expand,0,2026-07-24 06:07:31,hongjiacheng,SS56,SMA(DO-214AC),Schottky Diodes,-55℃~+125℃ 120A 200uA@60V 5A 60V 700mV@5A Standalone SMA(DO-214AC) Schottky Diodes ROHS,SS56,0.054,87572,1,Diodes,2026-06-07 09:28:36,5,0.27
C18199170,hongjiacheng-SS520/C18199170,https://wmsc.lcsc.com/wmsc/upload/file/pdf/v2/lcsc/2310131745_hongjiacheng-SS520_C18199170.pdf,expand,0,2026-07-24 06:07:31,hongjiacheng,SS520,SMA(DO-214AC),Schottky Diodes,200V 50uA@200V 5A 950mV@5A Standalone SMA(DO-214AC) Schottky Diodes ROHS,SS520,0.0764,21294,1,Diodes,2026-06-07 09:28:36,5,0.382
C18199171,hongjiacheng-SS510/C18199171,https://wmsc.lcsc.com/wmsc/upload/file/pdf/v2/lcsc/2310131745_hongjiacheng-SS510_C18199171.pdf,expand,0,2026-07-24 06:07:31,hongjiacheng,SS510,SMA(DO-214AC),Schottky Diodes,-55℃~+150℃ 100V 120A 50uA@100V 5A 850mV@5A Standalone SMA(DO-214AC) Schottky Diodes ROHS,SS510,0.0708,135393,1,Diodes,2026-06-07 09:28:36,5,0.354
C18199172,hongjiacheng-SS320/C18199172,https://wmsc.lcsc.com/wmsc/upload/file/pdf/v2/lcsc/2310131745_hongjiacheng-SS320_C18199172.pdf,expand,0,2026-07-24 06:07:31,hongjiacheng,SS320,SMA(DO-214AC),Schottky Diodes,-55℃~+150℃ 200V 3A 50uA@200V 80A 950mV@3A Standalone SMA(DO-214AC) Schottky Diodes ROHS,SS320,0.0672,67124,1,Diodes,2026-06-07 09:28:36,5,0.336
C18199173,hongjiacheng-SS32/C18199173,https://wmsc.lcsc.com/wmsc/upload/file/pdf/v2/lcsc/2402291130_hongjiacheng-SS32_C18199173.pdf,expand,0,2026-07-24 06:07:31,hongjiacheng,SS32,SMA(DO-214AC),Schottky Diodes,-55℃~+150℃ 200uA@20V 20V 3A 550mV@3A 80A Standalone SMA(DO-214AC) Schottky Diodes ROHS,SS32,0.0443,19508,1,Diodes,2026-06-07 09:28:36,5,0.2215
C18199174,hongjiacheng-SS315/C18199174,https://wmsc.lcsc.com/wmsc/upload/file/pdf/v2/lcsc/2402291130_hongjiacheng-SS315_C18199174.pdf,expand,0,2026-07-24 06:07:31,hongjiacheng,SS315,SMA(DO-214AC),Schottky Diodes,-55℃~+150℃ 150V 3A 50uA@150V 80A 950mV@3A Standalone SMA(DO-214AC) Schottky Diodes ROHS,SS315,0.0674,46210,1,Diodes,2026-06-07 09:28:36,5,0.337
C18199175,hongjiacheng-SS210/C18199175,https://wmsc.lcsc.com/wmsc/upload/file/pdf/v2/lcsc/2310131745_hongjiacheng-SS210_C18199175.pdf,expand,0,2026-07-24 06:07:31,hongjiacheng,SS210,SMA(DO-214AC),Schottky Diodes,-55℃~+150℃ 100V 2A 50A 50uA@100V 850mV@2A Standalone SMA(DO-214AC) Schottky Diodes ROHS,SS210,0.0402,40899,1,Diodes,2026-06-07 09:28:36,15,0.603
C18199176,hongjiacheng-SS16/C18199176,https://wmsc.lcsc.com/wmsc/upload/file/pdf/v2/lcsc/2310131745_hongjiacheng-SS16_C18199176.pdf,expand,0,2026-07-24 06:07:31,hongjiacheng,SS16,SMA(DO-214AC),Schottky Diodes,-55℃~+150℃ 1A 200uA@60V 30A 60V 700mV@1A Standalone SMA(DO-214AC) Schottky Diodes ROHS,SS16,0.0195,249028,1,Diodes,2026-06-07 09:28:36,15,0.2925
C18199177,hongjiacheng-SS12/C18199177,https://wmsc.lcsc.com/wmsc/upload/file/pdf/v2/lcsc/2310131745_hongjiacheng-SS12_C18199177.pdf,expand,0,2026-07-24 06:07:31,hongjiacheng,SS12,SMA(DO-214AC),Schottky Diodes,-55℃~+150℃ 1A 200uA@20V 20V 30A 550mV@1A Standalone SMA(DO-214AC) Schottky Diodes ROHS,SS12,0.0207,30608,1,Diodes,2026-06-07 09:28:36,15,0.3105
C18199178,hongjiacheng-SS110/C18199178,https://wmsc.lcsc.com/wmsc/upload/file/pdf/v2/lcsc/2310131745_hongjiacheng-SS110_C18199178.pdf,expand,0,2026-07-24 06:07:31,hongjiacheng,SS110,SMA(DO-214AC),Schottky Diodes,-55℃~+150℃ 100V 1A 30A 50uA@100V 850mV@1A Standalone SMA(DO-214AC) Schottky Diodes ROHS,SS110,0.0257,79526,1,Diodes,2026-06-07 09:28:36,15,0.3855
C18199179,hongjiacheng-SS54F/C18199179,https://wmsc.lcsc.com/wmsc/upload/file/pdf/v2/lcsc/2309271036_hongjiacheng-SS54F_C18199179.pdf,expand,0,2026-07-24 06:07:31,hongjiacheng,SS54F,SMAF,Schottky Diodes,-55℃~+125℃ 120A 200uA@40V 40V 550mV@5A 5A Standalone SMAF Schottky Diodes ROHS,SS54F,0.051,17252,1,Diodes,2026-06-07 09:28:36,5,0.255
C18199180,hongjiacheng-SS56B/C18199180,https://wmsc.lcsc.com/wmsc/upload/file/pdf/v2/lcsc/2309251015_hongjiacheng-SS56B_C18199180.pdf,expand,0,2026-07-24 06:07:31,hongjiacheng,SS56B,SMB,Schottky Diodes,200uA@60V 5A 60V 700mV@5A Standalone SMB Schottky Diodes ROHS,SS56B,0.0542,171243,1,Diodes,2026-06-07 09:28:36,5,0.271
C18199181,hongjiacheng-SS54B/C18199181,https://wmsc.lcsc.com/wmsc/upload/file/pdf/v2/lcsc/2309251425_hongjiacheng-SS54B_C18199181.pdf,expand,0,2026-07-24 06:07:31,hongjiacheng,SS54B,SMB,Schottky Diodes,-55℃~+125℃ 120A 200uA@40V 40V 550mV@5A 5A Standalone SMB Schottky Diodes ROHS,SS54B,0.0745,93740,1,Diodes,2026-06-07 09:28:36,5,0.3725
C18199182,hongjiacheng-SS36B/C18199182,https://wmsc.lcsc.com/wmsc/upload/file/pdf/v2/lcsc/2309271036_hongjiacheng-SS36B_C18199182.pdf,expand,0,2026-07-24 06:07:31,hongjiacheng,SS36B,SMB,Schottky Diodes,-55℃~+150℃ 200uA@60V 3A 60V 700mV@3A 80A Standalone SMB Schottky Diodes ROHS,SS36B,0.0389,1,231,Diodes,2026-06-07 09:28:36,233,9.0637
C18199183,hongjiacheng-SS310B/C18199183,https://wmsc.lcsc.com/wmsc/upload/file/pdf/v2/lcsc/2402270255_hongjiacheng-SS310B_C18199183.pdf,expand,0,2026-07-24 06:07:31,hongjiacheng,SS310B,SMB,Schottky Diodes,100V 3A 50uA@100V 850mV@3A Standalone SMB Schottky Diodes ROHS,SS310B,0.0476,32607,1,Diodes,2026-06-07 09:28:36,5,0.238
C18199184,hongjiacheng-SS26B/C18199184,https://wmsc.lcsc.com/wmsc/upload/file/pdf/v2/lcsc/2309271036_hongjiacheng-SS26B_C18199184.pdf,expand,0,2026-07-24 06:07:31,hongjiacheng,SS26B,SMB,Schottky Diodes,-55℃~+125℃ 200uA@60V 2A 50A 60V 700mV@2A Standalone SMB Schottky Diodes ROHS,SS26B,0.0368,24368,1,Diodes,2026-06-07 09:28:36,5,0.184
C18199185,hongjiacheng-SS24B/C18199185,https://wmsc.lcsc.com/wmsc/upload/file/pdf/v2/lcsc/2403020050_hongjiacheng-SS24B_C18199185.pdf,expand,0,2026-07-24 06:07:31,hongjiacheng,SS24B,SMB,Schottky Diodes,-55℃~+125℃ 200uA@40V 2A 40V 50A 550mV@2A Standalone SMB Schottky Diodes ROHS,SS24B,0.027,13866,1,Diodes,2026-06-07 09:28:36,5,0.135
C18199186,hongjiacheng-SS210B/C18199186,https://wmsc.lcsc.com/wmsc/upload/file/pdf/v2/lcsc/2403020050_hongjiacheng-SS210B_C18199186.pdf,expand,0,2026-07-24 06:07:31,hongjiacheng,SS210B,SMB,Schottky Diodes,100V 20uA@100V 2A 850mV@2A Standalone SMB Schottky Diodes ROHS,SS210B,0.0376,3559,1,Diodes,2026-06-07 09:28:36,5,0.188
C18199187,hongjiacheng-SS56C/C18199187,https://wmsc.lcsc.com/wmsc/upload/file/pdf/v2/lcsc/2309271036_hongjiacheng-SS56C_C18199187.pdf,expand,0,2026-07-24 06:07:31,hongjiacheng,SS56C,SMC,Schottky Diodes,-55℃~+150℃ 120A 150uA@60V 5A 60V 680mV@5A Standalone SMC Schottky Diodes ROHS,SS56C,0.0795,29395,1,Diodes,2026-06-07 09:28:36,2,0.159
C18199188,hongjiacheng-SS54C/C18199188,https://jlc-prod-smt.oss-eu-central-1.aliyuncs.com/smtDataManualFile/8755883212260286464-C18199188.pdf?response-content-disposition=attachment%3B%20filename%3DC18199188.pdf%3B%20filename%2A%3DUTF-8%27%27C18199188.pdf&x-oss-date=20260724T060658Z&x-oss-expires=1800&x-oss-security-token=CAISgAN1q6Ft5B2yfSjIr5rgIuvij5JrwJuYW2uEimMAWf9gvPL9kTz2IHhMdHJsAOodtv0%2FmmhT6PkclqRLcbhpcmfjV%2BZHzLB8qZgSm3pQ4J7b16cNrbH4M4H6aXeirtuwDsz9SNTCALjPD3nPii50x5bjaDymRCbLGJaViJlhHLN1Ow6jdmhpCctxLAlvo9NgFxm3D%2Fu2NQPwiWf9FVdhvhEG6Vly8qOi2MaRmFy8yFTx0b0SvJ%2BjYMrmPctoN9JnSdC5mfdzau3a1TJ84gRD0a5wkaVA1zbDs5bfISEIuUzebreLqY03dV4mOvdqIcMe8qigz88fk%2FfIioH6xyxKOexoSCnFTOiiupCcQLPyao9jLu6iayqViY7QaIOTqQohZmkAMwVOasAsI3Ngh4zF97Qt0cVNkXO9gWfLI8DtuMleWgqhV9sUCnSgc5lCkRRYwGs1287ugXlSQzo890KPDAEovaKCnZ2ZSfh7Y4sNknI6i%2Bfc2Se2MIkIbznnuqKWD5sagAGtgh5Y2Oa6ZbaA%2B9JVuj0bt6%2BEB4np2GpeH5aPDJ365C1x94VR8MBAsunLVkDCOwbLaI26%2BlYsT6J6MwF6C56rtvzgWh3Ad4zFk7zVS3iY6JiVDwCsvcG0wV%2FO2iJlVMhTo8i4V9hWf7ScKyZshBoGtb8Z8xvJnV9r%2Bl8pNfnjbyAA&x-oss-signature-version=OSS4-HMAC-SHA256&x-oss-credential=STS.NYUiQVbMJwYsYM5ncUUpLS7Vs%2F20260724%2Feu-central-1%2Foss%2Faliyun_v4_request&x-oss-signature=0fa4694bf11b026e6365cdb411992dc1ed75650f1b823aa364e197376c485367,expand,0,2026-07-24 06:07:31,hongjiacheng,SS54C,SMC,Schottky Diodes,-55℃~+125℃ 120A 150uA@40V 40V 5A 680mV@5A Standalone SMC Schottky Diodes ROHS,SS54C,0.0886,8582,1,Diodes,2026-06-07 09:28:36,2,0.1772
C18199189,hongjiacheng-SS520C/C18199189,https://wmsc.lcsc.com/wmsc/upload/file/pdf/v2/lcsc/2403020105_hongjiacheng-SS520C_C18199189.pdf,expand,0,2026-07-24 06:07:31,hongjiacheng,SS520C,SMC,Schottky Diodes,-55℃~+150℃ 120A 200V 50uA@200V 5A 950mV@5A Standalone SMC Schottky Diodes ROHS,SS520C,0.1304,33641,1,Diodes,2026-06-07 09:28:36,2,0.2608
C18199190,hongjiacheng-SS510C/C18199190,https://wmsc.lcsc.com/wmsc/upload/file/pdf/v2/lcsc/2403020105_hongjiacheng-SS510C_C18199190.pdf,expand,0,2026-07-24 06:07:31,hongjiacheng,SS510C,SMC,Schottky Diodes,-55℃~+150℃ 100V 120A 50uA@100V 5A 850mV@5A Standalone SMC Schottky Diodes ROHS,SS510C,0.1033,15671,1,Diodes,2026-06-07 09:28:36,2,0.2066
C18199191,hongjiacheng-SS36C/C18199191,https://wmsc.lcsc.com/wmsc/upload/file/pdf/v2/lcsc/2309251425_hongjiacheng-SS36C_C18199191.pdf,expand,0,2026-07-24 06:07:31,hongjiacheng,SS36C,SMC,Schottky Diodes,-55℃~+150℃ 3A 500uA@60V 60V 700mV@3A 80A Standalone SMC Schottky Diodes ROHS,SS36C,0.0751,2659,1,Diodes,2026-06-07 09:28:36,2,0.1502
C18199192,hongjiacheng-SS34C/C18199192,https://wmsc.lcsc.com/wmsc/upload/file/pdf/v2/lcsc/2309251425_hongjiacheng-SS34C_C18199192.pdf,expand,0,2026-07-24 06:07:31,hongjiacheng,SS34C,SMC,Schottky Diodes,-55℃~+125℃ 3A 40V 500uA@40V 550mV@3A 80A Standalone SMC Schottky Diodes ROHS,SS34C,0.068,19901,1,Diodes,2026-06-07 09:28:36,2,0.136
C18199193,hongjiacheng-SK1010C/C18199193,https://wmsc.lcsc.com/wmsc/upload/file/pdf/v2/lcsc/2309251425_hongjiacheng-SK1010C_C18199193.pdf,expand,0,2026-07-24 06:07:31,hongjiacheng,SK1010C,SMC,Schottky Diodes,-55℃~+150℃ 100V 10A 175A 50uA@100V 850mV@10A Independent SMC Schottky Diodes ROHS,SK1010C,0.202,53184,1,Diodes,2026-06-07 09:28:36,2,0.404
C18199194,hongjiacheng-SS56BF/C18199194,https://wmsc.lcsc.com/wmsc/upload/file/pdf/v2/lcsc/2309271036_hongjiacheng-SS56BF_C18199194.pdf,expand,0,2026-07-24 06:07:31,hongjiacheng,SS56BF,SMBF,Schottky Diodes,-55℃~+150℃ 1 Independent 120A 200uA@60V 5A 60V 700mV@5A SMBF Schottky Diodes ROHS,SS56BF,0.0555,27497,1,Diodes,2026-06-07 09:28:36,5,0.2775
C18199195,hongjiacheng-SS54BF/C18199195,https://wmsc.lcsc.com/wmsc/upload/file/pdf/v2/lcsc/2403020250_hongjiacheng-SS54BF_C18199195.pdf,expand,0,2026-07-24 06:07:31,hongjiacheng,SS54BF,SMBF,Schottky Diodes,-55℃~+150℃ 1 Independent 120A 200uA@40V 40V 550mV@5A 5A SMBF Schottky Diodes ROHS,SS54BF,0.0529,9664,1,Diodes,2026-06-07 09:28:36,5,0.2645
C18199196,hongjiacheng-SS38/C18199196,https://wmsc.lcsc.com/wmsc/upload/file/pdf/v2/lcsc/2402291130_hongjiacheng-SS38_C18199196.pdf,expand,0,2026-07-24 06:07:31,hongjiacheng,SS38,SMA(DO-214AC),Schottky Diodes,-55℃~+150℃ 3A 50uA@80V 80A 80V 850mV@3A Standalone SMA(DO-214AC) Schottky Diodes ROHS,SS38,0.0513,277094,1,Diodes,2026-06-07 09:28:36,5,0.2565
C18199197,hongjiacheng-SS120/C18199197,https://wmsc.lcsc.com/wmsc/upload/file/pdf/v2/lcsc/2310131745_hongjiacheng-SS120_C18199197.pdf,expand,0,2026-07-24 06:07:31,hongjiacheng,SS120,SMA(DO-214AC),Schottky Diodes,-55℃~+150℃ 1A 200V 30A 50uA@200V 950mV@1A Standalone SMA(DO-214AC) Schottky Diodes ROHS,SS120,0.0358,2433,1,Diodes,2026-06-07 09:28:36,15,0.537
C18199198,hongjiacheng-SS115/C18199198,https://wmsc.lcsc.com/wmsc/upload/file/pdf/v2/lcsc/2310131745_hongjiacheng-SS115_C18199198.pdf,expand,0,2026-07-24 06:07:31,hongjiacheng,SS115,SMA(DO-214AC),Schottky Diodes,-55℃~+150℃ 150V 1A 30A 50uA@150V 950mV@1A Standalone SMA(DO-214AC) Schottky Diodes ROHS,SS115,0.0315,10552,1,Diodes,2026-06-07 09:28:36,15,0.4725
C18199199,hongjiacheng-SS34F/C18199199,https://wmsc.lcsc.com/wmsc/upload/file/pdf/v2/lcsc/2309271036_hongjiacheng-SS34F_C18199199.pdf,expand,0,2026-07-24 06:07:31,hongjiacheng,SS34F,SMAF,Schottky Diodes,-55℃~+125℃ 200uA@40V 3A 40V 550mV@3A 80A Standalone SMAF Schottky Diodes ROHS,SS34F,0.0424,49487,1,Diodes,2026-06-07 09:28:36,15,0.636
C18199200,hongjiacheng-SS320F/C18199200,https://wmsc.lcsc.com/wmsc/upload/file/pdf/v2/lcsc/2403020340_hongjiacheng-SS320F_C18199200.pdf,expand,0,2026-07-24 06:07:31,hongjiacheng,SS320F,SMAF,Schottky Diodes,-55℃~+150℃ 200V 3A 50uA@200V 80A 950mV@3A Standalone SMAF Schottky Diodes ROHS,SS320F,0.0711,175575,1,Diodes,2026-06-07 09:28:36,5,0.3555
C18199201,hongjiacheng-SS26F/C18199201,https://wmsc.lcsc.com/wmsc/upload/file/pdf/v2/lcsc/2309271036_hongjiacheng-SS26F_C18199201.pdf,expand,0,2026-07-24 06:07:31,hongjiacheng,SS26F,SMAF,Schottky Diodes,-55℃~+125℃ 200uA@60V 2A 50A 60V 700mV@2A Standalone SMAF Schottky Diodes ROHS,SS26F,0.0271,46864,1,Diodes,2026-06-07 09:28:36,15,0.4065
C18199202,hongjiacheng-SS24F/C18199202,https://wmsc.lcsc.com/wmsc/upload/file/pdf/v2/lcsc/2403020740_hongjiacheng-SS24F_C18199202.pdf,expand,0,2026-07-24 06:07:31,hongjiacheng,SS24F,SMAF,Schottky Diodes,200uA@40V 2A 40V 550mV@2A Independent SMAF Schottky Diodes ROHS,SS24F,0.0282,63067,1,Diodes,2026-06-07 09:28:36,5,0.141
C18199203,hongjiacheng-SS14F/C18199203,https://wmsc.lcsc.com/wmsc/upload/file/pdf/v2/lcsc/2309271036_hongjiacheng-SS14F_C18199203.pdf,expand,0,2026-07-24 06:07:31,hongjiacheng,SS14F,SMAF,Schottky Diodes,-55℃~+125℃ 1A 200uA@40V 30A 40V 550mV@1A Standalone SMAF Schottky Diodes ROHS,SS14F,0.0187,69169,1,Diodes,2026-06-07 09:28:36,15,0.2805
C18199204,hongjiacheng-SS520B/C18199204,https://wmsc.lcsc.com/wmsc/upload/file/pdf/v2/lcsc/2309251425_hongjiacheng-SS520B_C18199204.pdf,expand,0,2026-07-24 06:07:31,hongjiacheng,SS520B,SMB,Schottky Diodes,-55℃~+150℃ 120A 200V 50uA@200V 5A 950mV@5A Standalone SMB Schottky Diodes ROHS,SS520B,0.1307,940,1,Diodes,2026-06-07 09:28:36,5,0.6535
C18199205,hongjiacheng-SS515B/C18199205,https://wmsc.lcsc.com/wmsc/upload/file/pdf/v2/lcsc/2309251425_hongjiacheng-SS515B_C18199205.pdf,expand,0,2026-07-24 06:07:31,hongjiacheng,SS515B,SMB,Schottky Diodes,-55℃~+150℃ 120A 150V 50uA@150V 5A 950mV@5A Standalone SMB Schottky Diodes ROHS,SS515B,0.0864,7548,1,Diodes,2026-06-07 09:28:36,5,0.432
C18199206,hongjiacheng-SS320B/C18199206,https://wmsc.lcsc.com/wmsc/upload/file/pdf/v2/lcsc/2402270255_hongjiacheng-SS320B_C18199206.pdf,expand,0,2026-07-24 06:07:31,hongjiacheng,SS320B,SMB,Schottky Diodes,-55℃~+150℃ 200V 3A 50uA@200V 80A 950mV@3A Standalone SMB Schottky Diodes ROHS,SS320B,0.0741,14185,1,Diodes,2026-06-07 09:28:36,5,0.3705
C18199207,hongjiacheng-SS84C/C18199207,https://wmsc.lcsc.com/wmsc/upload/file/pdf/v2/lcsc/2309271036_hongjiacheng-SS84C_C18199207.pdf,expand,0,2026-07-24 06:07:31,hongjiacheng,SS84C,SMC,Schottky Diodes,-55℃~+125℃ 150A 40V 500uA@40V 550mV@8A 8A Standalone SMC Schottky Diodes ROHS,SS84C,0.17,8854,1,Diodes,2026-06-07 09:28:36,2,0.34
C18199208,hongjiacheng-SS310C/C18199208,https://wmsc.lcsc.com/wmsc/upload/file/pdf/v2/lcsc/2309251015_hongjiacheng-SS310C_C18199208.pdf,expand,0,2026-07-24 06:07:31,hongjiacheng,SS310C,SMC,Schottky Diodes,-55℃~+150℃ 100V 3A 50uA@100V 80A 850mV@3A Standalone SMC Schottky Diodes ROHS,SS310C,0.0745,8651,1,Diodes,2026-06-07 09:28:36,2,0.149
C18199209,hongjiacheng-SK86C/C18199209,https://wmsc.lcsc.com/wmsc/upload/file/pdf/v2/lcsc/2309271036_hongjiacheng-SK86C_C18199209.pdf,expand,0,2026-07-24 06:07:31,hongjiacheng,SK86C,SMC,Schottky Diodes,-55℃~+150℃ 150A 500uA@60V 60V 700mV@8A 8A Standalone SMC Schottky Diodes ROHS,SK86C,0.1379,20375,1,Diodes,2026-06-07 09:28:36,2,0.2758
C18199210,hongjiacheng-SK106C/C18199210,https://wmsc.lcsc.com/wmsc/upload/file/pdf/v2/lcsc/2402241405_hongjiacheng-SK106C_C18199210.pdf,expand,0,2026-07-24 06:07:31,hongjiacheng,SK106C,SMC,Schottky Diodes,10A 500uA@60V 60V 700mV@10A Standalone SMC Schottky Diodes ROHS,SK106C,0.1763,84722,1,Diodes,2026-06-07 09:28:36,2,0.3526
C18199211,hongjiacheng-SK104C/C18199211,https://wmsc.lcsc.com/wmsc/upload/file/pdf/v2/lcsc/2402241405_hongjiacheng-SK104C_C18199211.pdf,expand,0,2026-07-24 06:07:31,hongjiacheng,SK104C,SMC,Schottky Diodes,-55℃~+125℃ 10A 175A 40V 500uA@40V 550mV@10A Independent SMC Schottky Diodes ROHS,SK104C,0.1853,14209,1,Diodes,2026-06-07 09:28:36,2,0.3706
C18199212,hongjiacheng-SK1045C/C18199212,https://wmsc.lcsc.com/wmsc/upload/file/pdf/v2/lcsc/2402241405_hongjiacheng-SK1045C_C18199212.pdf,expand,0,2026-07-24 06:07:31,hongjiacheng,SK1045C,SMC,Schottky Diodes,-55℃~+150℃ 10A 175A 45V 500uA@45V 550mV@10A Standalone SMC Schottky Diodes ROHS,SK1045C,0.1821,9650,1,Diodes,2026-06-07 09:28:36,2,0.3642
C18229,onsemi-LM2904DR2G/C18229,https://www.lcsc.com/datasheet/lcsc_datasheet_1811012110_onsemi-LM2904DR2G_C18229.pdf,expand,0,2026-07-24 06:07:31,onsemi,LM2904DR2G,SOIC-8,Operational Amplifier,-16V~16V -40℃~+105℃ 1.5mA 10pA/℃ 2 2mV 32V 3V~32V 40mA 45nA 50nA 70dB 7uV/℃ SOIC-8 Operational Amplifier ROHS,单电源双运算放大器,0.0672,536074,1,Amplifiers/Comparators,2026-06-07 09:28:36,1,0.0672
C18359,19056-0805W8F3601T5E/C18359,https://www.lcsc.com/datasheet/lcsc_datasheet_2206010145_UNI-ROYAL-Uniroyal-Elec-0805W8F3601T5E_C18359.pdf,expand,0,2026-07-24 06:07:31,UNI-ROYAL(Uniroyal Elec),0805W8F3601T5E,0805,Chip Resistor - Surface Mount,-55℃~+155℃ 125mW 150V 3.6kΩ Thick Film Resistor ±1% ±100ppm/℃ 0805 Chip Resistor - Surface Mount ROHS,3.6kΩ ±1% 125mW 厚膜电阻,0.0128,504138,1,Resistors,2026-06-07 09:28:36,20,0.256
C1846,2198-1206B103K500NT/C1846,https://www.lcsc.com/datasheet/lcsc_datasheet_2304140030_FH--Guangdong-Fenghua-Advanced-Tech-1206B103K500NT_C1846.pdf,base,0,2026-07-24 06:07:31,FH (Guangdong Fenghua Advanced Tech),1206B103K500NT,1206,Multilayer Ceramic Capacitors MLCC - SMD/SMT,10nF 50V X7R ±10% 1206 Multilayer Ceramic Capacitors MLCC - SMD/SMT ROHS,10nF ±10% 50V,0.0385,539201,1,Capacitors,2026-06-07 09:28:36,20,0.77
C1848,2200-CL31B105KBHNNNE/C1848,https://www.lcsc.com/datasheet/lcsc_datasheet_2304140030_Samsung-Electro-Mechanics-CL31B105KBHNNNE_C1848.pdf,base,0,2026-07-24 06:07:31,Samsung Electro-Mechanics,CL31B105KBHNNNE,1206,Multilayer Ceramic Capacitors MLCC - SMD/SMT,1uF 50V X7R ±10% 1206 Multilayer Ceramic Capacitors MLCC - SMD/SMT ROHS,1uF ±10% 50V,0.0735,964167,1,Capacitors,2026-06-07 09:28:36,15,1.1025
C1857,2209-1206B224K500NT/C1857,https://www.lcsc.com/datasheet/lcsc_datasheet_2304140030_FH--Guangdong-Fenghua-Advanced-Tech-1206B224K500NT_C1857.pdf,expand,0,2026-07-24 06:07:31,FH (Guangdong Fenghua Advanced Tech),1206B224K500NT,1206,Multilayer Ceramic Capacitors MLCC - SMD/SMT,220nF 50V X7R ±10% 1206 Multilayer Ceramic Capacitors MLCC - SMD/SMT ROHS,220nF ±10% 50V,0.0667,141011,1,Capacitors,2026-06-07 09:28:36,15,1.0005
C19077392,hongjiacheng-BZT52B3V3/C19077392,https://wmsc.lcsc.com/wmsc/upload/file/pdf/v2/lcsc/2310251757_hongjiacheng-BZT52B3V3_C19077392.pdf,expand,0,2026-07-24 06:07:31,hongjiacheng,BZT52B3V3,SOD-123,Zener Diodes,-55℃~+150℃ 1 Independent 3.23V~3.37V 3.3V 500mW 5uA@1V 600Ω 95Ω SOD-123 Zener Diodes ROHS,BZT52B3V3,0.0223,311726,1,Diodes,2026-06-07 09:28:36,15,0.3345
C19077393,hongjiacheng-BZT52B5V1/C19077393,https://wmsc.lcsc.com/wmsc/upload/file/pdf/v2/lcsc/2403190550_hongjiacheng-BZT52B5V1_C19077393.pdf,expand,0,2026-07-24 06:07:31,hongjiacheng,BZT52B5V1,SOD-123,Zener Diodes,-55℃~+150℃ 1 Independent 2uA@2V 480Ω 5.1V 500mW 5V~5.2V 60Ω SOD-123 Zener Diodes ROHS,BZT52B5V1,0.0199,486705,1,Diodes,2026-06-07 09:28:36,15,0.2985
C19077394,hongjiacheng-BZT52C2V7/C19077394,https://wmsc.lcsc.com/wmsc/upload/file/pdf/v2/lcsc/2311171118_hongjiacheng-BZT52C2V7_C19077394.pdf,expand,0,2026-07-24 06:07:31,hongjiacheng,BZT52C2V7,SOD-123,Zener Diodes,-55℃~+150℃ 1 Independent 100Ω 2.57V~2.84V 2.7V 20uA 350mW 600Ω SOD-123 Zener Diodes ROHS,BZT52C2V7,0.0181,648086,1,Diodes,2026-06-07 09:28:36,15,0.2715
C19077395,hongjiacheng-BZT52C3V0/C19077395,https://wmsc.lcsc.com/wmsc/upload/file/pdf/v2/lcsc/2311171118_hongjiacheng-BZT52C3V0_C19077395.pdf,expand,0,2026-07-24 06:07:31,hongjiacheng,BZT52C3V0,SOD-123,Zener Diodes,-55℃~+150℃ 1 Independent 10uA@1V 2.85V~3.15V 350mW 3V 600Ω 95Ω SOD-123 Zener Diodes ROHS,BZT52C3V0,0.0168,463498,1,Diodes,2026-06-07 09:28:36,15,0.252
C19077396,hongjiacheng-BZT52C3V3/C19077396,https://wmsc.lcsc.com/wmsc/upload/file/pdf/v2/lcsc/2311171118_hongjiacheng-BZT52C3V3_C19077396.pdf,expand,0,2026-07-24 06:07:31,hongjiacheng,BZT52C3V3,SOD-123,Zener Diodes,-55℃~+150℃ 1 Independent 3.14V~3.47V 3.3V 350mW 5uA 600Ω 95Ω SOD-123 Zener Diodes ROHS,BZT52C3V3,0.0189,329625,1,Diodes,2026-06-07 09:28:36,15,0.2835
C19077397,hongjiacheng-BZT52C3V6/C19077397,https://wmsc.lcsc.com/wmsc/upload/file/pdf/v2/lcsc/2403280140_hongjiacheng-BZT52C3V6_C19077397.pdf,expand,0,2026-07-24 06:07:31,hongjiacheng,BZT52C3V6,SOD-123,Zener Diodes,-55℃~+150℃ 1 Independent 3.42V~3.78V 3.6V 350mW 5uA@1V 600Ω 90Ω SOD-123 Zener Diodes ROHS,BZT52C3V6,0.0145,34092,1,Diodes,2026-06-07 09:28:36,15,0.2175
C19077398,hongjiacheng-BZT52C3V9/C19077398,https://wmsc.lcsc.com/wmsc/upload/file/pdf/v2/lcsc/2403231215_hongjiacheng-BZT52C3V9_C19077398.pdf,expand,0,2026-07-24 06:07:31,hongjiacheng,BZT52C3V9,SOD-123,Zener Diodes,-55℃~+150℃ 1 Independent 3.71V~4.1V 3.9V 350mW 3uA@1V 600Ω 90Ω SOD-123 Zener Diodes ROHS,BZT52C3V9,0.0122,105027,1,Diodes,2026-06-07 09:28:36,15,0.183
C19077399,hongjiacheng-BZT52C4V3/C19077399,https://wmsc.lcsc.com/wmsc/upload/file/pdf/v2/lcsc/2403231215_hongjiacheng-BZT52C4V3_C19077399.pdf,expand,0,2026-07-24 06:07:31,hongjiacheng,BZT52C4V3,SOD-123,Zener Diodes,-55℃~+150℃ 1 Independent 350mW 3uA 4.09V~4.52V 4.3V 600Ω 90Ω SOD-123 Zener Diodes ROHS,BZT52C4V3,0.0176,56452,1,Diodes,2026-06-07 09:28:36,15,0.264
C19077400,hongjiacheng-BZT52C4V7/C19077400,https://wmsc.lcsc.com/wmsc/upload/file/pdf/v2/lcsc/2403231215_hongjiacheng-BZT52C4V7_C19077400.pdf,expand,0,2026-07-24 06:07:31,hongjiacheng,BZT52C4V7,SOD-123,Zener Diodes,-55℃~+150℃ 1 Independent 350mW 3uA 4.47V~4.94V 4.7V 500Ω 80Ω SOD-123 Zener Diodes ROHS,BZT52C4V7,0.0171,907919,1,Diodes,2026-06-07 09:28:36,15,0.2565
C19077401,hongjiacheng-BZT52C5V1/C19077401,https://wmsc.lcsc.com/wmsc/upload/file/pdf/v2/lcsc/2403231215_hongjiacheng-BZT52C5V1_C19077401.pdf,expand,0,2026-07-24 06:07:31,hongjiacheng,BZT52C5V1,SOD-123,Zener Diodes,-55℃~+150℃ 1 Independent 2uA 350mW 4.85V~5.36V 480Ω 5.1V 60Ω SOD-123 Zener Diodes ROHS,BZT52C5V1,0.0171,429068,1,Diodes,2026-06-07 09:28:36,15,0.2565
C19077402,hongjiacheng-BZT52C5V6/C19077402,https://wmsc.lcsc.com/wmsc/upload/file/pdf/v2/lcsc/2403231215_hongjiacheng-BZT52C5V6_C19077402.pdf,expand,0,2026-07-24 06:07:31,hongjiacheng,BZT52C5V6,SOD-123,Zener Diodes,-55℃~+150℃ 1 Independent 1uA@2V 350mW 400Ω 40Ω 5.32V~5.88V 5.6V SOD-123 Zener Diodes ROHS,BZT52C5V6,0.0174,337621,1,Diodes,2026-06-07 09:28:36,15,0.261
C19077403,hongjiacheng-BZT52C6V2/C19077403,https://wmsc.lcsc.com/wmsc/upload/file/pdf/v2/lcsc/2403280100_hongjiacheng-BZT52C6V2_C19077403.pdf,expand,0,2026-07-24 06:07:31,hongjiacheng,BZT52C6V2,SOD-123,Zener Diodes,-55℃~+150℃ 1 Independent 10Ω 150Ω 350mW 3uA@4V 5.89V~6.51V 6.2V SOD-123 Zener Diodes ROHS,BZT52C6V2,0.0176,270739,1,Diodes,2026-06-07 09:28:36,15,0.264
C19077404,hongjiacheng-BZT52C6V8/C19077404,https://wmsc.lcsc.com/wmsc/upload/file/pdf/v2/lcsc/2403280100_hongjiacheng-BZT52C6V8_C19077404.pdf,expand,0,2026-07-24 06:07:31,hongjiacheng,BZT52C6V8,SOD-123,Zener Diodes,-55℃~+150℃ 1 Independent 15Ω 2uA 350mW 6.46V~7.14V 6.8V 80Ω SOD-123 Zener Diodes ROHS,BZT52C6V8,0.016,245489,1,Diodes,2026-06-07 09:28:36,15,0.24
C19077405,hongjiacheng-BZT52C7V5/C19077405,https://wmsc.lcsc.com/wmsc/upload/file/pdf/v2/lcsc/2403280100_hongjiacheng-BZT52C7V5_C19077405.pdf,expand,0,2026-07-24 06:07:31,hongjiacheng,BZT52C7V5,SOD-123,Zener Diodes,-55℃~+150℃ 1 Independent 15Ω 1uA 350mW 7.13V~7.88V 7.5V 80Ω SOD-123 Zener Diodes ROHS,BZT52C7V5,0.0179,24771,1,Diodes,2026-06-07 09:28:36,15,0.2685
C19077406,hongjiacheng-BZT52C8V2/C19077406,https://wmsc.lcsc.com/wmsc/upload/file/pdf/v2/lcsc/2403280100_hongjiacheng-BZT52C8V2_C19077406.pdf,expand,0,2026-07-24 06:07:31,hongjiacheng,BZT52C8V2,SOD-123,Zener Diodes,-55℃~+150℃ 1 Independent 15Ω 350mW 7.79V~8.61V 700nA@5V 8.2V 80Ω SOD-123 Zener Diodes ROHS,BZT52C8V2,0.0179,394647,1,Diodes,2026-06-07 09:28:36,15,0.2685
C19077407,hongjiacheng-BZT52C9V1/C19077407,https://wmsc.lcsc.com/wmsc/upload/file/pdf/v2/lcsc/2403280100_hongjiacheng-BZT52C9V1_C19077407.pdf,expand,0,2026-07-24 06:07:31,hongjiacheng,BZT52C9V1,SOD-123,Zener Diodes,-55℃~+150℃ 1 Independent 100Ω 15Ω 350mW 500nA@6V 8.85V~9.56V 9.1V SOD-123 Zener Diodes ROHS,BZT52C9V1,0.0166,357943,1,Diodes,2026-06-07 09:28:36,15,0.249
C19077408,hongjiacheng-BZT52C10/C19077408,https://wmsc.lcsc.com/wmsc/upload/file/pdf/v2/lcsc/2403280140_hongjiacheng-BZT52C10_C19077408.pdf,expand,0,2026-07-24 06:07:31,hongjiacheng,BZT52C10,SOD-123,Zener Diodes,-55℃~+150℃ 1 Independent 10V 150Ω 200nA 20Ω 350mW 9.5V~10.5V SOD-123 Zener Diodes ROHS,BZT52C10,0.0186,0,482,Diodes,2026-06-07 09:28:36,486,9.0396
C19077409,hongjiacheng-BZT52C11/C19077409,https://wmsc.lcsc.com/wmsc/upload/file/pdf/v2/lcsc/2311171118_hongjiacheng-BZT52C11_C19077409.pdf,expand,0,2026-07-24 06:07:31,hongjiacheng,BZT52C11,SOD-123,Zener Diodes,-55℃~+150℃ 1 Independent 10.45V~11.55V 100nA@8V 11V 150Ω 20Ω 350mW SOD-123 Zener Diodes ROHS,BZT52C11,0.0166,42321,1,Diodes,2026-06-07 09:28:36,15,0.249
C19077410,hongjiacheng-BZT52C12/C19077410,https://www.lcsc.com/datasheet/lcsc_datasheet_2501071555_hongjiacheng-BZT52C12_C19077410.pdf,expand,0,2026-07-24 06:07:31,hongjiacheng,BZT52C12,SOD-123,Zener Diodes,-55℃~+150℃ 1 Independent 100nA@8V 11.4V~12.6V 12V 150Ω 25Ω 350mW SOD-123 Zener Diodes ROHS,BZT52C12,0.0166,583807,1,Diodes,2026-06-07 09:28:36,15,0.249
C19077411,hongjiacheng-BZT52C13/C19077411,https://wmsc.lcsc.com/wmsc/upload/file/pdf/v2/lcsc/2311171118_hongjiacheng-BZT52C13_C19077411.pdf,expand,0,2026-07-24 06:07:31,hongjiacheng,BZT52C13,SOD-123,Zener Diodes,-55℃~+150℃ 1 Independent 100nA 12.35V~13.65V 13V 170Ω 30Ω 350mW SOD-123 Zener Diodes ROHS,BZT52C13,0.0186,177066,1,Diodes,2026-06-07 09:28:36,15,0.279
C19077412,hongjiacheng-BZT52C15/C19077412,https://wmsc.lcsc.com/wmsc/upload/file/pdf/v2/lcsc/2311171118_hongjiacheng-BZT52C15_C19077412.pdf,expand,0,2026-07-24 06:07:31,hongjiacheng,BZT52C15,SOD-123,Zener Diodes,-55℃~+150℃ 1 Independent 100nA 14.25V~15.75V 15V 200Ω 30Ω 350mW SOD-123 Zener Diodes ROHS,BZT52C15,0.0187,248243,1,Diodes,2026-06-07 09:28:36,15,0.2805
C19077413,hongjiacheng-BZT52C16/C19077413,https://wmsc.lcsc.com/wmsc/upload/file/pdf/v2/lcsc/2311171118_hongjiacheng-BZT52C16_C19077413.pdf,expand,0,2026-07-24 06:07:31,hongjiacheng,BZT52C16,SOD-123,Zener Diodes,-55℃~+150℃ 1 Independent 100nA@11.2V 15.2V~16.8V 16V 200Ω 350mW 40Ω SOD-123 Zener Diodes ROHS,BZT52C16,0.017,524946,1,Diodes,2026-06-07 09:28:36,15,0.255
C19077414,hongjiacheng-BZT52C18/C19077414,https://wmsc.lcsc.com/wmsc/upload/file/pdf/v2/lcsc/2311171118_hongjiacheng-BZT52C18_C19077414.pdf,expand,0,2026-07-24 06:07:31,hongjiacheng,BZT52C18,SOD-123,Zener Diodes,-55℃~+150℃ 1 Independent 100nA 17.1V~18.9V 18V 225Ω 350mW 45Ω SOD-123 Zener Diodes ROHS,BZT52C18,0.0184,424499,1,Diodes,2026-06-07 09:28:36,15,0.276
C19077415,hongjiacheng-BZT52C20/C19077415,https://wmsc.lcsc.com/wmsc/upload/file/pdf/v2/lcsc/2311171118_hongjiacheng-BZT52C20_C19077415.pdf,expand,0,2026-07-24 06:07:31,hongjiacheng,BZT52C20,SOD-123,Zener Diodes,-55℃~+150℃ 1 Independent 100nA@14V 19V~21V 20V 225Ω 350mW 55Ω SOD-123 Zener Diodes ROHS,BZT52C20,0.0184,4250,1,Diodes,2026-06-07 09:28:36,15,0.276
C19077416,hongjiacheng-BZT52C24/C19077416,https://wmsc.lcsc.com/wmsc/upload/file/pdf/v2/lcsc/2311171118_hongjiacheng-BZT52C24_C19077416.pdf,expand,0,2026-07-24 06:07:31,hongjiacheng,BZT52C24,SOD-123,Zener Diodes,-55℃~+150℃ 1 Independent 100nA@16.8V 22.8V~25.2V 24V 250Ω 350mW 70Ω SOD-123 Zener Diodes ROHS,BZT52C24,0.0179,1091,1,Diodes,2026-06-07 09:28:36,15,0.2685
C19077417,hongjiacheng-BZT52C27/C19077417,https://wmsc.lcsc.com/wmsc/upload/file/pdf/v2/lcsc/2403191730_hongjiacheng-BZT52C27_C19077417.pdf,expand,0,2026-07-24 06:07:31,hongjiacheng,BZT52C27,SOD-123,Zener Diodes,-55℃~+150℃ 1 Independent 100nA@18.9V 25.65V~28.35V 27V 300Ω 350mW 80Ω SOD-123 Zener Diodes ROHS,BZT52C27,0.0165,14617,1,Diodes,2026-06-07 09:28:36,15,0.2475
C19077418,hongjiacheng-BZT52C30/C19077418,https://wmsc.lcsc.com/wmsc/upload/file/pdf/v2/lcsc/2403191730_hongjiacheng-BZT52C30_C19077418.pdf,expand,0,2026-07-24 06:07:31,hongjiacheng,BZT52C30,SOD-123,Zener Diodes,-55℃~+150℃ 1 Independent 100nA@21V 28.5V~31.5V 300Ω 30V 350mW 80Ω SOD-123 Zener Diodes ROHS,BZT52C30,0.0171,337816,1,Diodes,2026-06-07 09:28:36,15,0.2565
C19077419,hongjiacheng-BZT52C33/C19077419,https://wmsc.lcsc.com/wmsc/upload/file/pdf/v2/lcsc/2403191730_hongjiacheng-BZT52C33_C19077419.pdf,expand,0,2026-07-24 06:07:31,hongjiacheng,BZT52C33,SOD-123,Zener Diodes,-55℃~+150℃ 1 Independent 100nA 31.35V~34.65V 325Ω 33V 350mW 80Ω SOD-123 Zener Diodes ROHS,BZT52C33,0.0165,305421,1,Diodes,2026-06-07 09:28:36,15,0.2475
C19077420,hongjiacheng-BZT52C36/C19077420,https://wmsc.lcsc.com/wmsc/upload/file/pdf/v2/lcsc/2403191730_hongjiacheng-BZT52C36_C19077420.pdf,expand,0,2026-07-24 06:07:31,hongjiacheng,BZT52C36,SOD-123,Zener Diodes,-55℃~+150℃ 1 Independent 100nA@25.2V 34.2V~37.8V 350mW 350Ω 36V 90Ω SOD-123 Zener Diodes ROHS,BZT52C36,0.0171,79811,1,Diodes,2026-06-07 09:28:36,15,0.2565
C19077421,hongjiacheng-MMSZ5226B/C19077421,https://wmsc.lcsc.com/wmsc/upload/file/pdf/v2/lcsc/2310251757_hongjiacheng-MMSZ5226B_C19077421.pdf,expand,0,2026-07-24 06:07:31,hongjiacheng,MMSZ5226B,SOD-123,Zener Diodes,-55℃~+150℃ 1 Independent 25uA@1V 28Ω 3.14V~3.47V 3.3V 500mW SOD-123 Zener Diodes ROHS,MMSZ5226B,0.0213,1014,1,Diodes,2026-06-07 09:28:36,15,0.3195
C19077422,hongjiacheng-MMSZ5231B/C19077422,https://wmsc.lcsc.com/wmsc/upload/file/pdf/v2/lcsc/2403200445_hongjiacheng-MMSZ5231B_C19077422.pdf,expand,0,2026-07-24 06:07:31,hongjiacheng,MMSZ5231B,SOD-123,Zener Diodes,-55℃~+150℃ 1 Independent 17Ω 4.85V~5.36V 5.1V 500mW 5uA@2V SOD-123 Zener Diodes ROHS,MMSZ5231B,0.022,46715,1,Diodes,2026-06-07 09:28:36,15,0.33
C19077423,hongjiacheng-MMSZ5232B/C19077423,https://wmsc.lcsc.com/wmsc/upload/file/pdf/v2/lcsc/2403200005_hongjiacheng-MMSZ5232B_C19077423.pdf,expand,0,2026-07-24 06:07:31,hongjiacheng,MMSZ5232B,SOD-123,Zener Diodes,-55℃~+150℃ 1 Independent 11Ω 5.32V~5.88V 5.4V 500mW 5uA@3V SOD-123 Zener Diodes ROHS,MMSZ5232B,0.0202,64363,1,Diodes,2026-06-07 09:28:36,15,0.303
C19077424,hongjiacheng-MMSZ5235B/C19077424,https://wmsc.lcsc.com/wmsc/upload/file/pdf/v2/lcsc/2403200005_hongjiacheng-MMSZ5235B_C19077424.pdf,expand,0,2026-07-24 06:07:31,hongjiacheng,MMSZ5235B,SOD-123,Zener Diodes,-55℃~+150℃ 1 Independent 3uA 500mW 5Ω 6.46V~7.14V 6.8V SOD-123 Zener Diodes ROHS,MMSZ5235B,0.0203,178695,1,Diodes,2026-06-07 09:28:36,15,0.3045
C19077425,hongjiacheng-MMSZ5240B/C19077425,https://wmsc.lcsc.com/wmsc/upload/file/pdf/v2/lcsc/2403200005_hongjiacheng-MMSZ5240B_C19077425.pdf,expand,0,2026-07-24 06:07:31,hongjiacheng,MMSZ5240B,SOD-123,Zener Diodes,-55℃~+150℃ 1 Independent 10V 17Ω 3uA@8V 500mW 9.5V~10.5V SOD-123 Zener Diodes ROHS,MMSZ5240B,0.022,24354,1,Diodes,2026-06-07 09:28:36,20,0.44
C19077426,hongjiacheng-MMSZ5242B/C19077426,https://wmsc.lcsc.com/wmsc/upload/file/pdf/v2/lcsc/2403200005_hongjiacheng-MMSZ5242B_C19077426.pdf,expand,0,2026-07-24 06:07:31,hongjiacheng,MMSZ5242B,SOD-123,Zener Diodes,-55℃~+150℃ 1 Independent 11.4V~12.6V 12V 1uA@9.1V 30Ω 500mW SOD-123 Zener Diodes ROHS,MMSZ5242B,0.02,101538,1,Diodes,2026-06-07 09:28:36,15,0.3
C19077427,hongjiacheng-MMSZ5243B/C19077427,https://wmsc.lcsc.com/wmsc/upload/file/pdf/v2/lcsc/2403200005_hongjiacheng-MMSZ5243B_C19077427.pdf,expand,0,2026-07-24 06:07:31,hongjiacheng,MMSZ5243B,SOD-123,Zener Diodes,-55℃~+150℃ 1 Independent 12.35V~13.65V 13V 13Ω 500mW 500nA SOD-123 Zener Diodes ROHS,MMSZ5243B,0.0202,29588,1,Diodes,2026-06-07 09:28:36,15,0.303
C19077428,hongjiacheng-MMSZ5245B/C19077428,https://wmsc.lcsc.com/wmsc/upload/file/pdf/v2/lcsc/2403200025_hongjiacheng-MMSZ5245B_C19077428.pdf,expand,0,2026-07-24 06:07:31,hongjiacheng,MMSZ5245B,SOD-123,Zener Diodes,-55℃~+150℃ 1 Independent 100nA@11V 14.25V~15.75V 15V 16Ω 500mW SOD-123 Zener Diodes ROHS,MMSZ5245B,0.0223,107010,1,Diodes,2026-06-07 09:28:36,15,0.3345
C19077429,hongjiacheng-MMSZ5246B/C19077429,https://wmsc.lcsc.com/wmsc/upload/file/pdf/v2/lcsc/2403200025_hongjiacheng-MMSZ5246B_C19077429.pdf,expand,0,2026-07-24 06:07:31,hongjiacheng,MMSZ5246B,SOD-123,Zener Diodes,-55℃~+150℃ 1 Independent 100nA@12V 15.2V~16.8V 16V 17Ω 500mW SOD-123 Zener Diodes ROHS,MMSZ5246B,0.0218,2006,1,Diodes,2026-06-07 09:28:36,15,0.327
C19077430,hongjiacheng-MMSZ5248B/C19077430,https://wmsc.lcsc.com/wmsc/upload/file/pdf/v2/lcsc/2403200025_hongjiacheng-MMSZ5248B_C19077430.pdf,expand,0,2026-07-24 06:07:31,hongjiacheng,MMSZ5248B,SOD-123,Zener Diodes,-55℃~+150℃ 1 Independent 100nA@14V 17.1V~18.9V 18V 21Ω 500mW SOD-123 Zener Diodes ROHS,MMSZ5248B,0.0237,42143,1,Diodes,2026-06-07 09:28:36,15,0.3555
C19077431,hongjiacheng-MMSZ5250B/C19077431,https://wmsc.lcsc.com/wmsc/upload/file/pdf/v2/lcsc/2403200025_hongjiacheng-MMSZ5250B_C19077431.pdf,expand,0,2026-07-24 06:07:31,hongjiacheng,MMSZ5250B,SOD-123,Zener Diodes,-55℃~+150℃ 1 Independent 100nA@15V 19V~21V 20V 25Ω 500mW SOD-123 Zener Diodes ROHS,MMSZ5250B,0.0224,55047,1,Diodes,2026-06-07 09:28:36,20,0.448
C19077432,hongjiacheng-MMSZ5252B/C19077432,https://wmsc.lcsc.com/wmsc/upload/file/pdf/v2/lcsc/2403200025_hongjiacheng-MMSZ5252B_C19077432.pdf,expand,0,2026-07-24 06:07:31,hongjiacheng,MMSZ5252B,SOD-123,Zener Diodes,-55℃~+150℃ 1 Independent 100nA@18V 22.8V~25.2V 24V 33Ω 500mW SOD-123 Zener Diodes ROHS,MMSZ5252B,0.0231,17253,1,Diodes,2026-06-07 09:28:36,15,0.3465
C19077433,hongjiacheng-MMSZ5256B/C19077433,https://wmsc.lcsc.com/wmsc/upload/file/pdf/v2/lcsc/2403200445_hongjiacheng-MMSZ5256B_C19077433.pdf,expand,0,2026-07-24 06:07:31,hongjiacheng,MMSZ5256B,SOD-123,Zener Diodes,-55℃~+150℃ 1 Independent 100nA@25V 28.5V~31.5V 30V 49Ω 500mW SOD-123 Zener Diodes ROHS,MMSZ5256B,0.0195,5249,1,Diodes,2026-06-07 09:28:36,15,0.2925
C19077434,hongjiacheng-BZT52B5V1S/C19077434,https://wmsc.lcsc.com/wmsc/upload/file/pdf/v2/lcsc/2311171118_hongjiacheng-BZT52B5V1S_C19077434.pdf,expand,0,2026-07-24 06:07:31,hongjiacheng,BZT52B5V1S,SOD-323,Zener Diodes,-55℃~+150℃ 1 Independent 200mW 2uA@2V 480Ω 5.1V 5V~5.2V 60Ω SOD-323 Zener Diodes ROHS,BZT52B5V1S,0.0215,92367,1,Diodes,2026-06-07 09:28:36,20,0.43
C19077435,hongjiacheng-BZT52B5V6S/C19077435,https://wmsc.lcsc.com/wmsc/upload/file/pdf/v2/lcsc/2403280200_hongjiacheng-BZT52B5V6S_C19077435.pdf,expand,0,2026-07-24 06:07:31,hongjiacheng,BZT52B5V6S,SOD-323,Zener Diodes,-55℃~+150℃ 1 Independent 1uA 200mW 400Ω 40Ω 5.49V~5.71V 5.6V SOD-323 Zener Diodes ROHS,BZT52B5V6S,0.0223,24066,1,Diodes,2026-06-07 09:28:36,20,0.446
C19077436,hongjiacheng-BZT52C3V0S/C19077436,https://wmsc.lcsc.com/wmsc/upload/file/pdf/v2/lcsc/2311171118_hongjiacheng-BZT52C3V0S_C19077436.pdf,expand,0,2026-07-24 06:07:31,hongjiacheng,BZT52C3V0S,SOD-323,Zener Diodes,-55℃~+150℃ 1 Independent 10uA@1V 2.8V~3.2V 200mW 3V 600Ω 95Ω SOD-323 Zener Diodes ROHS,BZT52C3V0S,0.0158,128339,1,Diodes,2026-06-07 09:28:36,20,0.316
C19077437,hongjiacheng-BZT52C3V3S/C19077437,https://wmsc.lcsc.com/wmsc/upload/file/pdf/v2/lcsc/2403280505_hongjiacheng-BZT52C3V3S_C19077437.pdf,expand,0,2026-07-24 06:07:31,hongjiacheng,BZT52C3V3S,SOD-323,Zener Diodes,-55℃~+150℃ 1 Independent 200mW 3.1V~3.5V 3.3V 5uA@1V 600Ω 95Ω SOD-323 Zener Diodes ROHS,BZT52C3V3S,0.0191,675765,1,Diodes,2026-06-07 09:28:36,20,0.382
C19077438,hongjiacheng-BZT52C3V6S/C19077438,https://wmsc.lcsc.com/wmsc/upload/file/pdf/v2/lcsc/2403280430_hongjiacheng-BZT52C3V6S_C19077438.pdf,expand,0,2026-07-24 06:07:31,hongjiacheng,BZT52C3V6S,SOD-323,Zener Diodes,-55℃~+150℃ 1 Independent 200mW 3.4V~3.8V 3.6V 5uA 600Ω 90Ω SOD-323 Zener Diodes ROHS,BZT52C3V6S,0.0226,301727,1,Diodes,2026-06-07 09:28:36,20,0.452
C19077439,hongjiacheng-BZT52C4V7S/C19077439,https://wmsc.lcsc.com/wmsc/upload/file/pdf/v2/lcsc/2403280430_hongjiacheng-BZT52C4V7S_C19077439.pdf,expand,0,2026-07-24 06:07:31,hongjiacheng,BZT52C4V7S,SOD-323,Zener Diodes,-55℃~+150℃ 1 Independent 200mW 3uA@2V 4.4V~5V 4.7V 500Ω 80Ω SOD-323 Zener Diodes ROHS,BZT52C4V7S,0.0199,412661,1,Diodes,2026-06-07 09:28:36,20,0.398
C19077440,hongjiacheng-BZT52C5V1S/C19077440,https://wmsc.lcsc.com/wmsc/upload/file/pdf/v2/lcsc/2403280430_hongjiacheng-BZT52C5V1S_C19077440.pdf,expand,0,2026-07-24 06:07:31,hongjiacheng,BZT52C5V1S,SOD-323,Zener Diodes,-55℃~+150℃ 1 Independent 200mW 2uA 4.8V~5.4V 480Ω 5.1V 60Ω SOD-323 Zener Diodes ROHS,BZT52C5V1S,0.0192,92201,1,Diodes,2026-06-07 09:28:36,20,0.384
C19077441,hongjiacheng-BZT52C5V6S/C19077441,https://wmsc.lcsc.com/wmsc/upload/file/pdf/v2/lcsc/2403280430_hongjiacheng-BZT52C5V6S_C19077441.pdf,expand,0,2026-07-24 06:07:31,hongjiacheng,BZT52C5V6S,SOD-323,Zener Diodes,-55℃~+150℃ 1 Independent 1uA 200mW 400Ω 40Ω 5.2V~6V 5.6V SOD-323 Zener Diodes ROHS,BZT52C5V6S,0.0197,257608,1,Diodes,2026-06-07 09:28:36,20,0.394
C19077442,hongjiacheng-BZT52C6V2S/C19077442,https://wmsc.lcsc.com/wmsc/upload/file/pdf/v2/lcsc/2403280430_hongjiacheng-BZT52C6V2S_C19077442.pdf,expand,0,2026-07-24 06:07:31,hongjiacheng,BZT52C6V2S,SOD-323,Zener Diodes,-55℃~+150℃ 1 Independent 10Ω 150Ω 200mW 3uA 5.8V~6.6V 6.2V SOD-323 Zener Diodes ROHS,BZT52C6V2S,0.0183,103225,1,Diodes,2026-06-07 09:28:36,20,0.366
C19077443,hongjiacheng-BZT52C6V8S/C19077443,https://wmsc.lcsc.com/wmsc/upload/file/pdf/v2/lcsc/2403280435_hongjiacheng-BZT52C6V8S_C19077443.pdf,expand,0,2026-07-24 06:07:31,hongjiacheng,BZT52C6V8S,SOD-323,Zener Diodes,-55℃~+150℃ 1 Independent 15Ω 200mW 2uA 6.4V~7.2V 6.8V 80Ω SOD-323 Zener Diodes ROHS,BZT52C6V8S,0.0178,189688,1,Diodes,2026-06-07 09:28:36,20,0.356
C19077444,hongjiacheng-BZT52C7V5S/C19077444,https://wmsc.lcsc.com/wmsc/upload/file/pdf/v2/lcsc/2403280435_hongjiacheng-BZT52C7V5S_C19077444.pdf,expand,0,2026-07-24 06:07:31,hongjiacheng,BZT52C7V5S,SOD-323,Zener Diodes,-55℃~+150℃ 1 Independent 15Ω 1uA 200mW 7.5V 7V~7.9V 80Ω SOD-323 Zener Diodes ROHS,BZT52C7V5S,0.02,46681,1,Diodes,2026-06-07 09:28:36,20,0.4
C19077445,hongjiacheng-BZT52C9V1S/C19077445,https://wmsc.lcsc.com/wmsc/upload/file/pdf/v2/lcsc/2403280435_hongjiacheng-BZT52C9V1S_C19077445.pdf,expand,0,2026-07-24 06:07:31,hongjiacheng,BZT52C9V1S,SOD-323,Zener Diodes,-55℃~+150℃ 1 Independent 100Ω 15Ω 200mW 500nA 8.5V~9.6V 9.1V SOD-323 Zener Diodes ROHS,BZT52C9V1S,0.0176,935534,1,Diodes,2026-06-07 09:28:36,20,0.352
C19077446,hongjiacheng-BZT52C10S/C19077446,https://wmsc.lcsc.com/wmsc/upload/file/pdf/v2/lcsc/2403280435_hongjiacheng-BZT52C10S_C19077446.pdf,expand,0,2026-07-24 06:07:31,hongjiacheng,BZT52C10S,SOD-323,Zener Diodes,-55℃~+150℃ 1 Independent 10V 150Ω 200mW 200nA@7V 20Ω 9.4V~10.6V SOD-323 Zener Diodes ROHS,BZT52C10S,0.0186,398147,1,Diodes,2026-06-07 09:28:36,20,0.372
C19077447,hongjiacheng-BZT52C12S/C19077447,https://wmsc.lcsc.com/wmsc/upload/file/pdf/v2/lcsc/2403280435_hongjiacheng-BZT52C12S_C19077447.pdf,expand,0,2026-07-24 06:07:31,hongjiacheng,BZT52C12S,SOD-323,Zener Diodes,-55℃~+150℃ 1 Independent 100nA 11.4V~12.7V 12V 150Ω 200mW 25Ω SOD-323 Zener Diodes ROHS,BZT52C12S,0.0194,114207,1,Diodes,2026-06-07 09:28:36,20,0.388
C19077448,hongjiacheng-BZT52C15S/C19077448,https://wmsc.lcsc.com/wmsc/upload/file/pdf/v2/lcsc/2403280505_hongjiacheng-BZT52C15S_C19077448.pdf,expand,0,2026-07-24 06:07:31,hongjiacheng,BZT52C15S,SOD-323,Zener Diodes,-55℃~+150℃ 1 Independent 100nA 13.8V~15.6V 15V 200mW 200Ω 30Ω SOD-323 Zener Diodes ROHS,BZT52C15S,0.0192,557079,1,Diodes,2026-06-07 09:28:36,20,0.384
C19077449,hongjiacheng-BZT52C16S/C19077449,https://wmsc.lcsc.com/wmsc/upload/file/pdf/v2/lcsc/2403280505_hongjiacheng-BZT52C16S_C19077449.pdf,expand,0,2026-07-24 06:07:31,hongjiacheng,BZT52C16S,SOD-323,Zener Diodes,-55℃~+150℃ 1 Independent 100nA 15.3V~17.1V 16V 200mW 200Ω 40Ω SOD-323 Zener Diodes ROHS,BZT52C16S,0.0189,20221,1,Diodes,2026-06-07 09:28:36,20,0.378
C19077450,hongjiacheng-BZT52C18S/C19077450,https://wmsc.lcsc.com/wmsc/upload/file/pdf/v2/lcsc/2403280505_hongjiacheng-BZT52C18S_C19077450.pdf,expand,0,2026-07-24 06:07:31,hongjiacheng,BZT52C18S,SOD-323,Zener Diodes,-55℃~+150℃ 1 Independent 100nA@12.6V 16.8V~19.1V 18V 200mW 225Ω 45Ω SOD-323 Zener Diodes ROHS,BZT52C18S,0.0173,315356,1,Diodes,2026-06-07 09:28:36,20,0.346
C19077451,hongjiacheng-BZT52C20S/C19077451,https://wmsc.lcsc.com/wmsc/upload/file/pdf/v2/lcsc/2403280505_hongjiacheng-BZT52C20S_C19077451.pdf,expand,0,2026-07-24 06:07:31,hongjiacheng,BZT52C20S,SOD-323,Zener Diodes,-55℃~+150℃ 1 Independent 100nA 18.8V~21.2V 200mW 20V 225Ω 55Ω SOD-323 Zener Diodes ROHS,BZT52C20S,0.0116,44319,1,Diodes,2026-06-07 09:28:36,20,0.232
C19077452,hongjiacheng-MM3Z3V0/C19077452,https://wmsc.lcsc.com/wmsc/upload/file/pdf/v2/lcsc/2403220910_hongjiacheng-MM3Z3V0_C19077452.pdf,expand,0,2026-07-24 06:07:31,hongjiacheng,MM3Z3V0,SOD-323,Zener Diodes,-55℃~+150℃ 1 Independent 100Ω 10uA@1V 1kΩ 2.8V~3.2V 200mW 3V SOD-323 Zener Diodes ROHS,MM3Z3V0,0.0131,31073,1,Diodes,2026-06-07 09:28:36,20,0.262
C19077453,hongjiacheng-MM3Z3V3/C19077453,https://wmsc.lcsc.com/wmsc/upload/file/pdf/v2/lcsc/2311031435_hongjiacheng-MM3Z3V3_C19077453.pdf,expand,0,2026-07-24 06:07:31,hongjiacheng,MM3Z3V3,SOD-323,Zener Diodes,-55℃~+150℃ 1 Independent 1kΩ 200mW 3.1V~3.5V 3.3V 5uA@1V 95Ω SOD-323 Zener Diodes ROHS,MM3Z3V3,0.0208,25492,1,Diodes,2026-06-07 09:28:36,20,0.416
C19077454,hongjiacheng-MM3Z3V6/C19077454,https://wmsc.lcsc.com/wmsc/upload/file/pdf/v2/lcsc/2311031435_hongjiacheng-MM3Z3V6_C19077454.pdf,expand,0,2026-07-24 06:07:31,hongjiacheng,MM3Z3V6,SOD-323,Zener Diodes,-55℃~+150℃ 1 Independent 1kΩ 200mW 3.4V~3.8V 3.6V 5uA 90Ω SOD-323 Zener Diodes ROHS,MM3Z3V6,0.0212,7491,1,Diodes,2026-06-07 09:28:36,20,0.424
C19077455,hongjiacheng-MM3Z5V1/C19077455,https://wmsc.lcsc.com/wmsc/upload/file/pdf/v2/lcsc/2311031435_hongjiacheng-MM3Z5V1_C19077455.pdf,expand,0,2026-07-24 06:07:31,hongjiacheng,MM3Z5V1,SOD-323,Zener Diodes,-55℃~+150℃ 1 Independent 200mW 2uA@8V 4.8V~5.4V 5.1V 60Ω 800Ω SOD-323 Zener Diodes ROHS,MM3Z5V1,0.02,448070,1,Diodes,2026-06-07 09:28:36,20,0.4
C19077456,hongjiacheng-MM3Z5V6/C19077456,https://wmsc.lcsc.com/wmsc/upload/file/pdf/v2/lcsc/2311031435_hongjiacheng-MM3Z5V6_C19077456.pdf,expand,0,2026-07-24 06:07:31,hongjiacheng,MM3Z5V6,SOD-323,Zener Diodes,-55℃~+150℃ 1 Independent 1uA@2V 200mW 40Ω 5.2V~6V 5.6V 700Ω SOD-323 Zener Diodes ROHS,MM3Z5V6,0.0212,43222,1,Diodes,2026-06-07 09:28:36,20,0.424
C19077457,hongjiacheng-MM3Z6V2/C19077457,https://wmsc.lcsc.com/wmsc/upload/file/pdf/v2/lcsc/2311031435_hongjiacheng-MM3Z6V2_C19077457.pdf,expand,0,2026-07-24 06:07:31,hongjiacheng,MM3Z6V2,SOD-323,Zener Diodes,-55℃~+150℃ 1 Independent 100Ω 10Ω 200mW 3uA 5.8V~6.6V 6.2V SOD-323 Zener Diodes ROHS,MM3Z6V2,0.0199,29787,1,Diodes,2026-06-07 09:28:36,20,0.398
C19077458,hongjiacheng-MM3Z6V8/C19077458,https://wmsc.lcsc.com/wmsc/upload/file/pdf/v2/lcsc/2403220910_hongjiacheng-MM3Z6V8_C19077458.pdf,expand,0,2026-07-24 06:07:31,hongjiacheng,MM3Z6V8,SOD-323,Zener Diodes,-55℃~+150℃ 1 Independent 15Ω 160Ω 200mW 2uA@4V 6.4V~7.2V 6.8V SOD-323 Zener Diodes ROHS,MM3Z6V8,0.0184,1354,1,Diodes,2026-06-07 09:28:36,20,0.368
C19077459,hongjiacheng-MM3Z10/C19077459,https://wmsc.lcsc.com/wmsc/upload/file/pdf/v2/lcsc/2403220910_hongjiacheng-MM3Z10_C19077459.pdf,expand,0,2026-07-24 06:07:31,hongjiacheng,MM3Z10,SOD-323,Zener Diodes,-55℃~+150℃ 1 Independent 100nA@8V 10V 160Ω 200mW 20Ω 9.4V~10.6V SOD-323 Zener Diodes ROHS,MM3Z10,0.02,47878,1,Diodes,2026-06-07 09:28:36,20,0.4
C19077460,hongjiacheng-MM3Z12/C19077460,https://wmsc.lcsc.com/wmsc/upload/file/pdf/v2/lcsc/2403220910_hongjiacheng-MM3Z12_C19077460.pdf,expand,0,2026-07-24 06:07:31,hongjiacheng,MM3Z12,SOD-323,Zener Diodes,-55℃~+150℃ 1 Independent 100nA@8V 11.4V~12.7V 12V 200mW 25Ω 80Ω SOD-323 Zener Diodes ROHS,MM3Z12,0.0191,8919,1,Diodes,2026-06-07 09:28:36,20,0.382
C19077461,hongjiacheng-MM3Z18/C19077461,https://wmsc.lcsc.com/wmsc/upload/file/pdf/v2/lcsc/2403220910_hongjiacheng-MM3Z18_C19077461.pdf,expand,0,2026-07-24 06:07:31,hongjiacheng,MM3Z18,SOD-323,Zener Diodes,-55℃~+150℃ 1 Independent 16.8V~19.1V 18V 200mW 400Ω 45Ω 50nA@12.6V SOD-323 Zener Diodes ROHS,MM3Z18,0.0221,5202,1,Diodes,2026-06-07 09:28:36,20,0.442
C19077462,hongjiacheng-BZX584C3V3/C19077462,https://wmsc.lcsc.com/wmsc/upload/file/pdf/v2/lcsc/2404031007_hongjiacheng-BZX584C3V3_C19077462.pdf,expand,0,2026-07-24 06:07:31,hongjiacheng,BZX584C3V3,SOD-523,Zener Diodes,-55℃~+150℃ 1 Independent 150mW 3.1V~3.5V 3.3V 5uA@1V 600Ω 95Ω SOD-523 Zener Diodes ROHS,BZX584C3V3,0.0258,53083,1,Diodes,2026-06-07 09:28:36,20,0.516
C19077463,hongjiacheng-BZX584C5V1/C19077463,https://wmsc.lcsc.com/wmsc/upload/file/pdf/v2/lcsc/2404031007_hongjiacheng-BZX584C5V1_C19077463.pdf,expand,0,2026-07-24 06:07:31,hongjiacheng,BZX584C5V1,SOD-523,Zener Diodes,-55℃~+150℃ 1 Independent 150mW 2uA@2V 4.8V~5.4V 480Ω 5.1V 60Ω SOD-523 Zener Diodes ROHS,BZX584C5V1,0.0261,105515,1,Diodes,2026-06-07 09:28:36,20,0.522
C19077464,hongjiacheng-BZX584C5V6/C19077464,https://wmsc.lcsc.com/wmsc/upload/file/pdf/v2/lcsc/2404031007_hongjiacheng-BZX584C5V6_C19077464.pdf,expand,0,2026-07-24 06:07:31,hongjiacheng,BZX584C5V6,SOD-523,Zener Diodes,-55℃~+150℃ 1 Independent 150mW 1uA@2V 400Ω 40Ω 5.2V~6V 5.6V SOD-523 Zener Diodes ROHS,BZX584C5V6,0.0171,48868,1,Diodes,2026-06-07 09:28:36,20,0.342
C19077465,hongjiacheng-BZX584C9V1/C19077465,https://wmsc.lcsc.com/wmsc/upload/file/pdf/v2/lcsc/2404031007_hongjiacheng-BZX584C9V1_C19077465.pdf,expand,0,2026-07-24 06:07:31,hongjiacheng,BZX584C9V1,SOD-523,Zener Diodes,-55℃~+150℃ 1 Independent 100Ω 150mW 15Ω 500nA@6V 8.5V~9.6V 9.1V SOD-523 Zener Diodes ROHS,BZX584C9V1,0.015,75009,1,Diodes,2026-06-07 09:28:36,20,0.3
C19077466,hongjiacheng-BZX584C15/C19077466,https://wmsc.lcsc.com/wmsc/upload/file/pdf/v2/lcsc/2404031007_hongjiacheng-BZX584C15_C19077466.pdf,expand,0,2026-07-24 06:07:31,hongjiacheng,BZX584C15,SOD-523,Zener Diodes,-55℃~+150℃ 1 Independent 100nA@10.5V 13.8V~15.6V 150mW 15V 200Ω 30Ω SOD-523 Zener Diodes ROHS,BZX584C15,0.0241,181699,1,Diodes,2026-06-07 09:28:36,20,0.482
C19077467,hongjiacheng-BZX84C3V3/C19077467,https://wmsc.lcsc.com/wmsc/upload/file/pdf/v2/lcsc/2311171118_hongjiacheng-BZX84C3V3_C19077467.pdf,expand,0,2026-07-24 06:07:31,hongjiacheng,BZX84C3V3,SOT-23,Zener Diodes,-55℃~+150℃ 1 Independent 3.1V~3.5V 3.3V 300mW 5uA@1V 600Ω 95Ω SOT-23 Zener Diodes ROHS,BZX84C3V3,0.0133,115940,1,Diodes,2026-06-07 09:28:36,10,0.133
C19077468,hongjiacheng-BZX84C5V1/C19077468,https://wmsc.lcsc.com/wmsc/upload/file/pdf/v2/lcsc/2403280630_hongjiacheng-BZX84C5V1_C19077468.pdf,expand,0,2026-07-24 06:07:31,hongjiacheng,BZX84C5V1,SOT-23,Zener Diodes,-55℃~+150℃ 1 Independent 2uA 300mW 4.8V~5.4V 480Ω 5.1V 60Ω SOT-23 Zener Diodes ROHS,BZX84C5V1,0.0183,21137,1,Diodes,2026-06-07 09:28:36,10,0.183
C19077469,hongjiacheng-BZX84C5V6/C19077469,https://wmsc.lcsc.com/wmsc/upload/file/pdf/v2/lcsc/2403201615_hongjiacheng-BZX84C5V6_C19077469.pdf,expand,0,2026-07-24 06:07:31,hongjiacheng,BZX84C5V6,SOT-23,Zener Diodes,-55℃~+150℃ 1 Independent 1uA 300mW 400Ω 40Ω 5.2V~6V 5.6V SOT-23 Zener Diodes ROHS,BZX84C5V6,0.02,22874,1,Diodes,2026-06-07 09:28:36,10,0.2
C19077470,hongjiacheng-BZX84C10/C19077470,https://wmsc.lcsc.com/wmsc/upload/file/pdf/v2/lcsc/2403201615_hongjiacheng-BZX84C10_C19077470.pdf,expand,0,2026-07-24 06:07:31,hongjiacheng,BZX84C10,SOT-23,Zener Diodes,-55℃~+150℃ 1 Independent 10V 150Ω 200nA@7V 20Ω 300mW 9.4V~10.6V SOT-23 Zener Diodes ROHS,BZX84C10,0.0195,11840,1,Diodes,2026-06-07 09:28:36,10,0.195
C19077471,hongjiacheng-BZX84C12/C19077471,https://wmsc.lcsc.com/wmsc/upload/file/pdf/v2/lcsc/2403201615_hongjiacheng-BZX84C12_C19077471.pdf,expand,0,2026-07-24 06:07:31,hongjiacheng,BZX84C12,SOT-23,Zener Diodes,-55℃~+150℃ 1 Independent 100nA 11.4V~12.7V 12V 150Ω 25Ω 300mW SOT-23 Zener Diodes ROHS,BZX84C12,0.0176,138344,1,Diodes,2026-06-07 09:28:36,10,0.176
C19077472,hongjiacheng-BZX84C15/C19077472,https://wmsc.lcsc.com/wmsc/upload/file/pdf/v2/lcsc/2403201615_hongjiacheng-BZX84C15_C19077472.pdf,expand,0,2026-07-24 06:07:31,hongjiacheng,BZX84C15,SOT-23,Zener Diodes,-55℃~+150℃ 1 Independent 100nA@10.5V 13.8V~15.6V 15V 200Ω 300mW 30Ω SOT-23 Zener Diodes ROHS,BZX84C15,0.0192,11174,1,Diodes,2026-06-07 09:28:36,10,0.192
C19077473,hongjiacheng-BZX84C18/C19077473,https://wmsc.lcsc.com/wmsc/upload/file/pdf/v2/lcsc/2403201615_hongjiacheng-BZX84C18_C19077473.pdf,expand,0,2026-07-24 06:07:31,hongjiacheng,BZX84C18,SOT-23,Zener Diodes,-55℃~+150℃ 1 Independent 100nA@12.6V 16.8V~19.1V 18V 225Ω 300mW 45Ω SOT-23 Zener Diodes ROHS,BZX84C18,0.0197,105872,1,Diodes,2026-06-07 09:28:36,10,0.197
C19077474,hongjiacheng-1SMA4728A/C19077474,https://wmsc.lcsc.com/wmsc/upload/file/pdf/v2/lcsc/2402281642_hongjiacheng-1SMA4728A_C19077474.pdf,expand,0,2026-07-24 06:07:31,hongjiacheng,1SMA4728A,DO-214AC(SMA),Zener Diodes,-55℃~+150℃ 1 Independent 100uA 10Ω 1W 3.1V~3.5V 3.3V DO-214AC(SMA) Zener Diodes ROHS,1SMA4728A,0.0434,36673,1,Diodes,2026-06-07 09:28:36,5,0.217
C19077475,hongjiacheng-1SMA4729A/C19077475,https://wmsc.lcsc.com/wmsc/upload/file/pdf/v2/lcsc/2402281642_hongjiacheng-1SMA4729A_C19077475.pdf,expand,0,2026-07-24 06:07:31,hongjiacheng,1SMA4729A,DO-214AC(SMA),Zener Diodes,-55℃~+150℃ 1 Independent 100uA@1V 10Ω 1W 3.4V~3.8V 3.6V DO-214AC(SMA) Zener Diodes ROHS,1SMA4729A,0.063,14896,1,Diodes,2026-06-07 09:28:36,5,0.315
C19077476,hongjiacheng-1SMA4733A/C19077476,https://wmsc.lcsc.com/wmsc/upload/file/pdf/v2/lcsc/2402281642_hongjiacheng-1SMA4733A_C19077476.pdf,expand,0,2026-07-24 06:07:31,hongjiacheng,1SMA4733A,DO-214AC(SMA),Zener Diodes,-55℃~+150℃ 1 Independent 10uA@1V 1W 4.84V~5.36V 5.1V 7Ω DO-214AC(SMA) Zener Diodes ROHS,1SMA4733A,0.0472,171286,1,Diodes,2026-06-07 09:28:36,5,0.236
C19077477,hongjiacheng-1SMA4734A/C19077477,https://wmsc.lcsc.com/wmsc/upload/file/pdf/v2/lcsc/2402281642_hongjiacheng-1SMA4734A_C19077477.pdf,expand,0,2026-07-24 06:07:31,hongjiacheng,1SMA4734A,DO-214AC(SMA),Zener Diodes,-55℃~+150℃ 1 Independent 10uA@2V 1W 5.32V~5.92V 5.6V 5Ω DO-214AC(SMA) Zener Diodes ROHS,1SMA4734A,0.0445,23793,1,Diodes,2026-06-07 09:28:36,5,0.2225
C19077478,hongjiacheng-1SMA4737A/C19077478,https://wmsc.lcsc.com/wmsc/upload/file/pdf/v2/lcsc/2402281642_hongjiacheng-1SMA4737A_C19077478.pdf,expand,0,2026-07-24 06:07:31,hongjiacheng,1SMA4737A,DO-214AC(SMA),Zener Diodes,-55℃~+150℃ 1 Independent 10uA@5V 1W 4Ω 7.12V~7.88V 7.5V DO-214AC(SMA) Zener Diodes ROHS,1SMA4737A,0.045,27349,1,Diodes,2026-06-07 09:28:36,5,0.225
C19077479,hongjiacheng-1SMA4740A/C19077479,https://wmsc.lcsc.com/wmsc/upload/file/pdf/v2/lcsc/2402281642_hongjiacheng-1SMA4740A_C19077479.pdf,expand,0,2026-07-24 06:07:31,hongjiacheng,1SMA4740A,DO-214AC(SMA),Zener Diodes,-55℃~+150℃ 1 Independent 10V 10uA@7V 1W 7Ω 9.5V~10.5V DO-214AC(SMA) Zener Diodes ROHS,1SMA4740A,0.0568,82263,1,Diodes,2026-06-07 09:28:36,5,0.284
C19077480,hongjiacheng-1SMA4742A/C19077480,https://wmsc.lcsc.com/wmsc/upload/file/pdf/v2/lcsc/2402281642_hongjiacheng-1SMA4742A_C19077480.pdf,expand,0,2026-07-24 06:07:31,hongjiacheng,1SMA4742A,DO-214AC(SMA),Zener Diodes,-55℃~+150℃ 1 Independent 11.4V~12.6V 12V 1W 5uA@9V 9Ω DO-214AC(SMA) Zener Diodes ROHS,1SMA4742A,0.0481,63674,1,Diodes,2026-06-07 09:28:36,5,0.2405
C19077481,hongjiacheng-1SMA4743A/C19077481,https://wmsc.lcsc.com/wmsc/upload/file/pdf/v2/lcsc/2402281642_hongjiacheng-1SMA4743A_C19077481.pdf,expand,0,2026-07-24 06:07:31,hongjiacheng,1SMA4743A,DO-214AC(SMA),Zener Diodes,-55℃~+150℃ 1 Independent 10Ω 12.4V~14.1V 13V 1W 5uA DO-214AC(SMA) Zener Diodes ROHS,1SMA4743A,0.0423,134431,1,Diodes,2026-06-07 09:28:36,5,0.2115
C19077482,hongjiacheng-1SMA4744A/C19077482,https://wmsc.lcsc.com/wmsc/upload/file/pdf/v2/lcsc/2402281642_hongjiacheng-1SMA4744A_C19077482.pdf,expand,0,2026-07-24 06:07:31,hongjiacheng,1SMA4744A,DO-214AC(SMA),Zener Diodes,-55℃~+150℃ 1 Independent 13.8V~15.8V 14Ω 15V 1W 5uA@11V DO-214AC(SMA) Zener Diodes ROHS,1SMA4744A,0.0555,142983,1,Diodes,2026-06-07 09:28:36,5,0.2775
C19077483,hongjiacheng-1SMA4746A/C19077483,https://wmsc.lcsc.com/wmsc/upload/file/pdf/v2/lcsc/2402281642_hongjiacheng-1SMA4746A_C19077483.pdf,expand,0,2026-07-24 06:07:31,hongjiacheng,1SMA4746A,DO-214AC(SMA),Zener Diodes,-55℃~+150℃ 1 Independent 16.8V~19.2V 18V 1W 20Ω 5uA DO-214AC(SMA) Zener Diodes ROHS,1SMA4746A,0.0476,2140,1,Diodes,2026-06-07 09:28:36,5,0.238
C19077484,hongjiacheng-1SMA4747A/C19077484,https://wmsc.lcsc.com/wmsc/upload/file/pdf/v2/lcsc/2402281642_hongjiacheng-1SMA4747A_C19077484.pdf,expand,0,2026-07-24 06:07:31,hongjiacheng,1SMA4747A,DO-214AC(SMA),Zener Diodes,-55℃~+150℃ 1 Independent 19V~21.2V 1W 20V 22Ω 5uA@15V DO-214AC(SMA) Zener Diodes ROHS,1SMA4747A,0.0489,5914,1,Diodes,2026-06-07 09:28:36,5,0.2445
C19077485,hongjiacheng-1SMA4749A/C19077485,https://wmsc.lcsc.com/wmsc/upload/file/pdf/v2/lcsc/2402281642_hongjiacheng-1SMA4749A_C19077485.pdf,expand,0,2026-07-24 06:07:31,hongjiacheng,1SMA4749A,DO-214AC(SMA),Zener Diodes,-55℃~+150℃ 1 Independent 1W 22.8V~26V 24V 25Ω 5uA@18V DO-214AC(SMA) Zener Diodes ROHS,1SMA4749A,0.0455,63433,1,Diodes,2026-06-07 09:28:36,5,0.2275
C19077486,hongjiacheng-1SMA5913A/C19077486,https://wmsc.lcsc.com/wmsc/upload/file/pdf/v2/lcsc/2310241353_hongjiacheng-1SMA5913A_C19077486.pdf,expand,0,2026-07-24 06:07:31,hongjiacheng,1SMA5913A,DO-214AC(SMA),Zener Diodes,-55℃~+150℃ 1 Independent 1.5W 100uA@1V 10Ω 3.13V~3.47V 3.3V 500Ω DO-214AC(SMA) Zener Diodes ROHS,1SMA5913A,0.0737,10112,1,Diodes,2026-06-07 09:28:36,5,0.3685
C19077487,hongjiacheng-1SMA5918A/C19077487,https://wmsc.lcsc.com/wmsc/upload/file/pdf/v2/lcsc/2403182145_hongjiacheng-1SMA5918A_C19077487.pdf,expand,0,2026-07-24 06:07:31,hongjiacheng,1SMA5918A,DO-214AC(SMA),Zener Diodes,-55℃~+150℃ 1 Independent 1.5W 350Ω 4.84V~5.36V 4Ω 5.1V 5uA ±5% DO-214AC(SMA) Zener Diodes ROHS,1SMA5918A,0.1136,6662,1,Diodes,2026-06-07 09:28:36,5,0.568
C19077488,hongjiacheng-1SMA5919A/C19077488,https://wmsc.lcsc.com/wmsc/upload/file/pdf/v2/lcsc/2403181915_hongjiacheng-1SMA5919A_C19077488.pdf,expand,0,2026-07-24 06:07:31,hongjiacheng,1SMA5919A,DO-214AC(SMA),Zener Diodes,-55℃~+150℃ 1 Independent 1.5W 250Ω 2Ω 5.32V~5.88V 5.6V 5uA@3V ±5% DO-214AC(SMA) Zener Diodes ROHS,1SMA5919A,0.0972,51086,1,Diodes,2026-06-07 09:28:36,5,0.486
C19077489,hongjiacheng-1SMA5927A/C19077489,https://wmsc.lcsc.com/wmsc/upload/file/pdf/v2/lcsc/2403181915_hongjiacheng-1SMA5927A_C19077489.pdf,expand,0,2026-07-24 06:07:31,hongjiacheng,1SMA5927A,DO-214AC(SMA),Zener Diodes,-55℃~+150℃ 1 Independent 1.5W 11.4V~12.6V 12V 1uA@1V 550Ω 6.5Ω ±5% DO-214AC(SMA) Zener Diodes ROHS,1SMA5927A,0.0751,58895,1,Diodes,2026-06-07 09:28:36,5,0.3755
C19077490,hongjiacheng-1SMA5928A/C19077490,https://wmsc.lcsc.com/wmsc/upload/file/pdf/v2/lcsc/2403181915_hongjiacheng-1SMA5928A_C19077490.pdf,expand,0,2026-07-24 06:07:31,hongjiacheng,1SMA5928A,DO-214AC(SMA),Zener Diodes,-55℃~+150℃ 1 Independent 1.5W 12.35V~13.65V 13V 1uA 550Ω 7Ω ±5% DO-214AC(SMA) Zener Diodes ROHS,1SMA5928A,0.077,7760,1,Diodes,2026-06-07 09:28:36,5,0.385
C19077491,hongjiacheng-1SMA5929A/C19077491,https://wmsc.lcsc.com/wmsc/upload/file/pdf/v2/lcsc/2403181915_hongjiacheng-1SMA5929A_C19077491.pdf,expand,0,2026-07-24 06:07:31,hongjiacheng,1SMA5929A,DO-214AC(SMA),Zener Diodes,-55℃~+150℃ 1 Independent 1.5W 14.25V~15.75V 15V 500nA@11.4V 600Ω 9Ω ±5% DO-214AC(SMA) Zener Diodes ROHS,1SMA5929A,0.0666,5931,1,Diodes,2026-06-07 09:28:36,5,0.333
C19077492,hongjiacheng-1SMA5930A/C19077492,https://wmsc.lcsc.com/wmsc/upload/file/pdf/v2/lcsc/2403181915_hongjiacheng-1SMA5930A_C19077492.pdf,expand,0,2026-07-24 06:07:31,hongjiacheng,1SMA5930A,DO-214AC(SMA),Zener Diodes,-55℃~+150℃ 1 Independent 1.5W 10Ω 15.2V~16.8V 16V 1uA@12.2V 600Ω ±5% DO-214AC(SMA) Zener Diodes ROHS,1SMA5930A,0.0764,2526,1,Diodes,2026-06-07 09:28:36,5,0.382
C19077493,hongjiacheng-SMBJ5338B/C19077493,https://wmsc.lcsc.com/wmsc/upload/file/pdf/v2/lcsc/2310241353_hongjiacheng-SMBJ5338B_C19077493.pdf,expand,0,2026-07-24 06:07:31,hongjiacheng,SMBJ5338B,DO-214AA(SMB),Zener Diodes,-55℃~+150℃ 1 Independent 1.5Ω 1uA 4.85V~5.36V 400Ω 5.1V 5W ±5% DO-214AA(SMB) Zener Diodes ROHS,SMBJ5338B,0.1647,255349,1,Diodes,2026-06-07 09:28:36,5,0.8235
C19077494,hongjiacheng-SMBJ5339B/C19077494,https://wmsc.lcsc.com/wmsc/upload/file/pdf/v2/lcsc/2403190020_hongjiacheng-SMBJ5339B_C19077494.pdf,expand,0,2026-07-24 06:07:31,hongjiacheng,SMBJ5339B,DO-214AA(SMB),Zener Diodes,-55℃~+150℃ 1 Independent 1uA 1Ω 400Ω 5.32V~5.88V 5.6V 5W ±5% DO-214AA(SMB) Zener Diodes ROHS,SMBJ5339B,0.1633,410289,1,Diodes,2026-06-07 09:28:36,5,0.8165
C19077495,hongjiacheng-SMBJ5349B/C19077495,https://wmsc.lcsc.com/wmsc/upload/file/pdf/v2/lcsc/2403190020_hongjiacheng-SMBJ5349B_C19077495.pdf,expand,0,2026-07-24 06:07:31,hongjiacheng,SMBJ5349B,DO-214AA(SMB),Zener Diodes,-55℃~+150℃ 1 Independent 11.4V~12.6V 125Ω 12V 2.5Ω 2uA@9.1V 5W ±5% DO-214AA(SMB) Zener Diodes ROHS,SMBJ5349B,0.1328,25064,1,Diodes,2026-06-07 09:28:36,5,0.664
C19077496,hongjiacheng-SMF33CA/C19077496,https://wmsc.lcsc.com/wmsc/upload/file/pdf/v2/lcsc/2312280940_hongjiacheng-SMF3-3CA_C19077496.pdf,expand,0,2026-07-24 06:07:31,hongjiacheng,SMF3.3CA,SOD-123FL,ESD and Surge Protection (TVS/ESD),-55℃~+150℃ 200W@10/1000us 27.4A@10/1000us 3.3V 5.3V 500uA 7.3V Bidirectional IEC 61000-4-2 TVS SOD-123FL ESD and Surge Protection (TVS/ESD) ROHS,双向 3.3V 27.4A@10/1000us,0.0463,172441,1,Circuit Protection,2026-06-07 09:28:36,15,0.6945
C19077497,hongjiacheng-SMF50A/C19077497,https://wmsc.lcsc.com/wmsc/upload/file/pdf/v2/lcsc/2312041000_hongjiacheng-SMF5-0A_C19077497.pdf,expand,0,2026-07-24 06:07:31,hongjiacheng,SMF5.0A,SOD-123FL,ESD and Surge Protection (TVS/ESD),-55℃~+150℃ 1 200W@10/1000us 21.7A@10/1000us 400uA 5V 7V 9.2V IEC 61000-4-2 TVS Unidirectional SOD-123FL ESD and Surge Protection (TVS/ESD) ROHS,单向TVS 5V截止 峰值浪涌电流：21.7A@10/1000us,0.03,302167,1,Circuit Protection,2026-06-07 09:28:36,15,0.45
C19077498,hongjiacheng-SMF50CA/C19077498,https://wmsc.lcsc.com/wmsc/upload/file/pdf/v2/lcsc/2312041000_hongjiacheng-SMF5-0CA_C19077498.pdf,expand,0,2026-07-24 06:07:31,hongjiacheng,SMF5.0CA,SOD-123FL,ESD and Surge Protection (TVS/ESD),-55℃~+150℃ 1 200W@10/1000us 21.7A@10/1000us 400uA 5V 7V 9.2V Bidirectional IEC 61000-4-2 TVS SOD-123FL ESD and Surge Protection (TVS/ESD) ROHS,双向TVS 5V截止 峰值浪涌电流：21.7A@10/1000us,0.0313,414459,1,Circuit Protection,2026-06-07 09:28:36,15,0.4695
C19077499,hongjiacheng-SMF60A/C19077499,https://wmsc.lcsc.com/wmsc/upload/file/pdf/v2/lcsc/2312011957_hongjiacheng-SMF6-0A_C19077499.pdf,expand,0,2026-07-24 06:07:31,hongjiacheng,SMF6.0A,SOD-123FL,ESD and Surge Protection (TVS/ESD),-55℃~+150℃ 1 10.3V 19.4A@10/1000us 200W@10/1000us 400uA 6V 7.37V IEC 61000-4-2 TVS Unidirectional SOD-123FL ESD and Surge Protection (TVS/ESD) ROHS,单向TVS 6V截止 峰值浪涌电流：19.4A@10/1000us,0.0313,581737,1,Circuit Protection,2026-06-07 09:28:36,15,0.4695
C19077500,hongjiacheng-SMF60CA/C19077500,https://wmsc.lcsc.com/wmsc/upload/file/pdf/v2/lcsc/2312041000_hongjiacheng-SMF6-0CA_C19077500.pdf,expand,0,2026-07-24 06:07:31,hongjiacheng,SMF6.0CA,SOD-123FL,ESD and Surge Protection (TVS/ESD),-55℃~+150℃ 1 10.3V 19.4A@10/1000us 200W@10/1000us 400uA 6V 7.37V Bidirectional IEC 61000-4-2 TVS SOD-123FL ESD and Surge Protection (TVS/ESD) ROHS,双向TVS 6V截止 峰值浪涌电流：19.4A@10/1000us,0.0319,420419,1,Circuit Protection,2026-06-07 09:28:36,15,0.4785
C19077501,hongjiacheng-SMF65CA/C19077501,https://wmsc.lcsc.com/wmsc/upload/file/pdf/v2/lcsc/2403231900_hongjiacheng-SMF6-5CA_C19077501.pdf,expand,0,2026-07-24 06:07:31,hongjiacheng,SMF6.5CA,SOD-123FL,ESD and Surge Protection (TVS/ESD),-55℃~+150℃ 1 11.2V 17.9A@10/1000us 200W@10/1000us 250uA 6.5V 7.98V Bidirectional IEC 61000-4-2 TVS SOD-123FL ESD and Surge Protection (TVS/ESD) ROHS,双向TVS 6.5V截止 峰值浪涌电流：17.9A@10/1000us,0.029,1155932,1,Circuit Protection,2026-06-07 09:28:36,15,0.435
C19077502,hongjiacheng-SMF70CA/C19077502,https://wmsc.lcsc.com/wmsc/upload/file/pdf/v2/lcsc/2312221742_hongjiacheng-SMF7-0CA_C19077502.pdf,expand,0,2026-07-24 06:07:31,hongjiacheng,SMF7.0CA,SOD-123FL,ESD and Surge Protection (TVS/ESD),-55℃~+150℃ 100uA 12V 16.7A@10/1000us 200W@10/1000us 7V 8.6V Bidirectional IEC 61000-4-2 TVS SOD-123FL ESD and Surge Protection (TVS/ESD) ROHS,双向TVS 7V截止 峰值浪涌电流：16.7A@10/1000us,0.0271,8814,331,Circuit Protection,2026-06-07 09:28:36,335,9.0785
C19077503,hongjiacheng-SMF75CA/C19077503,https://wmsc.lcsc.com/wmsc/upload/file/pdf/v2/lcsc/2312280940_hongjiacheng-SMF7-5CA_C19077503.pdf,expand,0,2026-07-24 06:07:31,hongjiacheng,SMF7.5CA,SOD-123FL,ESD and Surge Protection (TVS/ESD),-55℃~+150℃ 12.9V 15.5A@10/1000us 200W@10/1000us 50uA 7.5V 9.21V Bidirectional IEC 61000-4-2 TVS SOD-123FL ESD and Surge Protection (TVS/ESD) ROHS,双向TVS 7.5V截止 峰值浪涌电流：15.5A@10/1000us,0.0332,14,1,Circuit Protection,2026-06-07 09:28:36,15,0.498
C19077504,hongjiacheng-SMF90CA/C19077504,https://wmsc.lcsc.com/wmsc/upload/file/pdf/v2/lcsc/2312221742_hongjiacheng-SMF9-0CA_C19077504.pdf,expand,0,2026-07-24 06:07:31,hongjiacheng,SMF9.0CA,SOD-123FL,ESD and Surge Protection (TVS/ESD),-55℃~+150℃ 11.1V 13A@10/1000us 15.4V 200W@10/1000us 5uA 9V Bidirectional IEC 61000-4-2 TVS SOD-123FL ESD and Surge Protection (TVS/ESD) ROHS,双向TVS 9V截止 峰值浪涌电流：13A@10/1000us,0.0339,13473,1,Circuit Protection,2026-06-07 09:28:36,15,0.5085
C19077505,hongjiacheng-SMF10CA/C19077505,https://wmsc.lcsc.com/wmsc/upload/file/pdf/v2/lcsc/2312221742_hongjiacheng-SMF10CA_C19077505.pdf,expand,0,2026-07-24 06:07:31,hongjiacheng,SMF10CA,SOD-123FL,ESD and Surge Protection (TVS/ESD),-55℃~+150℃ 10V 11.8A@10/1000us 12.3V 17V 2.5uA 200W@10/1000us Bidirectional IEC 61000-4-2 TVS SOD-123FL ESD and Surge Protection (TVS/ESD) ROHS,双向TVS 10V截止 峰值浪涌电流：11.8A@10/1000us,0.0299,345944,1,Circuit Protection,2026-06-07 09:28:36,15,0.4485
C19077506,hongjiacheng-SMF12A/C19077506,https://wmsc.lcsc.com/wmsc/upload/file/pdf/v2/lcsc/2312280940_hongjiacheng-SMF12A_C19077506.pdf,expand,0,2026-07-24 06:07:31,hongjiacheng,SMF12A,SOD-123FL,ESD and Surge Protection (TVS/ESD),-55℃~+150℃ 10.1A@10/1000us 12V 14.7V 19.9V 2.5uA 200W@10/1000us IEC 61000-4-2 TVS Unidirectional SOD-123FL ESD and Surge Protection (TVS/ESD) ROHS,单向TVS 12V截止 峰值浪涌电流：10.1A@10/1000us,0.034,57178,1,Circuit Protection,2026-06-07 09:28:36,15,0.51
C19077507,hongjiacheng-SMF12CA/C19077507,https://wmsc.lcsc.com/wmsc/upload/file/pdf/v2/lcsc/2312221742_hongjiacheng-SMF12CA_C19077507.pdf,expand,0,2026-07-24 06:07:31,hongjiacheng,SMF12CA,SOD-123FL,ESD and Surge Protection (TVS/ESD),-55℃~+150℃ 10.1A@10/1000us 12V 14.7V 19.9V 2.5uA 200W@10/1000us Bidirectional IEC 61000-4-2 TVS SOD-123FL ESD and Surge Protection (TVS/ESD) ROHS,双向TVS 12V截止 峰值浪涌电流：10.1A@10/1000us,0.0319,276127,1,Circuit Protection,2026-06-07 09:28:36,15,0.4785
C19077508,hongjiacheng-SMF13CA/C19077508,https://wmsc.lcsc.com/wmsc/upload/file/pdf/v2/lcsc/2312221742_hongjiacheng-SMF13CA_C19077508.pdf,expand,0,2026-07-24 06:07:31,hongjiacheng,SMF13CA,SOD-123FL,ESD and Surge Protection (TVS/ESD),-55℃~+150℃ 13V 15.9V 1uA 200W@10/1000us 21.5V 9.3A@10/1000us Bidirectional IEC 61000-4-2 TVS SOD-123FL ESD and Surge Protection (TVS/ESD) ROHS,双向TVS 13V截止 峰值浪涌电流：9.3A@10/1000us,0.0308,424119,1,Circuit Protection,2026-06-07 09:28:36,15,0.462
C19077509,hongjiacheng-SMF15A/C19077509,https://wmsc.lcsc.com/wmsc/upload/file/pdf/v2/lcsc/2312041000_hongjiacheng-SMF15A_C19077509.pdf,expand,0,2026-07-24 06:07:31,hongjiacheng,SMF15A,SOD-123FL,ESD and Surge Protection (TVS/ESD),-55℃~+150℃ 1 15V 18.5V 1uA 200W@10/1000us 24.4V 8.2A@10/1000us IEC 61000-4-2 TVS Unidirectional SOD-123FL ESD and Surge Protection (TVS/ESD) ROHS,单向TVS 15V截止 峰值浪涌电流：8.2A@10/1000us,0.0299,357507,1,Circuit Protection,2026-06-07 09:28:36,15,0.4485
C19077510,hongjiacheng-SMF15CA/C19077510,https://wmsc.lcsc.com/wmsc/upload/file/pdf/v2/lcsc/2312041000_hongjiacheng-SMF15CA_C19077510.pdf,expand,0,2026-07-24 06:07:31,hongjiacheng,SMF15CA,SOD-123FL,ESD and Surge Protection (TVS/ESD),-55℃~+150℃ 1 15V 18.5V 1uA 200W@10/1000us 24.4V 8.2A@10/1000us Bidirectional IEC 61000-4-2 TVS SOD-123FL ESD and Surge Protection (TVS/ESD) ROHS,双向TVS 15V截止 峰值浪涌电流：8.2A@10/1000us,0.0266,5108892,1,Circuit Protection,2026-06-07 09:28:36,15,0.399
C19077511,hongjiacheng-SMF16CA/C19077511,https://wmsc.lcsc.com/wmsc/upload/file/pdf/v2/lcsc/2312041000_hongjiacheng-SMF16CA_C19077511.pdf,expand,0,2026-07-24 06:07:31,hongjiacheng,SMF16CA,SOD-123FL,ESD and Surge Protection (TVS/ESD),-55℃~+150℃ 1 16V 19.7V 1uA 200W@10/1000us 26V 7.7A@10/1000us Bidirectional IEC 61000-4-2 TVS SOD-123FL ESD and Surge Protection (TVS/ESD) ROHS,双向TVS 16V截止 峰值浪涌电流：7.7A@10/1000us,0.0281,129054,1,Circuit Protection,2026-06-07 09:28:36,15,0.4215
C19077512,hongjiacheng-SMF18A/C19077512,https://wmsc.lcsc.com/wmsc/upload/file/pdf/v2/lcsc/2312280940_hongjiacheng-SMF18A_C19077512.pdf,expand,0,2026-07-24 06:07:31,hongjiacheng,SMF18A,SOD-123FL,ESD and Surge Protection (TVS/ESD),-55℃~+150℃ 18V 1uA 200W@10/1000us 22.1V 29.2V 6.8A@10/1000us IEC 61000-4-2 TVS Unidirectional SOD-123FL ESD and Surge Protection (TVS/ESD) ROHS,单向TVS 18V截止 峰值浪涌电流：6.8A@10/1000us,0.0321,105258,1,Circuit Protection,2026-06-07 09:28:36,15,0.4815
C19077513,hongjiacheng-SMF18CA/C19077513,https://wmsc.lcsc.com/wmsc/upload/file/pdf/v2/lcsc/2312041000_hongjiacheng-SMF18CA_C19077513.pdf,expand,0,2026-07-24 06:07:31,hongjiacheng,SMF18CA,SOD-123FL,ESD and Surge Protection (TVS/ESD),1 18V 1uA 200W@10/1000us 22.1V 29.2V 6.8A@10/1000us Bidirectional IEC 61000-4-2 TVS SOD-123FL ESD and Surge Protection (TVS/ESD) ROHS,双向TVS 18V截止 峰值浪涌电流：6.8A@10/1000us,0.0313,504249,1,Circuit Protection,2026-06-07 09:28:36,15,0.4695
C19077514,hongjiacheng-SMF24A/C19077514,https://wmsc.lcsc.com/wmsc/upload/file/pdf/v2/lcsc/2312041000_hongjiacheng-SMF24A_C19077514.pdf,expand,0,2026-07-24 06:07:31,hongjiacheng,SMF24A,SOD-123FL,ESD and Surge Protection (TVS/ESD),-55℃~+150℃ 1 1uA 200W@10/1000us 24V 29.5V 38.9V 5.1A@10/1000us IEC 61000-4-2 TVS Unidirectional SOD-123FL ESD and Surge Protection (TVS/ESD) ROHS,单向TVS 24V截止 峰值浪涌电流：5.1A@10/1000us,0.0339,17824,1,Circuit Protection,2026-06-07 09:28:36,15,0.5085
C19077515,hongjiacheng-SMF24CA/C19077515,https://wmsc.lcsc.com/wmsc/upload/file/pdf/v2/lcsc/2312221742_hongjiacheng-SMF24CA_C19077515.pdf,expand,0,2026-07-24 06:07:31,hongjiacheng,SMF24CA,SOD-123FL,ESD and Surge Protection (TVS/ESD),-55℃~+150℃ 1uA 200W@10/1000us 24V 29.5V 38.9V 5.1A@10/1000us Bidirectional IEC 61000-4-2 TVS SOD-123FL ESD and Surge Protection (TVS/ESD) ROHS,双向TVS 24V截止 峰值浪涌电流：5.1A@10/1000us,0.0265,933635,1,Circuit Protection,2026-06-07 09:28:36,15,0.3975
C19077516,hongjiacheng-SMF26CA/C19077516,https://wmsc.lcsc.com/wmsc/upload/file/pdf/v2/lcsc/2312280940_hongjiacheng-SMF26CA_C19077516.pdf,expand,0,2026-07-24 06:07:31,hongjiacheng,SMF26CA,SOD-123FL,ESD and Surge Protection (TVS/ESD),-55℃~+150℃ 1uA 200W@10/1000us 26V 31.9V 4.8A@10/1000us 42.1V Bidirectional IEC 61000-4-2 TVS SOD-123FL ESD and Surge Protection (TVS/ESD) ROHS,双向TVS 26V截止 峰值浪涌电流：4.8A@10/1000us,0.0329,208538,1,Circuit Protection,2026-06-07 09:28:36,15,0.4935
C19077517,hongjiacheng-SMF28CA/C19077517,https://wmsc.lcsc.com/wmsc/upload/file/pdf/v2/lcsc/2312221742_hongjiacheng-SMF28CA_C19077517.pdf,expand,0,2026-07-24 06:07:31,hongjiacheng,SMF28CA,SOD-123FL,ESD and Surge Protection (TVS/ESD),-55℃~+150℃ 1uA 200W@10/1000us 28V 34.4V 4.4A@10/1000us 45.4V Bidirectional IEC 61000-4-2 TVS SOD-123FL ESD and Surge Protection (TVS/ESD) ROHS,双向TVS 28V截止 峰值浪涌电流：4.4A@10/1000us,0.034,46210,1,Circuit Protection,2026-06-07 09:28:36,15,0.51
C19077518,hongjiacheng-SMF30A/C19077518,https://wmsc.lcsc.com/wmsc/upload/file/pdf/v2/lcsc/2312041000_hongjiacheng-SMF30A_C19077518.pdf,expand,0,2026-07-24 06:07:31,hongjiacheng,SMF30A,SOD-123FL,ESD and Surge Protection (TVS/ESD),-55℃~+150℃ 1 1uA 200W@10/1000us 30V 36.8V 4.1A 48.4V IEC 61000-4-2 TVS Unidirectional SOD-123FL ESD and Surge Protection (TVS/ESD) ROHS,单向TVS 30V截止 峰值浪涌电流：4.1A,0.0313,547942,1,Circuit Protection,2026-06-07 09:28:36,15,0.4695
C19077519,hongjiacheng-SMF30CA/C19077519,https://wmsc.lcsc.com/wmsc/upload/file/pdf/v2/lcsc/2312280940_hongjiacheng-SMF30CA_C19077519.pdf,expand,0,2026-07-24 06:07:31,hongjiacheng,SMF30CA,SOD-123FL,ESD and Surge Protection (TVS/ESD),-55℃~+150℃ 1uA 200W@10/1000us 30V 36.8V 4.1A@10/1000us 48.4V Bidirectional IEC 61000-4-2 TVS SOD-123FL ESD and Surge Protection (TVS/ESD) ROHS,双向TVS 30V截止 峰值浪涌电流：4.1A@10/1000us,0.0299,375680,1,Circuit Protection,2026-06-07 09:28:36,15,0.4485
C19077520,hongjiacheng-SMF33CA/C19077520,https://wmsc.lcsc.com/wmsc/upload/file/pdf/v2/lcsc/2312280940_hongjiacheng-SMF33CA_C19077520.pdf,expand,0,2026-07-24 06:07:31,hongjiacheng,SMF33CA,SOD-123FL,ESD and Surge Protection (TVS/ESD),-55℃~+150℃ 1uA 200W@10/1000us 3.8A@10/1000us 33V 40.6V 53.3V Bidirectional IEC 61000-4-2 TVS SOD-123FL ESD and Surge Protection (TVS/ESD) ROHS,双向TVS 33V截止 峰值浪涌电流：3.8A@10/1000us,0.0307,139896,1,Circuit Protection,2026-06-07 09:28:36,15,0.4605
C19077521,hongjiacheng-SMF36CA/C19077521,https://wmsc.lcsc.com/wmsc/upload/file/pdf/v2/lcsc/2312280940_hongjiacheng-SMF36CA_C19077521.pdf,expand,0,2026-07-24 06:07:31,hongjiacheng,SMF36CA,SOD-123FL,ESD and Surge Protection (TVS/ESD),-55℃~+150℃ 1uA 200W@10/1000us 3.4A@10/1000us 36V 44.2V 58.1V Bidirectional IEC 61000-4-2 TVS SOD-123FL ESD and Surge Protection (TVS/ESD) ROHS,双向TVS 36V截止 峰值浪涌电流：3.4A@10/1000us,0.0279,195160,1,Circuit Protection,2026-06-07 09:28:36,15,0.4185
C19077522,hongjiacheng-SMAJ33CA/C19077522,https://wmsc.lcsc.com/wmsc/upload/file/pdf/v2/lcsc/2312280937_hongjiacheng-SMAJ3-3CA_C19077522.pdf,expand,0,2026-07-24 06:07:31,hongjiacheng,SMAJ3.3CA,SMA,ESD and Surge Protection (TVS/ESD),-55℃~+150℃ 3.3V 400W@10/1000us 43.8A@10/1000us 600uA 8V 9V Bidirectional IEC 61000-4-2 TVS SMA ESD and Surge Protection (TVS/ESD) ROHS,双向 3.3V 43.8A@10/1000us,0.0616,1,1,Circuit Protection,2026-06-07 09:28:36,5,0.308
C19077523,hongjiacheng-SMAJ50A/C19077523,https://wmsc.lcsc.com/wmsc/upload/file/pdf/v2/lcsc/2312041002_hongjiacheng-SMAJ5-0A_C19077523.pdf,expand,0,2026-07-24 06:07:31,hongjiacheng,SMAJ5.0A,DO-214AC(SMA),ESD and Surge Protection (TVS/ESD),-55℃~+150℃ 1 400W@10/1000us 43.5A@10/1000us 5V 7V 800uA 9.2V IEC 61000-4-2 TVS Unidirectional DO-214AC(SMA) ESD and Surge Protection (TVS/ESD) ROHS,单向TVS 5V截止 峰值浪涌电流：43.5A@10/1000us,0.0421,10265,1,Circuit Protection,2026-06-07 09:28:36,5,0.2105
C19077524,hongjiacheng-SMAJ50CA/C19077524,https://wmsc.lcsc.com/wmsc/upload/file/pdf/v2/lcsc/2312041002_hongjiacheng-SMAJ5-0CA_C19077524.pdf,expand,0,2026-07-24 06:07:31,hongjiacheng,SMAJ5.0CA,DO-214AC(SMA),ESD and Surge Protection (TVS/ESD),-55℃~+150℃ 1 400W@10/1000us 43.5A@10/1000us 5V 7V 800uA 9.2V Bidirectional IEC 61000-4-2 TVS DO-214AC(SMA) ESD and Surge Protection (TVS/ESD) ROHS,双向TVS 5V截止 峰值浪涌电流：43.5A@10/1000us,0.0371,279079,1,Circuit Protection,2026-06-07 09:28:36,5,0.1855
C19077525,hongjiacheng-SMAJ60A/C19077525,https://wmsc.lcsc.com/wmsc/upload/file/pdf/v2/lcsc/2312280937_hongjiacheng-SMAJ6-0A_C19077525.pdf,expand,0,2026-07-24 06:07:31,hongjiacheng,SMAJ6.0A,DO-214AC(SMA),ESD and Surge Protection (TVS/ESD),-55℃~+150℃ 10.3V 38.8A@10/1000us 400W@10/1000us 6V 7.37V 800uA IEC 61000-4-2 TVS Unidirectional DO-214AC(SMA) ESD and Surge Protection (TVS/ESD) ROHS,单向TVS 6V截止 峰值浪涌电流：38.8A@10/1000us,0.0411,205755,1,Circuit Protection,2026-06-07 09:28:36,5,0.2055
C19077526,hongjiacheng-SMAJ60CA/C19077526,https://wmsc.lcsc.com/wmsc/upload/file/pdf/v2/lcsc/2312011957_hongjiacheng-SMAJ6-0CA_C19077526.pdf,expand,0,2026-07-24 06:07:31,hongjiacheng,SMAJ6.0CA,DO-214AC(SMA),ESD and Surge Protection (TVS/ESD),-55℃~+150℃ 1 10.3V 38.8A@10/1000us 400W@10/1000us 6V 7.37V 800uA Bidirectional IEC 61000-4-2 TVS DO-214AC(SMA) ESD and Surge Protection (TVS/ESD) ROHS,双向TVS 6V截止 峰值浪涌电流：38.8A@10/1000us,0.0429,144765,1,Circuit Protection,2026-06-07 09:28:36,5,0.2145
C19077527,hongjiacheng-SMAJ65CA/C19077527,https://wmsc.lcsc.com/wmsc/upload/file/pdf/v2/lcsc/2403232245_hongjiacheng-SMAJ6-5CA_C19077527.pdf,expand,0,2026-07-24 06:07:31,hongjiacheng,SMAJ6.5CA,DO-214AC(SMA),ESD and Surge Protection (TVS/ESD),-55℃~+150℃ 1 11.2V 35.7A@10/1000us 400W@10/1000us 500uA 6.5V 7.98V Bidirectional IEC 61000-4-2 TVS DO-214AC(SMA) ESD and Surge Protection (TVS/ESD) ROHS,双向TVS 6.5V截止 峰值浪涌电流：35.7A@10/1000us,0.0406,108208,1,Circuit Protection,2026-06-07 09:28:36,5,0.203
C19077529,hongjiacheng-SMAJ70CA/C19077529,https://wmsc.lcsc.com/wmsc/upload/file/pdf/v2/lcsc/2312280937_hongjiacheng-SMAJ7-0CA_C19077529.pdf,expand,0,2026-07-24 06:07:31,hongjiacheng,SMAJ7.0CA,DO-214AC(SMA),ESD and Surge Protection (TVS/ESD),-55℃~+150℃ 12V 200uA 33.3A@10/1000us 400W@10/1000us 7V 8.6V Bidirectional IEC 61000-4-2 TVS DO-214AC(SMA) ESD and Surge Protection (TVS/ESD) ROHS,双向TVS 7V截止 峰值浪涌电流：33.3A@10/1000us,0.0452,33375,1,Circuit Protection,2026-06-07 09:28:36,5,0.226
C19077530,hongjiacheng-SMAJ10CA/C19077530,https://wmsc.lcsc.com/wmsc/upload/file/pdf/v2/lcsc/2312280937_hongjiacheng-SMAJ10CA_C19077530.pdf,expand,0,2026-07-24 06:07:31,hongjiacheng,SMAJ10CA,DO-214AC(SMA),ESD and Surge Protection (TVS/ESD),-55℃~+150℃ 10V 12.3V 17V 23.5A 400W@10/1000us 5uA Bidirectional IEC 61000-4-2 TVS DO-214AC(SMA) ESD and Surge Protection (TVS/ESD) ROHS,双向TVS 10V截止 峰值浪涌电流：23.5A,0.0442,33264,1,Circuit Protection,2026-06-07 09:28:36,5,0.221
C19077531,hongjiacheng-SMAJ12A/C19077531,https://wmsc.lcsc.com/wmsc/upload/file/pdf/v2/lcsc/2312041002_hongjiacheng-SMAJ12A_C19077531.pdf,expand,0,2026-07-24 06:07:31,hongjiacheng,SMAJ12A,DO-214AC(SMA),ESD and Surge Protection (TVS/ESD),-55℃~+150℃ 1 12V 14.7V 19.9V 1uA 20.1A@10/1000us 400W@10/1000us IEC 61000-4-2 TVS Unidirectional DO-214AC(SMA) ESD and Surge Protection (TVS/ESD) ROHS,单向TVS 12V截止 峰值浪涌电流：20.1A@10/1000us,0.0382,96981,1,Circuit Protection,2026-06-07 09:28:36,5,0.191
C19077532,hongjiacheng-SMAJ12CA/C19077532,https://wmsc.lcsc.com/wmsc/upload/file/pdf/v2/lcsc/2403232245_hongjiacheng-SMAJ12CA_C19077532.pdf,expand,0,2026-07-24 06:07:31,hongjiacheng,SMAJ12CA,DO-214AC(SMA),ESD and Surge Protection (TVS/ESD),-55℃~+150℃ 1 12V 14.7V 19.9V 1uA 20.1A@10/1000us 400W@10/1000us Bidirectional IEC 61000-4-2 TVS DO-214AC(SMA) ESD and Surge Protection (TVS/ESD) ROHS,双向TVS 12V截止 峰值浪涌电流：20.1A@10/1000us,0.0348,185194,1,Circuit Protection,2026-06-07 09:28:36,5,0.174
C19077533,hongjiacheng-SMAJ13A/C19077533,https://wmsc.lcsc.com/wmsc/upload/file/pdf/v2/lcsc/2312280937_hongjiacheng-SMAJ13A_C19077533.pdf,expand,0,2026-07-24 06:07:31,hongjiacheng,SMAJ13A,DO-214AC(SMA),ESD and Surge Protection (TVS/ESD),-55℃~+150℃ 13V 15.9V 18.6A 1uA 21.5V 400W@10/1000us IEC 61000-4-2 TVS Unidirectional DO-214AC(SMA) ESD and Surge Protection (TVS/ESD) ROHS,单向TVS 13V截止 峰值浪涌电流：18.6A,0.0411,19057,1,Circuit Protection,2026-06-07 09:28:36,5,0.2055
C19077534,hongjiacheng-SMAJ13CA/C19077534,https://wmsc.lcsc.com/wmsc/upload/file/pdf/v2/lcsc/2312280937_hongjiacheng-SMAJ13CA_C19077534.pdf,expand,0,2026-07-24 06:07:31,hongjiacheng,SMAJ13CA,DO-214AC(SMA),ESD and Surge Protection (TVS/ESD),-55℃~+150℃ 13V 15.9V 18.6A@10/1000us 1uA 21.5V 400W@10/1000us Bidirectional IEC 61000-4-2 TVS DO-214AC(SMA) ESD and Surge Protection (TVS/ESD) ROHS,双向TVS 13V截止 峰值浪涌电流：18.6A@10/1000us,0.0289,38985,1,Circuit Protection,2026-06-07 09:28:36,5,0.1445
C19077535,hongjiacheng-SMAJ15A/C19077535,https://www.lcsc.com/datasheet/lcsc_datasheet_2411041728_hongjiacheng-SMAJ15A_C19077535.pdf,expand,0,2026-07-24 06:07:31,hongjiacheng,SMAJ15A,DO-214AC(SMA),ESD and Surge Protection (TVS/ESD),-55℃~+150℃ 1 15V 16.4A@10/1000us 18.5V 1uA 24.4V 400W@10/1000us IEC 61000-4-2 TVS Unidirectional DO-214AC(SMA) ESD and Surge Protection (TVS/ESD) ROHS,单向TVS 15V截止 峰值浪涌电流：16.4A@10/1000us,0.0368,185622,1,Circuit Protection,2026-06-07 09:28:36,5,0.184
C19077536,hongjiacheng-SMAJ15CA/C19077536,https://wmsc.lcsc.com/wmsc/upload/file/pdf/v2/lcsc/2312041002_hongjiacheng-SMAJ15CA_C19077536.pdf,expand,0,2026-07-24 06:07:31,hongjiacheng,SMAJ15CA,DO-214AC(SMA),ESD and Surge Protection (TVS/ESD),-55℃~+150℃ 1 15V 16.4A@10/1000us 18.5V 1uA 24.4V 400W@10/1000us Bidirectional IEC 61000-4-2 TVS DO-214AC(SMA) ESD and Surge Protection (TVS/ESD) ROHS,双向TVS 15V截止 峰值浪涌电流：16.4A@10/1000us,0.0402,332515,1,Circuit Protection,2026-06-07 09:28:36,5,0.201
C19077537,hongjiacheng-SMAJ16CA/C19077537,https://wmsc.lcsc.com/wmsc/upload/file/pdf/v2/lcsc/2312280937_hongjiacheng-SMAJ16CA_C19077537.pdf,expand,0,2026-07-24 06:07:31,hongjiacheng,SMAJ16CA,DO-214AC(SMA),ESD and Surge Protection (TVS/ESD),-55℃~+150℃ 15.4A 16V 19.7V 1uA 26V 400W@10/1000us Bidirectional IEC 61000-4-2 TVS DO-214AC(SMA) ESD and Surge Protection (TVS/ESD) ROHS,双向TVS 16V截止 峰值浪涌电流：15.4A,0.041,11868,1,Circuit Protection,2026-06-07 09:28:36,5,0.205
C19077538,hongjiacheng-SMAJ18A/C19077538,https://wmsc.lcsc.com/wmsc/upload/file/pdf/v2/lcsc/2312041002_hongjiacheng-SMAJ18A_C19077538.pdf,expand,0,2026-07-24 06:07:31,hongjiacheng,SMAJ18A,DO-214AC(SMA),ESD and Surge Protection (TVS/ESD),-55℃~+150℃ 1 13.7A 18V 1uA 22.1V 29.2V 400W IEC 61000-4-2 TVS Unidirectional DO-214AC(SMA) ESD and Surge Protection (TVS/ESD) ROHS,单向TVS 18V截止 峰值浪涌电流：13.7A,0.0316,2,284,Circuit Protection,2026-06-07 09:28:36,288,9.1008
C19077539,hongjiacheng-SMAJ18CA/C19077539,https://wmsc.lcsc.com/wmsc/upload/file/pdf/v2/lcsc/2312280937_hongjiacheng-SMAJ18CA_C19077539.pdf,expand,0,2026-07-24 06:07:31,hongjiacheng,SMAJ18CA,DO-214AC(SMA),ESD and Surge Protection (TVS/ESD),-55℃~+150℃ 13.7A@10/1000us 18V 1uA 22.1V 29.2V 400W@10/1000us Bidirectional IEC 61000-4-2 TVS DO-214AC(SMA) ESD and Surge Protection (TVS/ESD) ROHS,双向TVS 18V截止 峰值浪涌电流：13.7A@10/1000us,0.0405,30777,1,Circuit Protection,2026-06-07 09:28:36,5,0.2025
C19077540,hongjiacheng-SMAJ20CA/C19077540,https://wmsc.lcsc.com/wmsc/upload/file/pdf/v2/lcsc/2312280937_hongjiacheng-SMAJ20CA_C19077540.pdf,expand,0,2026-07-24 06:07:31,hongjiacheng,SMAJ20CA,DO-214AC(SMA),ESD and Surge Protection (TVS/ESD),-55℃~+150℃ 12.3A@10/1000us 1uA 20V 24.5V 32.4V 400W@10/1000us Bidirectional IEC 61000-4-2 TVS DO-214AC(SMA) ESD and Surge Protection (TVS/ESD) ROHS,双向TVS 20V截止 峰值浪涌电流：12.3A@10/1000us,0.0421,10889,1,Circuit Protection,2026-06-07 09:28:36,5,0.2105
C19077541,hongjiacheng-SMAJ24A/C19077541,https://wmsc.lcsc.com/wmsc/upload/file/pdf/v2/lcsc/2312280937_hongjiacheng-SMAJ24A_C19077541.pdf,expand,0,2026-07-24 06:07:31,hongjiacheng,SMAJ24A,DO-214AC(SMA),ESD and Surge Protection (TVS/ESD),10.3A@10/1000us 1uA 24V 29.5V 38.9V 400W@10/1000us IEC 61000-4-2 TVS Unidirectional DO-214AC(SMA) ESD and Surge Protection (TVS/ESD) ROHS,单向TVS 24V截止 峰值浪涌电流：10.3A@10/1000us,0.0408,90534,1,Circuit Protection,2026-06-07 09:28:36,5,0.204
C19077542,hongjiacheng-SMAJ24CA/C19077542,https://wmsc.lcsc.com/wmsc/upload/file/pdf/v2/lcsc/2312041002_hongjiacheng-SMAJ24CA_C19077542.pdf,expand,0,2026-07-24 06:07:31,hongjiacheng,SMAJ24CA,DO-214AC(SMA),ESD and Surge Protection (TVS/ESD),-55℃~+150℃ 1 10.3A@10/1000us 1uA 24V 29.5V 38.9V 400W@10/1000us Bidirectional IEC 61000-4-2 TVS DO-214AC(SMA) ESD and Surge Protection (TVS/ESD) ROHS,双向TVS 24V截止 峰值浪涌电流：10.3A@10/1000us,0.0347,3612,259,Circuit Protection,2026-06-07 09:28:36,261,9.0567
C19077543,hongjiacheng-SMAJ26A/C19077543,https://wmsc.lcsc.com/wmsc/upload/file/pdf/v2/lcsc/2312041002_hongjiacheng-SMAJ26A_C19077543.pdf,expand,0,2026-07-24 06:07:31,hongjiacheng,SMAJ26A,DO-214AC(SMA),ESD and Surge Protection (TVS/ESD),-55℃~+150℃ 1 1uA 26V 31.9V 400W@10/1000us 42.1V 9.5A@10/1000us IEC 61000-4-2 TVS Unidirectional DO-214AC(SMA) ESD and Surge Protection (TVS/ESD) ROHS,单向TVS 26V截止 峰值浪涌电流：9.5A@10/1000us,0.039,96195,1,Circuit Protection,2026-06-07 09:28:36,15,0.585
C19077544,hongjiacheng-SMAJ26CA/C19077544,https://wmsc.lcsc.com/wmsc/upload/file/pdf/v2/lcsc/2403232245_hongjiacheng-SMAJ26CA_C19077544.pdf,expand,0,2026-07-24 06:07:31,hongjiacheng,SMAJ26CA,DO-214AC(SMA),ESD and Surge Protection (TVS/ESD),1 1uA 26V 31.9V 400W@10/1000us 42.1V 9.5A@10/1000us Bidirectional IEC 61000-4-2 TVS DO-214AC(SMA) ESD and Surge Protection (TVS/ESD) ROHS,双向TVS 26V截止 峰值浪涌电流：9.5A@10/1000us,0.0363,91380,1,Circuit Protection,2026-06-07 09:28:36,5,0.1815
C19077545,hongjiacheng-SMAJ28A/C19077545,https://wmsc.lcsc.com/wmsc/upload/file/pdf/v2/lcsc/2312041002_hongjiacheng-SMAJ28A_C19077545.pdf,expand,0,2026-07-24 06:07:31,hongjiacheng,SMAJ28A,DO-214AC(SMA),ESD and Surge Protection (TVS/ESD),-55℃~+150℃ 1 1uA 28V 34.4V 400W@10/1000us 45.4V 8.8A@10/1000us IEC 61000-4-2 TVS Unidirectional DO-214AC(SMA) ESD and Surge Protection (TVS/ESD) ROHS,单向TVS 28V截止 峰值浪涌电流：8.8A@10/1000us,0.0397,9371,1,Circuit Protection,2026-06-07 09:28:36,5,0.1985
C19077546,hongjiacheng-SMAJ28CA/C19077546,https://wmsc.lcsc.com/wmsc/upload/file/pdf/v2/lcsc/2312280937_hongjiacheng-SMAJ28CA_C19077546.pdf,expand,0,2026-07-24 06:07:31,hongjiacheng,SMAJ28CA,DO-214AC(SMA),ESD and Surge Protection (TVS/ESD),-55℃~+150℃ 1uA 28V 34.4V 400W@10/1000us 45.4V 8.8A Bidirectional IEC 61000-4-2 TVS DO-214AC(SMA) ESD and Surge Protection (TVS/ESD) ROHS,双向TVS 28V截止 峰值浪涌电流：8.8A,0.0416,106459,1,Circuit Protection,2026-06-07 09:28:36,5,0.208
C19077547,hongjiacheng-SMAJ30A/C19077547,https://wmsc.lcsc.com/wmsc/upload/file/pdf/v2/lcsc/2312041002_hongjiacheng-SMAJ30A_C19077547.pdf,expand,0,2026-07-24 06:07:31,hongjiacheng,SMAJ30A,DO-214AC(SMA),ESD and Surge Protection (TVS/ESD),-55℃~+150℃ 1 1uA 30V 36.8V 400W@10/1000us 48.4V 8.3A@10/1000us IEC 61000-4-2 TVS Unidirectional DO-214AC(SMA) ESD and Surge Protection (TVS/ESD) ROHS,单向TVS 30V截止 峰值浪涌电流：8.3A@10/1000us,0.0408,23988,1,Circuit Protection,2026-06-07 09:28:36,5,0.204
C19077548,hongjiacheng-SMAJ30CA/C19077548,https://wmsc.lcsc.com/wmsc/upload/file/pdf/v2/lcsc/2312280937_hongjiacheng-SMAJ30CA_C19077548.pdf,expand,0,2026-07-24 06:07:31,hongjiacheng,SMAJ30CA,DO-214AC(SMA),ESD and Surge Protection (TVS/ESD),-55℃~+150℃ 1uA 30V 36.8V 400W@10/1000us 48.4V 8.3A@10/1000us Bidirectional IEC 61000-4-2 TVS DO-214AC(SMA) ESD and Surge Protection (TVS/ESD) ROHS,双向TVS 30V截止 峰值浪涌电流：8.3A@10/1000us,0.0414,89442,1,Circuit Protection,2026-06-07 09:28:36,5,0.207
C19077549,hongjiacheng-SMAJ33CA/C19077549,https://wmsc.lcsc.com/wmsc/upload/file/pdf/v2/lcsc/2312280937_hongjiacheng-SMAJ33CA_C19077549.pdf,expand,0,2026-07-24 06:07:31,hongjiacheng,SMAJ33CA,DO-214AC(SMA),ESD and Surge Protection (TVS/ESD),-55℃~+150℃ 1uA 33V 40.6V 400W@10/1000us 53.3V 7.5A@10/1000us Bidirectional IEC 61000-4-2 TVS DO-214AC(SMA) ESD and Surge Protection (TVS/ESD) ROHS,双向TVS 33V截止 峰值浪涌电流：7.5A@10/1000us,0.0278,279595,1,Circuit Protection,2026-06-07 09:28:36,5,0.139
C19077550,hongjiacheng-SMAJ36A/C19077550,https://wmsc.lcsc.com/wmsc/upload/file/pdf/v2/lcsc/2312041002_hongjiacheng-SMAJ36A_C19077550.pdf,expand,0,2026-07-24 06:07:31,hongjiacheng,SMAJ36A,DO-214AC(SMA),ESD and Surge Protection (TVS/ESD),-55℃~+150℃ 1 1uA 36V 400W@10/1000us 44.2V 58.1V 6.9A@10/1000us IEC 61000-4-2 TVS Unidirectional DO-214AC(SMA) ESD and Surge Protection (TVS/ESD) ROHS,单向TVS 36V截止 峰值浪涌电流：6.9A@10/1000us,0.0365,54984,1,Circuit Protection,2026-06-07 09:28:36,5,0.1825
C19077551,hongjiacheng-SMAJ36CA/C19077551,https://wmsc.lcsc.com/wmsc/upload/file/pdf/v2/lcsc/2312041002_hongjiacheng-SMAJ36CA_C19077551.pdf,expand,0,2026-07-24 06:07:31,hongjiacheng,SMAJ36CA,DO-214AC(SMA),ESD and Surge Protection (TVS/ESD),-55℃~+150℃ 1 1uA 36V 400W@10/1000us 44.2V 58.1V 6.9A@10/1000us Bidirectional IEC 61000-4-2 TVS DO-214AC(SMA) ESD and Surge Protection (TVS/ESD) ROHS,双向TVS 36V截止 峰值浪涌电流：6.9A@10/1000us,0.0361,3633,1,Circuit Protection,2026-06-07 09:28:36,5,0.1805
C19077552,hongjiacheng-SMAJ40CA/C19077552,https://wmsc.lcsc.com/wmsc/upload/file/pdf/v2/lcsc/2312041002_hongjiacheng-SMAJ40CA_C19077552.pdf,expand,0,2026-07-24 06:07:31,hongjiacheng,SMAJ40CA,DO-214AC(SMA),ESD and Surge Protection (TVS/ESD),-55℃~+150℃ 1 1uA 400W@10/1000us 40V 49.1V 6.2A@10/1000us 64.5V Bidirectional IEC 61000-4-2 TVS DO-214AC(SMA) ESD and Surge Protection (TVS/ESD) ROHS,双向TVS 40V截止 峰值浪涌电流：6.2A@10/1000us,0.0361,93850,1,Circuit Protection,2026-06-07 09:28:36,5,0.1805
C19077553,hongjiacheng-SMAJ48CA/C19077553,https://wmsc.lcsc.com/wmsc/upload/file/pdf/v2/lcsc/2312280937_hongjiacheng-SMAJ48CA_C19077553.pdf,expand,0,2026-07-24 06:07:31,hongjiacheng,SMAJ48CA,DO-214AC(SMA),ESD and Surge Protection (TVS/ESD),-55℃~+150℃ 1uA 400W@10/1000us 48V 5.2A@10/1000us 58.9V 77.4V Bidirectional IEC 61000-4-2 TVS DO-214AC(SMA) ESD and Surge Protection (TVS/ESD) ROHS,双向TVS 48V截止 峰值浪涌电流：5.2A@10/1000us,0.0369,170359,1,Circuit Protection,2026-06-07 09:28:36,5,0.1845
C19077554,hongjiacheng-SMAJ58A/C19077554,https://wmsc.lcsc.com/wmsc/upload/file/pdf/v2/lcsc/2312280937_hongjiacheng-SMAJ58A_C19077554.pdf,expand,0,2026-07-24 06:07:31,hongjiacheng,SMAJ58A,DO-214AC(SMA),ESD and Surge Protection (TVS/ESD),-55℃~+150℃ 1uA 4.3A@10/1000us 400W@10/1000us 58V 71.2V 93.6V IEC 61000-4-2 TVS Unidirectional DO-214AC(SMA) ESD and Surge Protection (TVS/ESD) ROHS,单向TVS 58V截止 峰值浪涌电流：4.3A@10/1000us,0.0551,20854,1,Circuit Protection,2026-06-07 09:28:36,5,0.2755
C19077555,hongjiacheng-P4SMA68CA/C19077555,https://wmsc.lcsc.com/wmsc/upload/file/pdf/v2/lcsc/2312291742_hongjiacheng-P4SMA6-8CA_C19077555.pdf,expand,0,2026-07-24 06:07:31,hongjiacheng,P4SMA6.8CA,DO-214AC(SMA),ESD and Surge Protection (TVS/ESD),-55℃~+150℃ 10.5V 1mA 38.1A@10/1000us 400W@10/1000us 5.8V 7.14V Bidirectional IEC 61000-4-2 TVS DO-214AC(SMA) ESD and Surge Protection (TVS/ESD) ROHS,双向TVS 5.8V截止 峰值浪涌电流：38.1A@10/1000us,0.0423,233655,1,Circuit Protection,2026-06-07 09:28:36,5,0.2115
C19077556,hongjiacheng-SMBJ33A/C19077556,https://wmsc.lcsc.com/wmsc/upload/file/pdf/v2/lcsc/2312280935_hongjiacheng-SMBJ3-3A_C19077556.pdf,expand,0,2026-07-24 06:07:31,hongjiacheng,SMBJ3.3A,DO-214AA(SMB),ESD and Surge Protection (TVS/ESD),-55℃~+150℃ 3.3V 6.5V 600W@10/1000us 600uA 75A@10/1000us 8V IEC 61000-4-2 TVS Unidirectional DO-214AA(SMB) ESD and Surge Protection (TVS/ESD) ROHS,单向TVS 3.3V截止 峰值浪涌电流：75A@10/1000us,0.1447,54941,1,Circuit Protection,2026-06-07 09:28:36,5,0.7235
C19077557,hongjiacheng-SMBJ33CA/C19077557,https://wmsc.lcsc.com/wmsc/upload/file/pdf/v2/lcsc/2312280935_hongjiacheng-SMBJ3-3CA_C19077557.pdf,expand,0,2026-07-24 06:07:31,hongjiacheng,SMBJ3.3CA,DO-214AA(SMB),ESD and Surge Protection (TVS/ESD),-55℃~+150℃ 3.3V 6.5V 600W@10/1000us 600uA 75A@10/1000us 8V Bidirectional IEC 61000-4-2 TVS DO-214AA(SMB) ESD and Surge Protection (TVS/ESD) ROHS,双向TVS 3.3V截止 峰值浪涌电流：75A@10/1000us,0.1007,64039,1,Circuit Protection,2026-06-07 09:28:36,5,0.5035
C19077558,hongjiacheng-SMBJ50A/C19077558,https://wmsc.lcsc.com/wmsc/upload/file/pdf/v2/lcsc/2312041004_hongjiacheng-SMBJ5-0A_C19077558.pdf,expand,0,2026-07-24 06:07:31,hongjiacheng,SMBJ5.0A,DO-214AA(SMB),ESD and Surge Protection (TVS/ESD),-55℃~+150℃ 1 5V 600W@10/1000us 65.22A@10/1000us 7V 800uA 9.2V IEC 61000-4-2 TVS Unidirectional DO-214AA(SMB) ESD and Surge Protection (TVS/ESD) ROHS,单向TVS 5V截止 峰值浪涌电流：65.22A@10/1000us,0.0464,214689,1,Circuit Protection,2026-06-07 09:28:36,5,0.232
C19077559,hongjiacheng-SMBJ50CA/C19077559,https://wmsc.lcsc.com/wmsc/upload/file/pdf/v2/lcsc/2312280935_hongjiacheng-SMBJ5-0CA_C19077559.pdf,expand,0,2026-07-24 06:07:31,hongjiacheng,SMBJ5.0CA,DO-214AA(SMB),ESD and Surge Protection (TVS/ESD),-55℃~+150℃ 5V 600W@10/1000us 65.22A@10/1000us 7V 800uA 9.2V Bidirectional IEC 61000-4-2 TVS DO-214AA(SMB) ESD and Surge Protection (TVS/ESD) ROHS,双向TVS 5V截止 峰值浪涌电流：65.22A@10/1000us,0.0574,371688,1,Circuit Protection,2026-06-07 09:28:36,5,0.287
C19077560,hongjiacheng-SMBJ60A/C19077560,https://wmsc.lcsc.com/wmsc/upload/file/pdf/v2/lcsc/2312251758_hongjiacheng-SMBJ6-0A_C19077560.pdf,expand,0,2026-07-24 06:07:31,hongjiacheng,SMBJ6.0A,DO-214AA(SMB),ESD and Surge Protection (TVS/ESD),-55℃~+150℃ 10.3V 58.25A@10/1000us 600W@10/1000us 6V 7.37V 800uA IEC 61000-4-2 TVS Unidirectional DO-214AA(SMB) ESD and Surge Protection (TVS/ESD) ROHS,单向TVS 6V截止 峰值浪涌电流：58.25A@10/1000us,0.0568,255115,1,Circuit Protection,2026-06-07 09:28:36,5,0.284
C19077561,hongjiacheng-SMBJ60CA/C19077561,https://wmsc.lcsc.com/wmsc/upload/file/pdf/v2/lcsc/2312041004_hongjiacheng-SMBJ6-0CA_C19077561.pdf,expand,0,2026-07-24 06:07:31,hongjiacheng,SMBJ6.0CA,DO-214AA(SMB),ESD and Surge Protection (TVS/ESD),1 10.3V 58.25A@10/1000us 600W@10/1000us 6V 7.37V 800uA Bidirectional IEC 61000-4-2 TVS DO-214AA(SMB) ESD and Surge Protection (TVS/ESD) ROHS,双向TVS 6V截止 峰值浪涌电流：58.25A@10/1000us,0.0485,1585892,1,Circuit Protection,2026-06-07 09:28:36,5,0.2425
C19077563,hongjiacheng-SMBJ70A/C19077563,https://wmsc.lcsc.com/wmsc/upload/file/pdf/v2/lcsc/2312280935_hongjiacheng-SMBJ7-0A_C19077563.pdf,expand,0,2026-07-24 06:07:31,hongjiacheng,SMBJ7.0A,DO-214AA(SMB),ESD and Surge Protection (TVS/ESD),-55℃~+150℃ 12V 200uA 50A@10/1000us 600W@10/1000us 7V 8.6V IEC 61000-4-2 TVS Unidirectional DO-214AA(SMB) ESD and Surge Protection (TVS/ESD) ROHS,单向TVS 7V截止 峰值浪涌电流：50A@10/1000us,0.0345,19949,1,Circuit Protection,2026-06-07 09:28:36,5,0.1725
C19077564,hongjiacheng-SMBJ70CA/C19077564,https://wmsc.lcsc.com/wmsc/upload/file/pdf/v2/lcsc/2312221742_hongjiacheng-SMBJ7-0CA_C19077564.pdf,expand,0,2026-07-24 06:07:31,hongjiacheng,SMBJ7.0CA,DO-214AA(SMB),ESD and Surge Protection (TVS/ESD),12V 200uA 50A@10/1000us 600W@10/1000us 7V 8.6V Bidirectional IEC 61000-4-2 TVS DO-214AA(SMB) ESD and Surge Protection (TVS/ESD) ROHS,双向TVS 7V截止 峰值浪涌电流：50A@10/1000us,0.0513,639,1,Circuit Protection,2026-06-07 09:28:36,5,0.2565
C19077565,hongjiacheng-SMBJ12A/C19077565,https://wmsc.lcsc.com/wmsc/upload/file/pdf/v2/lcsc/2312280935_hongjiacheng-SMBJ12A_C19077565.pdf,expand,0,2026-07-24 06:07:31,hongjiacheng,SMBJ12A,DO-214AA(SMB),ESD and Surge Protection (TVS/ESD),-55℃~+150℃ 12V 14.7V 19.9V 30.15A@10/1000us 5uA 600W@10/1000us IEC 61000-4-2 TVS Unidirectional DO-214AA(SMB) ESD and Surge Protection (TVS/ESD) ROHS,单向TVS 12V截止 峰值浪涌电流：30.15A@10/1000us,0.0553,15451,1,Circuit Protection,2026-06-07 09:28:36,5,0.2765
C19077566,hongjiacheng-SMBJ12CA/C19077566,https://wmsc.lcsc.com/wmsc/upload/file/pdf/v2/lcsc/2405211514_hongjiacheng-SMBJ12CA_C19077566.pdf,expand,0,2026-07-24 06:07:31,hongjiacheng,SMBJ12CA,DO-214AA(SMB),ESD and Surge Protection (TVS/ESD),-55℃~+150℃ 1 12V 14.7V 19.9V 30.15A@10/1000us 5uA 600W@10/1000us Bidirectional IEC 61000-4-2 TVS DO-214AA(SMB) ESD and Surge Protection (TVS/ESD) ROHS,双向TVS 12V截止 峰值浪涌电流：30.15A@10/1000us,0.0481,302047,1,Circuit Protection,2026-06-07 09:28:36,5,0.2405
C19077567,hongjiacheng-SMBJ13A/C19077567,https://wmsc.lcsc.com/wmsc/upload/file/pdf/v2/lcsc/2312280935_hongjiacheng-SMBJ13A_C19077567.pdf,expand,0,2026-07-24 06:07:31,hongjiacheng,SMBJ13A,DO-214AA(SMB),ESD and Surge Protection (TVS/ESD),-55℃~+150℃ 13V 15.9V 21.5V 27.91A@10/1000us 5uA 600W@10/1000us IEC 61000-4-2 TVS Unidirectional DO-214AA(SMB) ESD and Surge Protection (TVS/ESD) ROHS,单向TVS 13V截止 峰值浪涌电流：27.91A@10/1000us,0.0527,79786,1,Circuit Protection,2026-06-07 09:28:36,5,0.2635
C19077568,hongjiacheng-SMBJ13CA/C19077568,https://wmsc.lcsc.com/wmsc/upload/file/pdf/v2/lcsc/2312221742_hongjiacheng-SMBJ13CA_C19077568.pdf,expand,0,2026-07-24 06:07:31,hongjiacheng,SMBJ13CA,DO-214AA(SMB),ESD and Surge Protection (TVS/ESD),-55℃~+150℃ 13V 15.9V 21.5V 27.91A@10/1000us 5uA 600W@10/1000us Bidirectional IEC 61000-4-2 TVS DO-214AA(SMB) ESD and Surge Protection (TVS/ESD) ROHS,双向TVS 13V截止 峰值浪涌电流：27.91A@10/1000us,0.0437,63651,1,Circuit Protection,2026-06-07 09:28:36,5,0.2185
C19077569,hongjiacheng-SMBJ15A/C19077569,https://wmsc.lcsc.com/wmsc/upload/file/pdf/v2/lcsc/2312280935_hongjiacheng-SMBJ15A_C19077569.pdf,expand,0,2026-07-24 06:07:31,hongjiacheng,SMBJ15A,DO-214AA(SMB),ESD and Surge Protection (TVS/ESD),-55℃~+150℃ 15V 18.5V 24.4V 24.59A@10/1000us 5uA 600W@10/1000us IEC 61000-4-2 TVS Unidirectional DO-214AA(SMB) ESD and Surge Protection (TVS/ESD) ROHS,单向TVS 15V截止 峰值浪涌电流：24.59A@10/1000us,0.0532,17452,1,Circuit Protection,2026-06-07 09:28:36,5,0.266
C19077570,hongjiacheng-SMBJ15CA/C19077570,https://wmsc.lcsc.com/wmsc/upload/file/pdf/v2/lcsc/2312221742_hongjiacheng-SMBJ15CA_C19077570.pdf,expand,0,2026-07-24 06:07:31,hongjiacheng,SMBJ15CA,DO-214AA(SMB),ESD and Surge Protection (TVS/ESD),-55℃~+150℃ 15V 18.5V 24.4V 24.59A@10/1000us 5uA 600W@10/1000us Bidirectional IEC 61000-4-2 TVS DO-214AA(SMB) ESD and Surge Protection (TVS/ESD) ROHS,双向TVS 15V截止 峰值浪涌电流：24.59A@10/1000us,0.055,161460,1,Circuit Protection,2026-06-07 09:28:36,5,0.275
C19077571,hongjiacheng-SMBJ16A/C19077571,https://wmsc.lcsc.com/wmsc/upload/file/pdf/v2/lcsc/2312280935_hongjiacheng-SMBJ16A_C19077571.pdf,expand,0,2026-07-24 06:07:31,hongjiacheng,SMBJ16A,DO-214AA(SMB),ESD and Surge Protection (TVS/ESD),16V 19.7V 23.08A 26V 5uA 600W@10/1000us IEC 61000-4-2 TVS Unidirectional DO-214AA(SMB) ESD and Surge Protection (TVS/ESD) ROHS,单向TVS 16V截止 峰值浪涌电流：23.08A,0.0327,140094,1,Circuit Protection,2026-06-07 09:28:36,5,0.1635
C19077572,hongjiacheng-SMBJ16CA/C19077572,https://wmsc.lcsc.com/wmsc/upload/file/pdf/v2/lcsc/2312221742_hongjiacheng-SMBJ16CA_C19077572.pdf,expand,0,2026-07-24 06:07:31,hongjiacheng,SMBJ16CA,DO-214AA(SMB),ESD and Surge Protection (TVS/ESD),-55℃~+150℃ 16V 19.7V 23.08A@10/1000us 26V 5uA 600W@10/1000us Bidirectional IEC 61000-4-2 TVS DO-214AA(SMB) ESD and Surge Protection (TVS/ESD) ROHS,双向TVS 16V截止 峰值浪涌电流：23.08A@10/1000us,0.0555,92767,1,Circuit Protection,2026-06-07 09:28:36,5,0.2775
C19077573,hongjiacheng-SMBJ18A/C19077573,https://wmsc.lcsc.com/wmsc/upload/file/pdf/v2/lcsc/2312280935_hongjiacheng-SMBJ18A_C19077573.pdf,expand,0,2026-07-24 06:07:31,hongjiacheng,SMBJ18A,DO-214AA(SMB),ESD and Surge Protection (TVS/ESD),-55℃~+150℃ 18V 20.55A@10/1000us 22.1V 29.2V 5uA 600W@10/1000us IEC 61000-4-2 TVS Unidirectional DO-214AA(SMB) ESD and Surge Protection (TVS/ESD) ROHS,单向TVS 18V截止 峰值浪涌电流：20.55A@10/1000us,0.0511,47781,1,Circuit Protection,2026-06-07 09:28:36,5,0.2555
C19077574,hongjiacheng-SMBJ18CA/C19077574,https://wmsc.lcsc.com/wmsc/upload/file/pdf/v2/lcsc/2312221742_hongjiacheng-SMBJ18CA_C19077574.pdf,expand,0,2026-07-24 06:07:31,hongjiacheng,SMBJ18CA,DO-214AA(SMB),ESD and Surge Protection (TVS/ESD),-55℃~+150℃ 18V 20.55A 22.1V 29.2V 5uA 600W@10/1000us Bidirectional IEC 61000-4-2 TVS DO-214AA(SMB) ESD and Surge Protection (TVS/ESD) ROHS,双向TVS 18V截止 峰值浪涌电流：20.55A,0.0555,106101,1,Circuit Protection,2026-06-07 09:28:36,5,0.2775
C19077575,hongjiacheng-SMBJ20A/C19077575,https://wmsc.lcsc.com/wmsc/upload/file/pdf/v2/lcsc/2312280935_hongjiacheng-SMBJ20A_C19077575.pdf,expand,0,2026-07-24 06:07:31,hongjiacheng,SMBJ20A,DO-214AA(SMB),ESD and Surge Protection (TVS/ESD),-55℃~+150℃ 18.52A@10/1000us 20V 24.5V 32.4V 5uA 600W@10/1000us IEC 61000-4-2 TVS Unidirectional DO-214AA(SMB) ESD and Surge Protection (TVS/ESD) ROHS,单向TVS 20V截止 峰值浪涌电流：18.52A@10/1000us,0.0522,1474,1,Circuit Protection,2026-06-07 09:28:36,5,0.261
C19077576,hongjiacheng-SMBJ20CA/C19077576,https://wmsc.lcsc.com/wmsc/upload/file/pdf/v2/lcsc/2312280935_hongjiacheng-SMBJ20CA_C19077576.pdf,expand,0,2026-07-24 06:07:31,hongjiacheng,SMBJ20CA,DO-214AA(SMB),ESD and Surge Protection (TVS/ESD),18.52A@10/1000us 20V 24.5V 32.4V 5uA 600W@10/1000us Bidirectional IEC 61000-4-2 TVS DO-214AA(SMB) ESD and Surge Protection (TVS/ESD) ROHS,双向TVS 20V截止 峰值浪涌电流：18.52A@10/1000us,0.0406,49690,1,Circuit Protection,2026-06-07 09:28:36,5,0.203
C19077577,hongjiacheng-SMBJ22CA/C19077577,https://wmsc.lcsc.com/wmsc/upload/file/pdf/v2/lcsc/2312221742_hongjiacheng-SMBJ22CA_C19077577.pdf,expand,0,2026-07-24 06:07:31,hongjiacheng,SMBJ22CA,DO-214AA(SMB),ESD and Surge Protection (TVS/ESD),-55℃~+150℃ 16.9A@10/1000us 22V 26.9V 35.5V 5uA 600W@10/1000us Bidirectional IEC 61000-4-2 TVS DO-214AA(SMB) ESD and Surge Protection (TVS/ESD) ROHS,双向TVS 22V截止 峰值浪涌电流：16.9A@10/1000us,0.0551,29129,1,Circuit Protection,2026-06-07 09:28:36,5,0.2755
C19077578,hongjiacheng-SMBJ24A/C19077578,https://wmsc.lcsc.com/wmsc/upload/file/pdf/v2/lcsc/2312280935_hongjiacheng-SMBJ24A_C19077578.pdf,expand,0,2026-07-24 06:07:31,hongjiacheng,SMBJ24A,DO-214AA(SMB),ESD and Surge Protection (TVS/ESD),-55℃~+150℃ 15.42A@10/1000us 24V 29.5V 38.9V 5uA 600W@10/1000us IEC 61000-4-2 TVS Unidirectional DO-214AA(SMB) ESD and Surge Protection (TVS/ESD) ROHS,单向TVS 24V截止 峰值浪涌电流：15.42A@10/1000us,0.0574,9824,1,Circuit Protection,2026-06-07 09:28:36,5,0.287
C19077579,hongjiacheng-SMBJ24CA/C19077579,https://wmsc.lcsc.com/wmsc/upload/file/pdf/v2/lcsc/2312011957_hongjiacheng-SMBJ24CA_C19077579.pdf,expand,0,2026-07-24 06:07:31,hongjiacheng,SMBJ24CA,DO-214AA(SMB),ESD and Surge Protection (TVS/ESD),-55℃~+150℃ 1 15.42A@10/1000us 24V 29.5V 38.9V 5uA 600W@10/1000us Bidirectional IEC 61000-4-2 TVS DO-214AA(SMB) ESD and Surge Protection (TVS/ESD) ROHS,双向TVS 24V截止 峰值浪涌电流：15.42A@10/1000us,0.0503,71853,1,Circuit Protection,2026-06-07 09:28:36,5,0.2515
C19077580,hongjiacheng-SMBJ26A/C19077580,https://wmsc.lcsc.com/wmsc/upload/file/pdf/v2/lcsc/2312280935_hongjiacheng-SMBJ26A_C19077580.pdf,expand,0,2026-07-24 06:07:31,hongjiacheng,SMBJ26A,DO-214AA(SMB),ESD and Surge Protection (TVS/ESD),-55℃~+150℃ 14.25A@10/1000us 26V 31.9V 42.1V 5uA 600W@10/1000us IEC 61000-4-2 TVS Unidirectional DO-214AA(SMB) ESD and Surge Protection (TVS/ESD) ROHS,单向TVS 26V截止 峰值浪涌电流：14.25A@10/1000us,0.0513,28151,1,Circuit Protection,2026-06-07 09:28:36,5,0.2565
C19077581,hongjiacheng-SMBJ26CA/C19077581,https://wmsc.lcsc.com/wmsc/upload/file/pdf/v2/lcsc/2312041004_hongjiacheng-SMBJ26CA_C19077581.pdf,expand,0,2026-07-24 06:07:31,hongjiacheng,SMBJ26CA,DO-214AA(SMB),ESD and Surge Protection (TVS/ESD),-55℃~+150℃ 1 14.25A@10/1000us 26V 31.9V 42.1V 5uA 600W@10/1000us Bidirectional IEC 61000-4-2 TVS DO-214AA(SMB) ESD and Surge Protection (TVS/ESD) ROHS,双向TVS 26V截止 峰值浪涌电流：14.25A@10/1000us,0.0563,214202,1,Circuit Protection,2026-06-07 09:28:36,5,0.2815
C19077582,hongjiacheng-SMBJ28A/C19077582,https://wmsc.lcsc.com/wmsc/upload/file/pdf/v2/lcsc/2403240415_hongjiacheng-SMBJ28A_C19077582.pdf,expand,0,2026-07-24 06:07:31,hongjiacheng,SMBJ28A,DO-214AA(SMB),ESD and Surge Protection (TVS/ESD),-55℃~+150℃ 1 13.22A@10/1000us 28V 34.4V 45.4V 5uA 600W@10/1000us IEC 61000-4-2 TVS Unidirectional DO-214AA(SMB) ESD and Surge Protection (TVS/ESD) ROHS,单向TVS 28V截止 峰值浪涌电流：13.22A@10/1000us,0.0493,57046,1,Circuit Protection,2026-06-07 09:28:36,5,0.2465
C19077583,hongjiacheng-SMBJ28CA/C19077583,https://wmsc.lcsc.com/wmsc/upload/file/pdf/v2/lcsc/2312221742_hongjiacheng-SMBJ28CA_C19077583.pdf,expand,0,2026-07-24 06:07:31,hongjiacheng,SMBJ28CA,DO-214AA(SMB),ESD and Surge Protection (TVS/ESD),-55℃~+150℃ 13.22A@10/1000us 28V 34.4V 45.4V 5uA 600W@10/1000us Bidirectional IEC 61000-4-2 TVS DO-214AA(SMB) ESD and Surge Protection (TVS/ESD) ROHS,双向TVS 28V截止 峰值浪涌电流：13.22A@10/1000us,0.0559,37919,1,Circuit Protection,2026-06-07 09:28:36,5,0.2795
C19077584,hongjiacheng-SMBJ30A/C19077584,https://wmsc.lcsc.com/wmsc/upload/file/pdf/v2/lcsc/2403240415_hongjiacheng-SMBJ30A_C19077584.pdf,expand,0,2026-07-24 06:07:31,hongjiacheng,SMBJ30A,DO-214AA(SMB),ESD and Surge Protection (TVS/ESD),-55℃~+150℃ 1 12.4A@10/1000us 30V 36.8V 48.4V 5uA 600W@10/1000us IEC 61000-4-2 TVS Unidirectional DO-214AA(SMB) ESD and Surge Protection (TVS/ESD) ROHS,单向TVS 30V截止 峰值浪涌电流：12.4A@10/1000us,0.0479,374599,1,Circuit Protection,2026-06-07 09:28:36,5,0.2395
C19077585,hongjiacheng-SMBJ30CA/C19077585,https://wmsc.lcsc.com/wmsc/upload/file/pdf/v2/lcsc/2312041004_hongjiacheng-SMBJ30CA_C19077585.pdf,expand,0,2026-07-24 06:07:31,hongjiacheng,SMBJ30CA,DO-214AA(SMB),ESD and Surge Protection (TVS/ESD),-55℃~+150℃ 1 12.4A@10/1000us 30V 36.8V 48.4V 5uA 600W@10/1000us Bidirectional IEC 61000-4-2 TVS DO-214AA(SMB) ESD and Surge Protection (TVS/ESD) ROHS,双向TVS 30V截止 峰值浪涌电流：12.4A@10/1000us,0.0579,239218,1,Circuit Protection,2026-06-07 09:28:36,5,0.2895
C19077586,hongjiacheng-SMBJ33A/C19077586,https://wmsc.lcsc.com/wmsc/upload/file/pdf/v2/lcsc/2312280935_hongjiacheng-SMBJ33A_C19077586.pdf,expand,0,2026-07-24 06:07:31,hongjiacheng,SMBJ33A,DO-214AA(SMB),ESD and Surge Protection (TVS/ESD),-55℃~+150℃ 11.26A@10/1000us 33V 40.6V 53.3V 5uA 600W@10/1000us IEC 61000-4-2 TVS Unidirectional DO-214AA(SMB) ESD and Surge Protection (TVS/ESD) ROHS,单向TVS 33V截止 峰值浪涌电流：11.26A@10/1000us,0.0532,2856,1,Circuit Protection,2026-06-07 09:28:36,5,0.266
C19077587,hongjiacheng-SMBJ33CA/C19077587,https://wmsc.lcsc.com/wmsc/upload/file/pdf/v2/lcsc/2403240415_hongjiacheng-SMBJ33CA_C19077587.pdf,expand,0,2026-07-24 06:07:31,hongjiacheng,SMBJ33CA,DO-214AA(SMB),ESD and Surge Protection (TVS/ESD),-55℃~+150℃ 1 11.26A@10/1000us 33V 40.6V 53.3V 5uA 600W@10/1000us Bidirectional IEC 61000-4-2 TVS DO-214AA(SMB) ESD and Surge Protection (TVS/ESD) ROHS,双向TVS 33V截止 峰值浪涌电流：11.26A@10/1000us,0.0498,421788,1,Circuit Protection,2026-06-07 09:28:36,5,0.249
C19077588,hongjiacheng-SMBJ36A/C19077588,https://wmsc.lcsc.com/wmsc/upload/file/pdf/v2/lcsc/2312041004_hongjiacheng-SMBJ36A_C19077588.pdf,expand,0,2026-07-24 06:07:31,hongjiacheng,SMBJ36A,DO-214AA(SMB),ESD and Surge Protection (TVS/ESD),-55℃~+150℃ 1 10.33A 36V 44.2V 58.1V 5uA 600W@10/1000us IEC 61000-4-2 TVS Unidirectional DO-214AA(SMB) ESD and Surge Protection (TVS/ESD) ROHS,单向TVS 36V截止 峰值浪涌电流：10.33A,0.0484,79189,1,Circuit Protection,2026-06-07 09:28:36,5,0.242
C19077589,hongjiacheng-SMBJ36CA/C19077589,https://wmsc.lcsc.com/wmsc/upload/file/pdf/v2/lcsc/2403240415_hongjiacheng-SMBJ36CA_C19077589.pdf,expand,0,2026-07-24 06:07:31,hongjiacheng,SMBJ36CA,DO-214AA(SMB),ESD and Surge Protection (TVS/ESD),-55℃~+150℃ 1 10.33A@10/1000us 36V 44.2V 58.1V 5uA 600W@10/1000us Bidirectional IEC 61000-4-2 TVS DO-214AA(SMB) ESD and Surge Protection (TVS/ESD) ROHS,双向TVS 36V截止 峰值浪涌电流：10.33A@10/1000us,0.0564,268906,1,Circuit Protection,2026-06-07 09:28:36,5,0.282
C19077590,hongjiacheng-SMBJ40CA/C19077590,https://wmsc.lcsc.com/wmsc/upload/file/pdf/v2/lcsc/2312221742_hongjiacheng-SMBJ40CA_C19077590.pdf,expand,0,2026-07-24 06:07:31,hongjiacheng,SMBJ40CA,DO-214AA(SMB),ESD and Surge Protection (TVS/ESD),-55℃~+150℃ 40V 49.1V 5uA 600W@10/1000us 64.5V 9.3A@10/1000us Bidirectional IEC 61000-4-2 TVS DO-214AA(SMB) ESD and Surge Protection (TVS/ESD) ROHS,双向TVS 40V截止 峰值浪涌电流：9.3A@10/1000us,0.0406,23711,1,Circuit Protection,2026-06-07 09:28:36,5,0.203
C19077591,hongjiacheng-SMBJ48CA/C19077591,https://wmsc.lcsc.com/wmsc/upload/file/pdf/v2/lcsc/2403240415_hongjiacheng-SMBJ48CA_C19077591.pdf,expand,0,2026-07-24 06:07:31,hongjiacheng,SMBJ48CA,DO-214AA(SMB),ESD and Surge Protection (TVS/ESD),-55℃~+150℃ 1 48V 58.9V 5uA 600W@10/1000us 7.75A@10/1000us 77.4V Bidirectional IEC 61000-4-2 TVS DO-214AA(SMB) ESD and Surge Protection (TVS/ESD) ROHS,双向TVS 48V截止 峰值浪涌电流：7.75A@10/1000us,0.0519,2830,1,Circuit Protection,2026-06-07 09:28:36,5,0.2595
C19077592,hongjiacheng-SMBJ58CA/C19077592,https://wmsc.lcsc.com/wmsc/upload/file/pdf/v2/lcsc/2312221742_hongjiacheng-SMBJ58CA_C19077592.pdf,expand,0,2026-07-24 06:07:31,hongjiacheng,SMBJ58CA,DO-214AA(SMB),ESD and Surge Protection (TVS/ESD),-55℃~+150℃ 58V 5uA 6.41A@10/1000us 600W@10/1000us 71.2V 93.6V Bidirectional IEC 61000-4-2 TVS DO-214AA(SMB) ESD and Surge Protection (TVS/ESD) ROHS,双向TVS 58V截止 峰值浪涌电流：6.41A@10/1000us,0.0569,253909,1,Circuit Protection,2026-06-07 09:28:36,5,0.2845
C19077593,hongjiacheng-SMBJ60CA/C19077593,https://wmsc.lcsc.com/wmsc/upload/file/pdf/v2/lcsc/2312280935_hongjiacheng-SMBJ60CA_C19077593.pdf,expand,0,2026-07-24 06:07:31,hongjiacheng,SMBJ60CA,DO-214AA(SMB),ESD and Surge Protection (TVS/ESD),-55℃~+150℃ 5uA 6.2A@10/1000us 600W@10/1000us 60V 73.7V 96.8V Bidirectional IEC 61000-4-2 TVS DO-214AA(SMB) ESD and Surge Protection (TVS/ESD) ROHS,双向TVS 60V截止 峰值浪涌电流：6.2A@10/1000us,0.0527,467578,1,Circuit Protection,2026-06-07 09:28:36,5,0.2635
C19077594,hongjiacheng-SMBJ64A/C19077594,https://wmsc.lcsc.com/wmsc/upload/file/pdf/v2/lcsc/2312280935_hongjiacheng-SMBJ64A_C19077594.pdf,expand,0,2026-07-24 06:07:31,hongjiacheng,SMBJ64A,DO-214AA(SMB),ESD and Surge Protection (TVS/ESD),-55℃~+150℃ 103V 5.83A@10/1000us 5uA 600W@10/1000us 64V 78.6V IEC 61000-4-2 TVS Unidirectional DO-214AA(SMB) ESD and Surge Protection (TVS/ESD) ROHS,单向TVS 64V截止 峰值浪涌电流：5.83A@10/1000us,0.0569,66352,1,Circuit Protection,2026-06-07 09:28:36,5,0.2845
C19077595,hongjiacheng-P6SMB68A/C19077595,https://wmsc.lcsc.com/wmsc/upload/file/pdf/v2/lcsc/2312280931_hongjiacheng-P6SMB6-8A_C19077595.pdf,expand,0,2026-07-24 06:07:31,hongjiacheng,P6SMB6.8A,DO-214AA(SMB),ESD and Surge Protection (TVS/ESD),-55℃~+150℃ 10.5V 1mA 5.8V 57.1A@10/1000us 600W@10/1000us 7.14V IEC 61000-4-2 TVS Unidirectional DO-214AA(SMB) ESD and Surge Protection (TVS/ESD) ROHS,单向TVS 5.8V截止 峰值浪涌电流：57.1A@10/1000us,0.0458,29395,1,Circuit Protection,2026-06-07 09:28:36,5,0.229
C19077596,hongjiacheng-P6SMB68CA/C19077596,https://wmsc.lcsc.com/wmsc/upload/file/pdf/v2/lcsc/2312041005_hongjiacheng-P6SMB6-8CA_C19077596.pdf,expand,0,2026-07-24 06:07:31,hongjiacheng,P6SMB6.8CA,DO-214AA(SMB),ESD and Surge Protection (TVS/ESD),-55℃~+150℃ 1 10.5V 1mA 5.8V 57.1A@10/1000us 600W@10/1000us 7.14V Bidirectional IEC 61000-4-2 TVS DO-214AA(SMB) ESD and Surge Protection (TVS/ESD) ROHS,双向TVS 5.8V截止 峰值浪涌电流：57.1A@10/1000us,0.0443,243366,1,Circuit Protection,2026-06-07 09:28:36,5,0.2215
C19077597,hongjiacheng-P6SMB15CA/C19077597,https://wmsc.lcsc.com/wmsc/upload/file/pdf/v2/lcsc/2312221742_hongjiacheng-P6SMB15CA_C19077597.pdf,expand,0,2026-07-24 06:07:31,hongjiacheng,P6SMB15CA,DO-214AA(SMB),ESD and Surge Protection (TVS/ESD),-55℃~+150℃ 12.8V 15.75V 21.2V 28.3A@10/1000us 5uA 600W@10/1000us Bidirectional IEC 61000-4-2 TVS DO-214AA(SMB) ESD and Surge Protection (TVS/ESD) ROHS,双向TVS 12.8V截止 峰值浪涌电流：28.3A@10/1000us,0.0521,471784,1,Circuit Protection,2026-06-07 09:28:36,5,0.2605
C19077598,hongjiacheng-P6SMB16CA/C19077598,https://wmsc.lcsc.com/wmsc/upload/file/pdf/v2/lcsc/2312280931_hongjiacheng-P6SMB16CA_C19077598.pdf,expand,0,2026-07-24 06:07:31,hongjiacheng,P6SMB16CA,DO-214AA(SMB),ESD and Surge Protection (TVS/ESD),-55℃~+150℃ 13.6V 16.8V 22.5V 26.6A@10/1000us 5uA 600W@10/1000us Bidirectional IEC 61000-4-2 TVS DO-214AA(SMB) ESD and Surge Protection (TVS/ESD) ROHS,双向TVS 13.6V截止 峰值浪涌电流：26.6A@10/1000us,0.0403,53517,1,Circuit Protection,2026-06-07 09:28:36,5,0.2015
C19077599,hongjiacheng-P6SMB18CA/C19077599,https://wmsc.lcsc.com/wmsc/upload/file/pdf/v2/lcsc/2312280931_hongjiacheng-P6SMB18CA_C19077599.pdf,expand,0,2026-07-24 06:07:31,hongjiacheng,P6SMB18CA,DO-214AA(SMB),ESD and Surge Protection (TVS/ESD),-55℃~+150℃ 15.3V 18.9V 23.8A@10/1000us 25.2V 5uA 600W@10/1000us Bidirectional IEC 61000-4-2 TVS DO-214AA(SMB) ESD and Surge Protection (TVS/ESD) ROHS,双向TVS 15.3V截止 峰值浪涌电流：23.8A@10/1000us,0.0403,18492,1,Circuit Protection,2026-06-07 09:28:36,5,0.2015
C19077600,hongjiacheng-P6SMB30A/C19077600,https://wmsc.lcsc.com/wmsc/upload/file/pdf/v2/lcsc/2312280931_hongjiacheng-P6SMB30A_C19077600.pdf,expand,0,2026-07-24 06:07:31,hongjiacheng,P6SMB30A,DO-214AA(SMB),ESD and Surge Protection (TVS/ESD),-55℃~+150℃ 14.5A@10/1000us 25.6V 31.5V 41.4V 5uA 600W@10/1000us IEC 61000-4-2 TVS Unidirectional DO-214AA(SMB) ESD and Surge Protection (TVS/ESD) ROHS,单向TVS 25.6V截止 峰值浪涌电流：14.5A@10/1000us,0.0452,9595,1,Circuit Protection,2026-06-07 09:28:36,5,0.226
C19077601,hongjiacheng-P6SMB30CA/C19077601,https://wmsc.lcsc.com/wmsc/upload/file/pdf/v2/lcsc/2312280931_hongjiacheng-P6SMB30CA_C19077601.pdf,expand,0,2026-07-24 06:07:31,hongjiacheng,P6SMB30CA,DO-214AA(SMB),ESD and Surge Protection (TVS/ESD),14.5A@10/1000us 25.6V 31.5V 41.4V 5uA 600W@10/1000us Bidirectional IEC 61000-4-2 TVS DO-214AA(SMB) ESD and Surge Protection (TVS/ESD) ROHS,双向TVS 25.6V截止 峰值浪涌电流：14.5A@10/1000us,0.0569,50514,1,Circuit Protection,2026-06-07 09:28:36,5,0.2845
C19077602,hongjiacheng-P6SMB36CA/C19077602,https://wmsc.lcsc.com/wmsc/upload/file/pdf/v2/lcsc/2312280931_hongjiacheng-P6SMB36CA_C19077602.pdf,expand,0,2026-07-24 06:07:31,hongjiacheng,P6SMB36CA,DO-214AA(SMB),ESD and Surge Protection (TVS/ESD),-55℃~+150℃ 12A@10/1000us 30.8V 37.8V 49.9V 5uA 600W@10/1000us Bidirectional IEC 61000-4-2 TVS DO-214AA(SMB) ESD and Surge Protection (TVS/ESD) ROHS,双向TVS 30.8V截止 峰值浪涌电流：12A@10/1000us,0.0543,32787,1,Circuit Protection,2026-06-07 09:28:36,5,0.2715
C19077603,hongjiacheng-SMCJ15CA/C19077603,https://wmsc.lcsc.com/wmsc/upload/file/pdf/v2/lcsc/2312221742_hongjiacheng-SMCJ15CA_C19077603.pdf,expand,0,2026-07-24 06:07:31,hongjiacheng,SMCJ15CA,SMC(DO-214AB),ESD and Surge Protection (TVS/ESD),-55℃~+150℃ 1.5kW@10/1000us 15V 18.5V 1uA 24.4V 61.5A Bidirectional IEC 61000-4-2 TVS SMC(DO-214AB) ESD and Surge Protection (TVS/ESD) ROHS,双向TVS 15V截止 峰值浪涌电流：61.5A,0.1399,32526,1,Circuit Protection,2026-06-07 09:28:36,2,0.2798
C19077604,hongjiacheng-SMCJ24A/C19077604,https://wmsc.lcsc.com/wmsc/upload/file/pdf/v2/lcsc/2312280929_hongjiacheng-SMCJ24A_C19077604.pdf,expand,0,2026-07-24 06:07:31,hongjiacheng,SMCJ24A,SMC(DO-214AB),ESD and Surge Protection (TVS/ESD),-55℃~+150℃ 1.5kW@10/1000us 1uA 24V 29.5V 38.6A@10/1000us 38.9V IEC 61000-4-2 TVS Unidirectional SMC(DO-214AB) ESD and Surge Protection (TVS/ESD) ROHS,单向TVS 24V截止 峰值浪涌电流：38.6A@10/1000us,0.0886,43648,1,Circuit Protection,2026-06-07 09:28:36,2,0.1772
C19077605,hongjiacheng-SMCJ26CA/C19077605,https://wmsc.lcsc.com/wmsc/upload/file/pdf/v2/lcsc/2312041005_hongjiacheng-SMCJ26CA_C19077605.pdf,expand,0,2026-07-24 06:07:31,hongjiacheng,SMCJ26CA,SMC(DO-214AB),ESD and Surge Protection (TVS/ESD),-55℃~+150℃ 1.5kW@10/1000us 1uA 26V 31.9V 35.7A@10/1000us 42.1V Bidirectional IEC 61000-4-2 TVS SMC(DO-214AB) ESD and Surge Protection (TVS/ESD) ROHS,双向TVS 26V截止 峰值浪涌电流：35.7A@10/1000us,0.1373,151969,1,Circuit Protection,2026-06-07 09:28:36,2,0.2746
C19077606,hongjiacheng-SMCJ28CA/C19077606,https://wmsc.lcsc.com/wmsc/upload/file/pdf/v2/lcsc/2312221742_hongjiacheng-SMCJ28CA_C19077606.pdf,expand,0,2026-07-24 06:07:31,hongjiacheng,SMCJ28CA,SMC(DO-214AB),ESD and Surge Protection (TVS/ESD),-55℃~+150℃ 1.5kW@10/1000us 1uA 28V 33.1A@10/1000us 34.4V 45.4V Bidirectional IEC 61000-4-2 TVS SMC(DO-214AB) ESD and Surge Protection (TVS/ESD) ROHS,双向TVS 28V截止 峰值浪涌电流：33.1A@10/1000us,0.1471,4682,1,Circuit Protection,2026-06-07 09:28:36,2,0.2942
C19077607,hongjiacheng-SMCJ30CA/C19077607,https://wmsc.lcsc.com/wmsc/upload/file/pdf/v2/lcsc/2312221742_hongjiacheng-SMCJ30CA_C19077607.pdf,expand,0,2026-07-24 06:07:31,hongjiacheng,SMCJ30CA,SMC(DO-214AB),ESD and Surge Protection (TVS/ESD),-55℃~+150℃ 1.5kW@10/1000us 1uA 30V 31A@10/1000us 36.8V 48.4V Bidirectional IEC 61000-4-2 TVS SMC(DO-214AB) ESD and Surge Protection (TVS/ESD) ROHS,双向TVS 30V截止 峰值浪涌电流：31A@10/1000us,0.1395,45624,1,Circuit Protection,2026-06-07 09:28:36,2,0.279
C19077608,hongjiacheng-SMCJ33CA/C19077608,https://wmsc.lcsc.com/wmsc/upload/file/pdf/v2/lcsc/2312280929_hongjiacheng-SMCJ33CA_C19077608.pdf,expand,0,2026-07-24 06:07:31,hongjiacheng,SMCJ33CA,SMC(DO-214AB),ESD and Surge Protection (TVS/ESD),-55℃~+150℃ 1.5kW@10/1000us 1uA 28.2A@10/1000us 33V 40.6V 53.3V Bidirectional IEC 61000-4-2 TVS SMC(DO-214AB) ESD and Surge Protection (TVS/ESD) ROHS,双向TVS 33V截止 峰值浪涌电流：28.2A@10/1000us,0.1429,16333,1,Circuit Protection,2026-06-07 09:28:36,2,0.2858
C19077609,hongjiacheng-SMCJ36CA/C19077609,https://wmsc.lcsc.com/wmsc/upload/file/pdf/v2/lcsc/2312221742_hongjiacheng-SMCJ36CA_C19077609.pdf,expand,0,2026-07-24 06:07:31,hongjiacheng,SMCJ36CA,SMC(DO-214AB),ESD and Surge Protection (TVS/ESD),-55℃~+150℃ 1.5kW@10/1000us 1uA 25.9A@10/1000us 36V 44.2V 58.1V Bidirectional IEC 61000-4-2 TVS SMC(DO-214AB) ESD and Surge Protection (TVS/ESD) ROHS,双向TVS 36V截止 峰值浪涌电流：25.9A@10/1000us,0.1515,50307,1,Circuit Protection,2026-06-07 09:28:36,2,0.303
C19077610,hongjiacheng-SMCJ40CA/C19077610,https://wmsc.lcsc.com/wmsc/upload/file/pdf/v2/lcsc/2312280929_hongjiacheng-SMCJ40CA_C19077610.pdf,expand,0,2026-07-24 06:07:31,hongjiacheng,SMCJ40CA,SMC(DO-214AB),ESD and Surge Protection (TVS/ESD),-55℃~+150℃ 1.5kW@10/1000us 1uA 23.3A@10/1000us 40V 49.1V 64.5V Bidirectional IEC 61000-4-2 TVS SMC(DO-214AB) ESD and Surge Protection (TVS/ESD) ROHS,双向TVS 40V截止 峰值浪涌电流：23.3A@10/1000us,0.1226,39119,1,Circuit Protection,2026-06-07 09:28:36,2,0.2452
C19077611,hongjiacheng-SMCJ48A/C19077611,https://wmsc.lcsc.com/wmsc/upload/file/pdf/v2/lcsc/2312280929_hongjiacheng-SMCJ48A_C19077611.pdf,expand,0,2026-07-24 06:07:31,hongjiacheng,SMCJ48A,SMC(DO-214AB),ESD and Surge Protection (TVS/ESD),-55℃~+150℃ 1.5kW@10/1000us 19.4A 1uA 48V 58.9V 77.4V IEC 61000-4-2 TVS Unidirectional SMC(DO-214AB) ESD and Surge Protection (TVS/ESD) ROHS,单向TVS 48V截止 峰值浪涌电流：19.4A,0.1547,3889,1,Circuit Protection,2026-06-07 09:28:36,2,0.3094
C191023,GuangdongHottech-1N5819WS/C191023,https://www.lcsc.com/datasheet/lcsc_datasheet_2409300937_Guangdong-Hottech-1N5819WS_C191023.pdf,base,0,2026-07-24 06:07:31,Guangdong Hottech,1N5819WS,SOD-323,Schottky Diodes,1 Independent 1A 25A 40V 500uA@40V 600mV@1A SOD-323 Schottky Diodes ROHS,1N5819WS,0.0136,6626877,1,Diodes,2026-06-07 09:28:36,20,0.272
C19627026,hongjiacheng-BAT54X/C19627026,https://wmsc.lcsc.com/wmsc/upload/file/pdf/v2/lcsc/2312081758_hongjiacheng-BAT54X_C19627026.pdf,expand,0,2026-07-24 06:07:31,hongjiacheng,BAT54X,SOD-523,Schottky Diodes,1V@100mA 200mA 2uA@25V 30V 600mA Standalone SOD-523 Schottky Diodes ROHS,BAT54X,0.0157,1195,1,Diodes,2026-06-07 09:28:36,20,0.314
C19666,20375-CL10A475KO8NNNC/C19666,https://www.lcsc.com/datasheet/lcsc_datasheet_2304140030_Samsung-Electro-Mechanics-CL10A475KO8NNNC_C19666.pdf,base,0,2026-07-24 06:07:31,Samsung Electro-Mechanics,CL10A475KO8NNNC,0603,Multilayer Ceramic Capacitors MLCC - SMD/SMT,16V 4.7uF X5R ±10% 0603 Multilayer Ceramic Capacitors MLCC - SMD/SMT ROHS,4.7uF ±10% 16V,0.0369,4540370,1,Capacitors,2026-06-07 09:28:36,20,0.738
C19702,20411-CL10A106KP8NNNC/C19702,https://www.lcsc.com/datasheet/lcsc_datasheet_2304140030_Samsung-Electro-Mechanics-CL10A106KP8NNNC_C19702.pdf,base,0,2026-07-24 06:07:31,Samsung Electro-Mechanics,CL10A106KP8NNNC,0603,Multilayer Ceramic Capacitors MLCC - SMD/SMT,10V 10uF X5R ±10% 0603 Multilayer Ceramic Capacitors MLCC - SMD/SMT ROHS,10uF ±10% 10V,0.0408,15983034,1,Capacitors,2026-06-07 09:28:36,20,0.816
C1980,2332-4D03WGJ0472T5E/C1980,https://www.lcsc.com/datasheet/lcsc_datasheet_2304140030_UNI-ROYAL-Uniroyal-Elec-4D03WGJ0472T5E_C1980.pdf,base,0,2026-07-24 06:07:31,UNI-ROYAL(Uniroyal Elec),4D03WGJ0472T5E,0603x4,"Resistor Networks, Arrays","4 4.7kΩ 62.5mW 8 ±200ppm/℃ ±5% 0603x4 Resistor Networks, Arrays ROHS",4.7kΩ ±5%,0.015,2501716,1,Resistors,2026-06-07 09:28:36,3,0.045
C20069125,hongjiacheng-S8050/C20069125,https://wmsc.lcsc.com/wmsc/upload/file/pdf/v2/lcsc/2404031007_hongjiacheng-S8050_C20069125.pdf,expand,0,2026-07-24 06:07:31,hongjiacheng,S8050,SOT-23,Bipolar (BJT),-55℃~+150℃ 1 NPN 100MHz 100nA 120 25V 300mW 500mA 5V 600mV NPN SOT-23 Bipolar (BJT) ROHS,S8050,0.0127,1488850,1,Transistors/Thyristors,2026-06-07 09:28:36,10,0.127
C20069126,hongjiacheng-S8550/C20069126,https://wmsc.lcsc.com/wmsc/upload/file/pdf/v2/lcsc/2312291746_hongjiacheng-S8550_C20069126.pdf,expand,0,2026-07-24 06:07:31,hongjiacheng,S8550,SOT-23,Bipolar (BJT),-55℃~+150℃ 1 PNP 100nA 120 150MHz 25V 300mW 500mA 500mV 5V PNP SOT-23 Bipolar (BJT) ROHS,S8550,0.0134,619350,1,Transistors/Thyristors,2026-06-07 09:28:36,10,0.134
C20069127,hongjiacheng-S9013/C20069127,https://wmsc.lcsc.com/wmsc/upload/file/pdf/v2/lcsc/2312291746_hongjiacheng-S9013_C20069127.pdf,expand,0,2026-07-24 06:07:31,hongjiacheng,S9013,SOT-23,Bipolar (BJT),-55℃~+150℃ 1 NPN 100nA 120 150MHz 25V 300mW 500mA 5V 600mV NPN SOT-23 Bipolar (BJT) ROHS,S9013,0.0135,723994,1,Transistors/Thyristors,2026-06-07 09:28:36,11,0.1485
C20069128,hongjiacheng-D882/C20069128,https://wmsc.lcsc.com/wmsc/upload/file/pdf/v2/lcsc/2312291746_hongjiacheng-D882_C20069128.pdf,expand,0,2026-07-24 06:07:31,hongjiacheng,D882,SOT-89,Bipolar (BJT),-55℃~+150℃ 1 NPN 1uA 30V 3A 500mV 500mW 50MHz 60 6V NPN SOT-89 Bipolar (BJT) ROHS,D882,0.0724,16912,1,Transistors/Thyristors,2026-06-07 09:28:36,5,0.362
C20069129,hongjiacheng-S9012/C20069129,https://wmsc.lcsc.com/wmsc/upload/file/pdf/v2/lcsc/2407101109_hongjiacheng-S9012_C20069129.pdf,expand,0,2026-07-24 06:07:31,hongjiacheng,S9012,SOT-23,Bipolar (BJT),-55℃~+150℃ 1 PNP 100nA 120 150MHz 25V 300mW 500mA 5V 600mV PNP SOT-23 Bipolar (BJT) ROHS,S9012,0.0126,311406,1,Transistors/Thyristors,2026-06-07 09:28:36,10,0.126
C20069130,hongjiacheng-S9014/C20069130,https://wmsc.lcsc.com/wmsc/upload/file/pdf/v2/lcsc/2312291746_hongjiacheng-S9014_C20069130.pdf,expand,0,2026-07-24 06:07:31,hongjiacheng,S9014,SOT-23,Bipolar (BJT),-55℃~+150℃ 1 NPN 100mA 100nA 150MHz 200 200mW 300mV 45V 5V NPN SOT-23 Bipolar (BJT) ROHS,S9014,0.0107,1163065,1,Transistors/Thyristors,2026-06-07 09:28:36,10,0.107
C20069131,hongjiacheng-S9015/C20069131,https://wmsc.lcsc.com/wmsc/upload/file/pdf/v2/lcsc/2312291746_hongjiacheng-S9015_C20069131.pdf,expand,0,2026-07-24 06:07:31,hongjiacheng,S9015,SOT-23,Bipolar (BJT),-55℃~+150℃ 1 PNP 100mA 100nA 150MHz 200 200mW 300mV 45V 5V PNP SOT-23 Bipolar (BJT) ROHS,S9015,0.0105,82359,1,Transistors/Thyristors,2026-06-07 09:28:36,10,0.105
C20069132,hongjiacheng-BC81716/C20069132,https://wmsc.lcsc.com/wmsc/upload/file/pdf/v2/lcsc/2312291746_hongjiacheng-BC817-16_C20069132.pdf,expand,0,2026-07-24 06:07:31,hongjiacheng,BC817-16,SOT-23,Bipolar (BJT),-55℃~+150℃ 1 NPN 100 100MHz 100nA 300mW 45V 500mA 5V 700mV NPN SOT-23 Bipolar (BJT) ROHS,BC817-16,0.017,3711,1,Transistors/Thyristors,2026-06-07 09:28:36,10,0.17
C20069133,hongjiacheng-BCX5616/C20069133,https://wmsc.lcsc.com/wmsc/upload/file/pdf/v2/lcsc/2312291746_hongjiacheng-BCX56-16_C20069133.pdf,expand,0,2026-07-24 06:07:31,hongjiacheng,BCX56-16,SOT-89,Bipolar (BJT),-55℃~+150℃ 1 NPN 100nA 130MHz 1A 40 500mV 500mW 5V 80V NPN SOT-89 Bipolar (BJT) ROHS,BCX56-16,0.0769,144236,1,Transistors/Thyristors,2026-06-07 09:28:36,5,0.3845
C20069134,hongjiacheng-BC846B/C20069134,https://wmsc.lcsc.com/wmsc/upload/file/pdf/v2/lcsc/2312291746_hongjiacheng-BC846B_C20069134.pdf,expand,0,2026-07-24 06:07:31,hongjiacheng,BC846B,SOT-23,Bipolar (BJT),-55℃~+150℃ 1 NPN 100MHz 100mA 100nA 200 200mW 500mV 65V 6V NPN SOT-23 Bipolar (BJT) ROHS,BC846B,0.0135,8852,1,Transistors/Thyristors,2026-06-07 09:28:36,10,0.135
C20069135,hongjiacheng-BC847B/C20069135,https://wmsc.lcsc.com/wmsc/upload/file/pdf/v2/lcsc/2404081910_hongjiacheng-BC847B_C20069135.pdf,expand,0,2026-07-24 06:07:31,hongjiacheng,BC847B,SOT-23,Bipolar (BJT),-55℃~+150℃ 1 NPN 100MHz 100mA 100nA 200 200mW 45V 500mV 6V NPN SOT-23 Bipolar (BJT) ROHS,BC847B,0.0125,77032,1,Transistors/Thyristors,2026-06-07 09:28:36,10,0.125
C20069136,hongjiacheng-BC856B/C20069136,https://wmsc.lcsc.com/wmsc/upload/file/pdf/v2/lcsc/2312291746_hongjiacheng-BC856B_C20069136.pdf,expand,0,2026-07-24 06:07:31,hongjiacheng,BC856B,SOT-23,Bipolar (BJT),-55℃~+150℃ 1 PNP 100MHz 100mA 100nA 200mW 220 500mV 5V 65V PNP SOT-23 Bipolar (BJT) ROHS,BC856B,0.0137,105386,1,Transistors/Thyristors,2026-06-07 09:28:36,10,0.137
C20069137,hongjiacheng-BC857C/C20069137,https://wmsc.lcsc.com/wmsc/upload/file/pdf/v2/lcsc/2404082300_hongjiacheng-BC857C_C20069137.pdf,expand,0,2026-07-24 06:07:31,hongjiacheng,BC857C,SOT-23,Bipolar (BJT),-55℃~+150℃ 1 PNP 100MHz 100mA 100nA 200mW 420 45V 500mV 5V PNP SOT-23 Bipolar (BJT) ROHS,BC857C,0.0139,129526,1,Transistors/Thyristors,2026-06-07 09:28:36,10,0.139
C20069138,hongjiacheng-MMBTA42/C20069138,https://wmsc.lcsc.com/wmsc/upload/file/pdf/v2/lcsc/2407101109_hongjiacheng-MMBTA42_C20069138.pdf,expand,0,2026-07-24 06:07:31,hongjiacheng,MMBTA42,SOT-23,Bipolar (BJT),-55℃~+150℃ 1 NPN 100 100nA 200mV 300V 350mW 500mA 50MHz 5V NPN SOT-23 Bipolar (BJT) ROHS,MMBTA42,0.0282,341962,1,Transistors/Thyristors,2026-06-07 09:28:36,10,0.282
C20069139,hongjiacheng-MMBTA06/C20069139,https://wmsc.lcsc.com/wmsc/upload/file/pdf/v2/lcsc/2312291746_hongjiacheng-MMBTA06_C20069139.pdf,expand,0,2026-07-24 06:07:31,hongjiacheng,MMBTA06,SOT-23,Bipolar (BJT),1 NPN 100 100MHz 100nA 200mV 300mW 4V 500mA 80V NPN SOT-23 Bipolar (BJT) ROHS,MMBTA06,0.0432,97930,1,Transistors/Thyristors,2026-06-07 09:28:36,10,0.432
C20069140,hongjiacheng-MMBT4403/C20069140,https://wmsc.lcsc.com/wmsc/upload/file/pdf/v2/lcsc/2312291746_hongjiacheng-MMBT4403_C20069140.pdf,expand,0,2026-07-24 06:07:31,hongjiacheng,MMBT4403,SOT-23,Bipolar (BJT),-55℃~+150℃ 1 PNP 100 100nA 200MHz 300mW 400mV 40V 5V 600mA PNP SOT-23 Bipolar (BJT) ROHS,MMBT4403,0.0212,7388,1,Transistors/Thyristors,2026-06-07 09:28:36,10,0.212
C20069141,hongjiacheng-MMBTA44/C20069141,https://wmsc.lcsc.com/wmsc/upload/file/pdf/v2/lcsc/2312291746_hongjiacheng-MMBTA44_C20069141.pdf,expand,0,2026-07-24 06:07:31,hongjiacheng,MMBTA44,SOT-23,Bipolar (BJT),-55℃~+150℃ 1 NPN 100nA 200mA 200mV 350mW 400V 50 50MHz 6V NPN SOT-23 Bipolar (BJT) ROHS,MMBTA44,0.058,600395,1,Transistors/Thyristors,2026-06-07 09:28:36,5,0.29
C20069142,hongjiacheng-BC80740/C20069142,https://wmsc.lcsc.com/wmsc/upload/file/pdf/v2/lcsc/2312291746_hongjiacheng-BC807-40_C20069142.pdf,expand,0,2026-07-24 06:07:31,hongjiacheng,BC807-40,SOT-23,Bipolar (BJT),-55℃~+150℃ 1 PNP 100MHz 100nA 300mW 40 45V 500mA 5V 700mV PNP SOT-23 Bipolar (BJT) ROHS,BC807-40,0.022,183137,1,Transistors/Thyristors,2026-06-07 09:28:36,10,0.22
C20069143,hongjiacheng-2SC1815/C20069143,https://wmsc.lcsc.com/wmsc/upload/file/pdf/v2/lcsc/2401111808_hongjiacheng-2SC1815_C20069143.pdf,expand,0,2026-07-24 06:07:31,hongjiacheng,2SC1815,SOT-23,Bipolar (BJT),-55℃~+150℃ 1 NPN 100nA 130 150mA 200mW 250mV 50V 5V 80MHz NPN SOT-23 Bipolar (BJT) ROHS,2SC1815,0.0086,339313,1,Transistors/Thyristors,2026-06-07 09:28:36,10,0.086
C20069144,hongjiacheng-2SA1213/C20069144,https://wmsc.lcsc.com/wmsc/upload/file/pdf/v2/lcsc/2402281642_hongjiacheng-2SA1213_C20069144.pdf,expand,0,2026-07-24 06:07:31,hongjiacheng,2SA1213,SOT-89,Bipolar (BJT),-55℃~+150℃ 1 PNP 100nA 120MHz 2A 500mV 500mW 50V 5V 70 PNP SOT-89 Bipolar (BJT) ROHS,2SA1213,0.0886,51506,1,Transistors/Thyristors,2026-06-07 09:28:36,5,0.443
C20069145,hongjiacheng-2SC2873/C20069145,https://wmsc.lcsc.com/wmsc/upload/file/pdf/v2/lcsc/2402281642_hongjiacheng-2SC2873_C20069145.pdf,expand,0,2026-07-24 06:07:31,hongjiacheng,2SC2873,SOT-89,Bipolar (BJT),-55℃~+150℃ 1 NPN 100nA 120MHz 2A 500mV 500mW 50V 5V 70 NPN SOT-89 Bipolar (BJT) ROHS,2SC2873,0.073,19269,1,Transistors/Thyristors,2026-06-07 09:28:36,5,0.365
C20069146,hongjiacheng-MMBTA92/C20069146,https://wmsc.lcsc.com/wmsc/upload/file/pdf/v2/lcsc/2312291746_hongjiacheng-MMBTA92_C20069146.pdf,expand,0,2026-07-24 06:07:31,hongjiacheng,MMBTA92,SOT-23,Bipolar (BJT),-55℃~+150℃ 1 PNP 100nA 200mV 300V 350mW 500mA 50MHz 5V 60 PNP SOT-23 Bipolar (BJT) ROHS,MMBTA92,0.0286,458718,1,Transistors/Thyristors,2026-06-07 09:28:36,10,0.286
C20069147,hongjiacheng-MMBTA56/C20069147,https://wmsc.lcsc.com/wmsc/upload/file/pdf/v2/lcsc/2312291746_hongjiacheng-MMBTA56_C20069147.pdf,expand,0,2026-07-24 06:07:31,hongjiacheng,MMBTA56,SOT-23,Bipolar (BJT),-55℃~+150℃ 1 PNP 100 100nA 225mW 250mV 4V 500mA 50MHz 80V PNP SOT-23 Bipolar (BJT) ROHS,MMBTA56,0.0337,65745,1,Transistors/Thyristors,2026-06-07 09:28:36,10,0.337
C20069148,hongjiacheng-2SK3018/C20069148,https://wmsc.lcsc.com/wmsc/upload/file/pdf/v2/lcsc/2401111808_hongjiacheng-2SK3018_C20069148.pdf,expand,0,2026-07-24 06:07:31,hongjiacheng,2SK3018,SOT-23,MOSFETs,-55℃~+150℃ 1 N-channel 1.5V 100mA 13pF 200mW 30V 4pF 8Ω@4V、13Ω@2.5V 9pF N-Channel SOT-23 MOSFETs ROHS,2SK3018,0.0281,135185,1,Transistors/Thyristors,2026-06-07 09:28:36,10,0.281
C20069149,hongjiacheng-2SK3018W/C20069149,https://wmsc.lcsc.com/wmsc/upload/file/pdf/v2/lcsc/2401111807_hongjiacheng-2SK3018W_C20069149.pdf,expand,0,2026-07-24 06:07:31,hongjiacheng,2SK3018W,SOT-323,MOSFETs,-55℃~+150℃ 1 N-channel 1.5V 100mA 13pF 200mW 30V 4pF 8Ω@4V、13Ω@2.5V 9pF N-Channel SOT-323 MOSFETs ROHS,2SK3018W,0.027,31053,1,Transistors/Thyristors,2026-06-07 09:28:36,10,0.27
C20069150,hongjiacheng-HJ8205/C20069150,https://wmsc.lcsc.com/wmsc/upload/file/pdf/v2/lcsc/2401111808_hongjiacheng-HJ8205_C20069150.pdf,expand,0,2026-07-24 06:07:31,hongjiacheng,HJ8205,SOT-23-6L,MOSFETs,-55℃~+150℃ 1.25W 138pF 164pF 1V 2 N-Channel 20V 30mΩ@4V、46mΩ@2.5V 4.3A 550pF 6.2nC@4.5V N-Channel SOT-23-6L MOSFETs ROHS,HJ8205,0.0505,54427,1,Transistors/Thyristors,2026-06-07 09:28:36,5,0.2525
C20069151,hongjiacheng-FDV301N/C20069151,https://wmsc.lcsc.com/wmsc/upload/file/pdf/v2/lcsc/2401111808_hongjiacheng-FDV301N_C20069151.pdf,expand,0,2026-07-24 06:07:31,hongjiacheng,FDV301N,SOT-23,MOSFETs,-55℃~+150℃ 1 N-channel 1.3pF 220mA 25V 350mW 490pC@4.5V 4Ω@4.5V、5Ω@2.7V 6pF 800mV 9.5pF N-Channel SOT-23 MOSFETs ROHS,FDV301N,0.035,24030,1,Transistors/Thyristors,2026-06-07 09:28:36,5,0.175
C20069154,hongjiacheng-BC81725/C20069154,https://wmsc.lcsc.com/wmsc/upload/file/pdf/v2/lcsc/2404060130_hongjiacheng-BC817-25_C20069154.pdf,expand,0,2026-07-24 06:07:31,hongjiacheng,BC817-25,SOT-23,Bipolar (BJT),-55℃~+150℃ 1 NPN 100 100MHz 100nA 300mW 45V 500mA 5V 700mV NPN SOT-23 Bipolar (BJT) ROHS,BC817-25,0.0213,131145,1,Transistors/Thyristors,2026-06-07 09:28:36,10,0.213
C20069155,hongjiacheng-BC81740/C20069155,https://wmsc.lcsc.com/wmsc/upload/file/pdf/v2/lcsc/2404060130_hongjiacheng-BC817-40_C20069155.pdf,expand,0,2026-07-24 06:07:31,hongjiacheng,BC817-40,SOT-23,Bipolar (BJT),-55℃~+150℃ 1 NPN 100 100MHz 100nA 300mW 45V 500mA 5V 700mV NPN SOT-23 Bipolar (BJT) ROHS,BC817-40,0.0205,496021,1,Transistors/Thyristors,2026-06-07 09:28:36,10,0.205
C20069156,hongjiacheng-BCX5610/C20069156,https://wmsc.lcsc.com/wmsc/upload/file/pdf/v2/lcsc/2404081545_hongjiacheng-BCX56-10_C20069156.pdf,expand,0,2026-07-24 06:07:31,hongjiacheng,BCX56-10,SOT-89,Bipolar (BJT),-55℃~+150℃ 1 NPN 100nA 130MHz 1A 40 500mV 500mW 5V 80V NPN SOT-89 Bipolar (BJT) ROHS,BCX56-10,0.0848,5003,1,Transistors/Thyristors,2026-06-07 09:28:36,5,0.424
C20197,20907-4D03WGJ0102T5E/C20197,https://www.lcsc.com/datasheet/lcsc_datasheet_2304140030_UNI-ROYAL-Uniroyal-Elec-4D03WGJ0102T5E_C20197.pdf,base,0,2026-07-24 06:07:31,UNI-ROYAL(Uniroyal Elec),4D03WGJ0102T5E,0603x4,"Resistor Networks, Arrays","1kΩ 4 62.5mW 8 ±200ppm/℃ ±5% 0603x4 Resistor Networks, Arrays ROHS",1kΩ ±5%,0.0146,94834,1,Resistors,2026-06-07 09:28:36,3,0.0438
C20526,21237-MMBT3904_RANGE_100_300/C20526,https://www.lcsc.com/datasheet/lcsc_datasheet_2207041900_Jiangsu-Changjing-Electronics-Technology-Co---Ltd--MMBT3904-RANGE-100-300_C20526.pdf,base,0,2026-07-24 06:07:31,"Jiangsu Changjing Electronics Technology Co., Ltd.",MMBT3904(RANGE:100-300),SOT-23,Bipolar (BJT),-55℃~+150℃ 1 NPN 100 100nA 200mA 200mW 300MHz 300mV 40V 6V NPN SOT-23 Bipolar (BJT) ROHS,MMBT3904(RANGE:100-300),0.0126,783706,1,Transistors/Thyristors,2026-06-07 09:28:36,10,0.126
C20615778,hongjiacheng-H3V3L06B/C20615778,https://wmsc.lcsc.com/wmsc/upload/file/pdf/v2/lcsc/2401261524_hongjiacheng-H3V3L06B_C20615778.pdf,expand,0,2026-07-24 06:07:31,hongjiacheng,H3V3L06B,DFN0603-2L,ESD and Surge Protection (TVS/ESD),-55℃~+125℃ 10V 12pF 200nA 3.3V 6V 80W@8/20us 8A@8/20us Bidirectional ESD IEC 61000-4-2、IEC 61000-4-5 DFN0603-2L ESD and Surge Protection (TVS/ESD) ROHS,丝印 3C 双向ESD 3.3V截止 峰值浪涌电流：8A@8/20us,0.014,1346,1,Circuit Protection,2026-06-07 09:28:36,20,0.28
C20615779,hongjiacheng-H5VN06B/C20615779,https://wmsc.lcsc.com/wmsc/upload/file/pdf/v2/lcsc/2401261524_hongjiacheng-H5VN06B_C20615779.pdf,expand,0,2026-07-24 06:07:31,hongjiacheng,H5VN06B,DFN0603-2L,ESD and Surge Protection (TVS/ESD),-55℃~+125℃ 100W@8/20us 12.5V 15pF 500nA 5V 8A@8/20us 9V Bidirectional ESD IEC 61000-4-2、IEC 61000-4-5 DFN0603-2L ESD and Surge Protection (TVS/ESD) ROHS,丝印:A工 双向ESD 5V截止 峰值浪涌电流：8A@8/20us,0.0142,201,1,Circuit Protection,2026-06-07 09:28:36,20,0.284
C20615780,hongjiacheng-H5VU06B/C20615780,https://wmsc.lcsc.com/wmsc/upload/file/pdf/v2/lcsc/2401261524_hongjiacheng-H5VU06B_C20615780.pdf,expand,0,2026-07-24 06:07:31,hongjiacheng,H5VU06B,DFN0603-2L,ESD and Surge Protection (TVS/ESD),-55℃~+125℃ 0.5pF 125W@8/20us 200nA 25V 5A@8/20us 5V 9V Bidirectional ESD IEC 61000-4-2、IEC 61000-4-5 DFN0603-2L ESD and Surge Protection (TVS/ESD) ROHS,丝印:H 双向ESD 5V截止 峰值浪涌电流：5A@8/20us,0.0353,60306,1,Circuit Protection,2026-06-07 09:28:36,20,0.706
C20615781,hongjiacheng-H3V3L10B/C20615781,https://wmsc.lcsc.com/wmsc/upload/file/pdf/v2/lcsc/2401261524_hongjiacheng-H3V3L10B_C20615781.pdf,expand,0,2026-07-24 06:07:31,hongjiacheng,H3V3L10B,DFN1006-2L,ESD and Surge Protection (TVS/ESD),-55℃~+155℃ 11V 20pF 3.3V 5.5V 500nA 85W@8/20us 8A@8/20us Bidirectional ESD IEC 61000-4-2、IEC 61000-4-5 DFN1006-2L ESD and Surge Protection (TVS/ESD) ROHS,丝印 B1 双向ESD 3.3V截止 峰值浪涌电流：8A@8/20us,0.014,5,1,Circuit Protection,2026-06-07 09:28:36,20,0.28
C20615782,hongjiacheng-H3V3U10B/C20615782,https://wmsc.lcsc.com/wmsc/upload/file/pdf/v2/lcsc/2401261524_hongjiacheng-H3V3U10B_C20615782.pdf,expand,0,2026-07-24 06:07:31,hongjiacheng,H3V3U10B,DFN1006-2L,ESD and Surge Protection (TVS/ESD),-55℃~+125℃ 0.3pF 125W@8/20us 200nA 25V 3.3V 5A@8/20us 6V Bidirectional ESD IEC 61000-4-2、IEC 61000-4-5 DFN1006-2L ESD and Surge Protection (TVS/ESD) ROHS,丝印 S 双向ESD 3.3V截止 峰值浪涌电流：5A@8/20us,0.0345,191913,1,Circuit Protection,2026-06-07 09:28:36,20,0.69
C20615783,hongjiacheng-H4V5N10B/C20615783,https://wmsc.lcsc.com/wmsc/upload/file/pdf/v2/lcsc/2401261524_hongjiacheng-H4V5N10B_C20615783.pdf,expand,0,2026-07-24 06:07:31,hongjiacheng,H4V5N10B,DFN1006-2L,ESD and Surge Protection (TVS/ESD),-55℃~+125℃ 100nA 11V 4.5V 45A@8/20us 560W@8/20us 60pF 7.5V Bidirectional ESD IEC 61000-4-2、IEC 61000-4-5 DFN1006-2L ESD and Surge Protection (TVS/ESD) ROHS,丝印 45P 双向ESD 4.5V截止 峰值浪涌电流：45A@8/20us,0.017,69407,1,Circuit Protection,2026-06-07 09:28:36,20,0.34
C20615784,hongjiacheng-H5VL10BC/C20615784,https://wmsc.lcsc.com/wmsc/upload/file/pdf/v2/lcsc/2402261439_hongjiacheng-H5VL10BC_C20615784.pdf,expand,0,2026-07-24 06:07:31,hongjiacheng,H5VL10BC,DFN1006-2L,ESD and Surge Protection (TVS/ESD),-55℃~+125℃ 100nA 12V 12pF 5V 8A@8/20us 95W@8/20us 9V Bidirectional ESD IEC 61000-4-2、IEC 61000-4-5 DFN1006-2L ESD and Surge Protection (TVS/ESD) ROHS,丝印 PB 双向ESD 5V截止 峰值浪涌电流：8A@8/20us,0.0125,81240,1,Circuit Protection,2026-06-07 09:28:36,20,0.25
C20615785,hongjiacheng-H5VS10BC/C20615785,https://wmsc.lcsc.com/wmsc/upload/file/pdf/v2/lcsc/2401261524_hongjiacheng-H5VS10BC_C20615785.pdf,expand,0,2026-07-24 06:07:31,hongjiacheng,H5VS10BC,DFN1006-2L,ESD and Surge Protection (TVS/ESD),-55℃~+125℃ 10V 12V 2.5pF 200nA 25W@8/20us 2A@8/20us 5V Bidirectional ESD IEC 61000-4-2、IEC 61000-4-5 DFN1006-2L ESD and Surge Protection (TVS/ESD) ROHS,丝印:LB5 双向ESD 5V截止 峰值浪涌电流：2A@8/20us,0.0134,10200,1,Circuit Protection,2026-06-07 09:28:36,20,0.268
C20615786,hongjiacheng-H5VU10BB/C20615786,https://wmsc.lcsc.com/wmsc/upload/file/pdf/v2/lcsc/2401261524_hongjiacheng-H5VU10BB_C20615786.pdf,expand,0,2026-07-24 06:07:31,hongjiacheng,H5VU10BB,DFN1006-2L,ESD and Surge Protection (TVS/ESD),-55℃~+125℃ 0.3pF 10V 120W@8/20us 200nA 24V 5A@8/20us 5V Bidirectional ESD IEC 61000-4-2、IEC 61000-4-5 DFN1006-2L ESD and Surge Protection (TVS/ESD) ROHS,丝印:5F 双向ESD 5V截止 峰值浪涌电流：5A@8/20us,0.0261,66371,1,Circuit Protection,2026-06-07 09:28:36,20,0.522
C20615787,hongjiacheng-H7VL10B/C20615787,https://wmsc.lcsc.com/wmsc/upload/file/pdf/v2/lcsc/2401261524_hongjiacheng-H7VL10B_C20615787.pdf,expand,0,2026-07-24 06:07:31,hongjiacheng,H7VL10B,DFN1006-2L,ESD and Surge Protection (TVS/ESD),-55℃~+155℃ 10V 12A@8/20us 16.7V 200W@8/20us 200nA 20pF 7V Bidirectional ESD IEC 61000-4-2、IEC 61000-4-5 DFN1006-2L ESD and Surge Protection (TVS/ESD) ROHS,丝印:7R 双向ESD 7V截止 峰值浪涌电流：12A@8/20us,0.017,823482,1,Circuit Protection,2026-06-07 09:28:36,20,0.34
C20615788,hongjiacheng-H7VN10B/C20615788,https://wmsc.lcsc.com/wmsc/upload/file/pdf/v2/lcsc/2401261524_hongjiacheng-H7VN10B_C20615788.pdf,expand,0,2026-07-24 06:07:31,hongjiacheng,H7VN10B,DFN1006-2L,ESD and Surge Protection (TVS/ESD),-55℃~+125℃ 200nA 22pF 6A@8/20us 7V 80W@8/20us 9.6V 9V、14V Bidirectional ESD IEC 61000-4-2、IEC 61000-4-5 DFN1006-2L ESD and Surge Protection (TVS/ESD) ROHS,丝印:D8 双向ESD 7V截止 峰值浪涌电流：6A@8/20us,0.0142,24781,1,Circuit Protection,2026-06-07 09:28:36,20,0.284
C20615790,hongjiacheng-H12VL10B/C20615790,https://wmsc.lcsc.com/wmsc/upload/file/pdf/v2/lcsc/2401261524_hongjiacheng-H12VL10B_C20615790.pdf,expand,0,2026-07-24 06:07:31,hongjiacheng,H12VL10B,DFN1006-2L,ESD and Surge Protection (TVS/ESD),-55℃~+125℃ 12V 12pF 15.8V 200W@8/20us 200nA 25.5V 8A@8/20us Bidirectional ESD IEC 61000-4-2、IEC 61000-4-5 DFN1006-2L ESD and Surge Protection (TVS/ESD) ROHS,丝印:AF 双向ESD 12V截止 峰值浪涌电流：8A@8/20us,0.0171,622815,1,Circuit Protection,2026-06-07 09:28:36,20,0.342
C20615791,hongjiacheng-H15VL10B/C20615791,https://wmsc.lcsc.com/wmsc/upload/file/pdf/v2/lcsc/2401261524_hongjiacheng-H15VL10B_C20615791.pdf,expand,0,2026-07-24 06:07:31,hongjiacheng,H15VL10B,DFN1006-2L,ESD and Surge Protection (TVS/ESD),-55℃~+125℃ 15V 19.5V 200nA 20pF 320W@8/20us 40V 8A@8/20us Bidirectional ESD IEC 61000-4-2、IEC 61000-4-5 DFN1006-2L ESD and Surge Protection (TVS/ESD) ROHS,丝印:DE 双向ESD 15V截止 峰值浪涌电流：8A@8/20us,0.0202,861216,1,Circuit Protection,2026-06-07 09:28:36,20,0.404
C20615792,hongjiacheng-H15VU10B/C20615792,https://wmsc.lcsc.com/wmsc/upload/file/pdf/v2/lcsc/2407101109_hongjiacheng-H15VU10B_C20615792.pdf,expand,0,2026-07-24 06:07:31,hongjiacheng,H15VU10B,DFN1006-2L,ESD and Surge Protection (TVS/ESD),-55℃~+125℃ 0.3pF 15V 2.5A@8/20us 200nA 21.5V 35V 90W@8/20us Bidirectional ESD IEC 61000-4-2、IEC 61000-4-5 DFN1006-2L ESD and Surge Protection (TVS/ESD) ROHS,丝印:15F 双向ESD 15V截止 峰值浪涌电流：2.5A@8/20us,0.0253,328624,1,Circuit Protection,2026-06-07 09:28:36,20,0.506
C20615793,hongjiacheng-H18VU10B/C20615793,https://wmsc.lcsc.com/wmsc/upload/file/pdf/v2/lcsc/2401261524_hongjiacheng-H18VU10B_C20615793.pdf,expand,0,2026-07-24 06:07:31,hongjiacheng,H18VU10B,DFN1006-2L,ESD and Surge Protection (TVS/ESD),-55℃~+125℃ 0.6pF 18V 2.5A@8/20us 20.5V 200nA 33V 80W@8/20us Bidirectional ESD IEC 61000-4-2、IEC 61000-4-5 DFN1006-2L ESD and Surge Protection (TVS/ESD) ROHS,丝印:18F 双向超低电容ESD保护二极管，采用DFN1006表面贴装封装，低漏电流,0.0299,7892,1,Circuit Protection,2026-06-07 09:28:36,20,0.598
C20615795,hongjiacheng-H5VU13U/C20615795,https://wmsc.lcsc.com/wmsc/upload/file/pdf/v2/lcsc/2401261524_hongjiacheng-H5VU13U_C20615795.pdf,expand,0,2026-07-24 06:07:31,hongjiacheng,H5VU13U,DFN1006-3L,ESD and Surge Protection (TVS/ESD),-55℃~+125℃ 0.4pF、0.8pF 15V 200nA 5A@8/20us 5V 75W@8/20us 9V ESD IEC 61000-4-2、IEC 61000-4-5 Unidirectional DFN1006-3L ESD and Surge Protection (TVS/ESD) ROHS,丝印:F1 单向ESD 5V截止 峰值浪涌电流：5A@8/20us,0.0348,57660,1,Circuit Protection,2026-06-07 09:28:36,10,0.348
C20615796,hongjiacheng-H7VH16U/C20615796,https://wmsc.lcsc.com/wmsc/upload/file/pdf/v2/lcsc/2401261524_hongjiacheng-H7VH16U_C20615796.pdf,expand,0,2026-07-24 06:07:31,hongjiacheng,H7VH16U,DFN1610-2L,ESD and Surge Protection (TVS/ESD),-55℃~+125℃ 10V 115A@8/20us 2.3kW@8/20us 20V 500nA 7V 900pF ESD IEC 61000-4-2、IEC 61000-4-5 Unidirectional DFN1610-2L ESD and Surge Protection (TVS/ESD) ROHS,丝印:7P 单向ESD 7V截止 峰值浪涌电流：115A@8/20us,0.0629,120518,1,Circuit Protection,2026-06-07 09:28:36,5,0.3145
C20615797,hongjiacheng-H10VH16U/C20615797,https://wmsc.lcsc.com/wmsc/upload/file/pdf/v2/lcsc/2401261524_hongjiacheng-H10VH16U_C20615797.pdf,expand,0,2026-07-24 06:07:31,hongjiacheng,H10VH16U,DFN1610-2L,ESD and Surge Protection (TVS/ESD),-55℃~+155℃ 1.58kW@8/20us 100nA 10V 13.5V 22V 550pF 72A@8/20us ESD IEC 61000-4-2、IEC 61000-4-5 Unidirectional DFN1610-2L ESD and Surge Protection (TVS/ESD) ROHS,丝印:H10T 单向ESD 10V截止 峰值浪涌电流：72A@8/20us,0.0682,830,1,Circuit Protection,2026-06-07 09:28:36,5,0.341
C20615798,hongjiacheng-H12VH16U/C20615798,https://wmsc.lcsc.com/wmsc/upload/file/pdf/v2/lcsc/2401261524_hongjiacheng-H12VH16U_C20615798.pdf,expand,0,2026-07-24 06:07:31,hongjiacheng,H12VH16U,DFN1610-2L,ESD and Surge Protection (TVS/ESD),-55℃~+155℃ 100A@8/20us 12V 17.8V 2.5kW@8/20us 200nA 25V 280pF ESD IEC 61000-4-2、IEC 61000-4-5 Unidirectional DFN1610-2L ESD and Surge Protection (TVS/ESD) ROHS,丝印:H12T 单向ESD 12V截止 峰值浪涌电流：100A@8/20us,0.0282,11924,1,Circuit Protection,2026-06-07 09:28:36,5,0.141
C20615799,hongjiacheng-H12VH22U/C20615799,https://wmsc.lcsc.com/wmsc/upload/file/pdf/v2/lcsc/2401261524_hongjiacheng-H12VH22U_C20615799.pdf,expand,0,2026-07-24 06:07:31,hongjiacheng,H12VH22U,DFN2020-3L,ESD and Surge Protection (TVS/ESD),-55℃~+125℃ 1.55nF 12V 16.5V 1uA 210A@8/20us 30V 6kW@8/20us ESD IEC 61000-4-2、IEC 61000-4-5 Unidirectional DFN2020-3L ESD and Surge Protection (TVS/ESD) ROHS,丝印:12P 单向ESD 12V截止 峰值浪涌电流：210A@8/20us,0.0779,1221,1,Circuit Protection,2026-06-07 09:28:36,5,0.3895
C20615800,hongjiacheng-H5VU25UC/C20615800,https://wmsc.lcsc.com/wmsc/upload/file/pdf/v2/lcsc/2401261524_hongjiacheng-H5VU25UC_C20615800.pdf,expand,0,2026-07-24 06:07:31,hongjiacheng,H5VU25UC,DFN2510-10L,ESD and Surge Protection (TVS/ESD),-55℃~+125℃ 0.4pF、0.8pF 10V 15V 1uA 5A@8/20us 5V 75W@8/20us ESD IEC 61000-4-2、IEC 61000-4-5 Unidirectional DFN2510-10L ESD and Surge Protection (TVS/ESD) ROHS,丝印:5R2P 单向ESD 5V截止 峰值浪涌电流：5A@8/20us,0.031,17306,1,Circuit Protection,2026-06-07 09:28:36,5,0.155
C20615801,hongjiacheng-H3V3HD3U/C20615801,https://wmsc.lcsc.com/wmsc/upload/file/pdf/v2/lcsc/2401261524_hongjiacheng-H3V3HD3U_C20615801.pdf,expand,0,2026-07-24 06:07:31,hongjiacheng,H3V3HD3U,SOD-323,ESD and Surge Protection (TVS/ESD),-55℃~+125℃ 14V 200pF 20A@8/20us 3.3V 300W@8/20us 500nA 7V ESD IEC 61000-4-2、IEC 61000-4-5 Unidirectional SOD-323 ESD and Surge Protection (TVS/ESD) ROHS,丝印:D03 单向ESD 3.3V截止 峰值浪涌电流：20A@8/20us,0.0287,274762,1,Circuit Protection,2026-06-07 09:28:36,5,0.1435
C20615802,hongjiacheng-H3V3SD3B/C20615802,https://wmsc.lcsc.com/wmsc/upload/file/pdf/v2/lcsc/2401261525_hongjiacheng-H3V3SD3B_C20615802.pdf,expand,0,2026-07-24 06:07:31,hongjiacheng,H3V3SD3B,SOD-323,ESD and Surge Protection (TVS/ESD),-55℃~+155℃ 19V 1pF 20A@8/20us 3.3V 380W@8/20us 500nA 8V Bidirectional ESD IEC 61000-4-2、IEC 61000-4-5 SOD-323 ESD and Surge Protection (TVS/ESD) ROHS,丝印:CC 双向ESD 3.3V截止 峰值浪涌电流：20A@8/20us,0.0458,80932,1,Circuit Protection,2026-06-07 09:28:36,5,0.229
C20615803,hongjiacheng-H4V5HD3B/C20615803,https://wmsc.lcsc.com/wmsc/upload/file/pdf/v2/lcsc/2401261525_hongjiacheng-H4V5HD3B_C20615803.pdf,expand,0,2026-07-24 06:07:31,hongjiacheng,H4V5HD3B,SOD-323,ESD and Surge Protection (TVS/ESD),-55℃~+125℃ 100pF 10V 200nA 4.5V 400W@8/20us 40A@8/20us 7V Bidirectional ESD IEC 61000-4-2、IEC 61000-4-5 SOD-323 ESD and Surge Protection (TVS/ESD) ROHS,丝印:A5 双向ESD 4.5V截止 峰值浪涌电流：40A@8/20us,0.0368,226425,1,Circuit Protection,2026-06-07 09:28:36,20,0.736
C20615804,hongjiacheng-H5VHD3BC/C20615804,https://wmsc.lcsc.com/wmsc/upload/file/pdf/v2/lcsc/2401261525_hongjiacheng-H5VHD3BC_C20615804.pdf,expand,0,2026-07-24 06:07:31,hongjiacheng,H5VHD3BC,SOD-323,ESD and Surge Protection (TVS/ESD),-55℃~+155℃ 100pF 16V 200nA 25A@8/20us 400W@8/20us 5V 6V Bidirectional ESD IEC 61000-4-2、IEC 61000-4-5 SOD-323 ESD and Surge Protection (TVS/ESD) ROHS,丝印:05B 双向ESD 5V截止 峰值浪涌电流：25A@8/20us,0.0429,28261,1,Circuit Protection,2026-06-07 09:28:36,20,0.858
C20615805,hongjiacheng-H5VLD3B/C20615805,https://wmsc.lcsc.com/wmsc/upload/file/pdf/v2/lcsc/2401261525_hongjiacheng-H5VLD3B_C20615805.pdf,expand,0,2026-07-24 06:07:31,hongjiacheng,H5VLD3B,SOD-323,ESD and Surge Protection (TVS/ESD),-55℃~+125℃ 12V 15pF 50nA 5V 6V 8A@8/20us 95W@8/20us Bidirectional ESD IEC 61000-4-2、IEC 61000-4-5 SOD-323 ESD and Surge Protection (TVS/ESD) ROHS,丝印:AG 双向ESD 5V截止 峰值浪涌电流：8A@8/20us,0.0234,477760,1,Circuit Protection,2026-06-07 09:28:36,20,0.468
C20615806,hongjiacheng-H5VSD3B/C20615806,https://wmsc.lcsc.com/wmsc/upload/file/pdf/v2/lcsc/2401261525_hongjiacheng-H5VSD3B_C20615806.pdf,expand,0,2026-07-24 06:07:31,hongjiacheng,H5VSD3B,SOD-323,ESD and Surge Protection (TVS/ESD),-55℃~+155℃ 1.5pF 200nA 20V 25A@8/20us 500W@8/20us 5V 9V Bidirectional ESD IEC 61000-4-2、IEC 61000-4-5 SOD-323 ESD and Surge Protection (TVS/ESD) ROHS,丝印:AC 双向ESD 5V截止 峰值浪涌电流：25A@8/20us,0.0503,54971,1,Circuit Protection,2026-06-07 09:28:36,20,1.006
C20615807,hongjiacheng-H7VHD3UA/C20615807,https://wmsc.lcsc.com/wmsc/upload/file/pdf/v2/lcsc/2401261525_hongjiacheng-H7VHD3UA_C20615807.pdf,expand,0,2026-07-24 06:07:31,hongjiacheng,H7VHD3UA,SOD-323,ESD and Surge Protection (TVS/ESD),-55℃~+125℃ 130A@8/20us 1uA 2.34kW@8/20us 500pF 7V 9.5V、18V 9V ESD IEC 61000-4-2、IEC 61000-4-5 Unidirectional SOD-323 ESD and Surge Protection (TVS/ESD) ROHS,丝印:77D 单向ESD 7V截止 峰值浪涌电流：130A@8/20us,0.0516,362952,1,Circuit Protection,2026-06-07 09:28:36,5,0.258
C20615808,hongjiacheng-H8VHD3B/C20615808,https://wmsc.lcsc.com/wmsc/upload/file/pdf/v2/lcsc/2401261525_hongjiacheng-H8VHD3B_C20615808.pdf,expand,0,2026-07-24 06:07:31,hongjiacheng,H8VHD3B,SOD-323,ESD and Surge Protection (TVS/ESD),-55℃~+125℃ 100nA 11.5V 120pF 20A@8/20us 25V 500W@8/20us 8V Bidirectional ESD IEC 61000-4-2、IEC 61000-4-5 SOD-323 ESD and Surge Protection (TVS/ESD) ROHS,丝印:AK 双向ESD 8V截止 峰值浪涌电流：20A@8/20us,0.0361,151482,1,Circuit Protection,2026-06-07 09:28:36,20,0.722
C20615809,hongjiacheng-H8VSD3B/C20615809,https://wmsc.lcsc.com/wmsc/upload/file/pdf/v2/lcsc/2401261525_hongjiacheng-H8VSD3B_C20615809.pdf,expand,0,2026-07-24 06:07:31,hongjiacheng,H8VSD3B,SOD-323,ESD and Surge Protection (TVS/ESD),-55℃~+125℃ 10V 13V、25V 1pF 20A@8/20us 2uA 500W@8/20us 8V Bidirectional ESD IEC 61000-4-2、IEC 61000-4-5 SOD-323 ESD and Surge Protection (TVS/ESD) ROHS,丝印:BC 双向ESD 8V截止 峰值浪涌电流：20A@8/20us,0.0481,94129,1,Circuit Protection,2026-06-07 09:28:36,5,0.2405
C20615810,hongjiacheng-H12VHD3UA/C20615810,https://wmsc.lcsc.com/wmsc/upload/file/pdf/v2/lcsc/2401261525_hongjiacheng-H12VHD3UA_C20615810.pdf,expand,0,2026-07-24 06:07:31,hongjiacheng,H12VHD3UA,SOD-323,ESD and Surge Protection (TVS/ESD),-55℃~+125℃ 100A@8/20us 12V 16V 2.5kW@8/20us 25V 350pF 500nA ESD IEC 61000-4-2、IEC 61000-4-5 Unidirectional SOD-323 ESD and Surge Protection (TVS/ESD) ROHS,丝印:72D 单向ESD 12V截止 峰值浪涌电流：100A@8/20us,0.0464,190,1,Circuit Protection,2026-06-07 09:28:36,5,0.232
C20615811,hongjiacheng-H12VSD3B/C20615811,https://wmsc.lcsc.com/wmsc/upload/file/pdf/v2/lcsc/2401261525_hongjiacheng-H12VSD3B_C20615811.pdf,expand,0,2026-07-24 06:07:31,hongjiacheng,H12VSD3B,SOD-323,ESD and Surge Protection (TVS/ESD),-55℃~+125℃ 1.5pF 12V 16.5V 1uA 20A@8/20us 20V、28V、32V 640W@8/20us Bidirectional ESD IEC 61000-4-2、IEC 61000-4-5 SOD-323 ESD and Surge Protection (TVS/ESD) ROHS,丝印:ABLC 双向ESD 12V截止 峰值浪涌电流：20A@8/20us,0.0321,145293,1,Circuit Protection,2026-06-07 09:28:36,5,0.1605
C20615812,hongjiacheng-H15VHD3U/C20615812,https://wmsc.lcsc.com/wmsc/upload/file/pdf/v2/lcsc/2401261525_hongjiacheng-H15VHD3U_C20615812.pdf,expand,0,2026-07-24 06:07:31,hongjiacheng,H15VHD3U,SOD-323,ESD and Surge Protection (TVS/ESD),-55℃~+125℃ 120A@8/20us 15V 19.3V 1uA 300pF 36V 4.32kW@8/20us ESD IEC 61000-4-2、IEC 61000-4-5 Unidirectional SOD-323 ESD and Surge Protection (TVS/ESD) ROHS,丝印:57D 单向ESD 15V截止 峰值浪涌电流：120A@8/20us,0.0437,85305,1,Circuit Protection,2026-06-07 09:28:36,5,0.2185
C20615813,hongjiacheng-H15VND3B/C20615813,https://wmsc.lcsc.com/wmsc/upload/file/pdf/v2/lcsc/2401261525_hongjiacheng-H15VND3B_C20615813.pdf,expand,0,2026-07-24 06:07:31,hongjiacheng,H15VND3B,SOD-323,ESD and Surge Protection (TVS/ESD),-55℃~+125℃ 15V 200nA 20V 304W@8/20us 30pF 38V 8A@8/20us Bidirectional ESD IEC 61000-4-2、IEC 61000-4-5 SOD-323 ESD and Surge Protection (TVS/ESD) ROHS,丝印:15B 双向ESD 15V截止 峰值浪涌电流：8A@8/20us,0.0344,459208,1,Circuit Protection,2026-06-07 09:28:36,20,0.688
C20615814,hongjiacheng-H15VSD3B/C20615814,https://wmsc.lcsc.com/wmsc/upload/file/pdf/v2/lcsc/2401261525_hongjiacheng-H15VSD3B_C20615814.pdf,expand,0,2026-07-24 06:07:31,hongjiacheng,H15VSD3B,SOD-323,ESD and Surge Protection (TVS/ESD),-55℃~+125℃ 1.5pF 12A@8/20us 15V 19.5V 1uA 32V 385W@8/20us Bidirectional ESD IEC 61000-4-2、IEC 61000-4-5 SOD-323 ESD and Surge Protection (TVS/ESD) ROHS,丝印:BBLC 双向ESD 15V截止 峰值浪涌电流：12A@8/20us,0.0472,1484,1,Circuit Protection,2026-06-07 09:28:36,5,0.236
C20615815,hongjiacheng-H24VND3BA/C20615815,https://wmsc.lcsc.com/wmsc/upload/file/pdf/v2/lcsc/2401261525_hongjiacheng-H24VND3BA_C20615815.pdf,expand,0,2026-07-24 06:07:31,hongjiacheng,H24VND3BA,SOD-323,ESD and Surge Protection (TVS/ESD),-55℃~+155℃ 1uA 24V 30pF 31V 350W@8/20us 50V 7A@8/20us Bidirectional ESD IEC 61000-4-2、IEC 61000-4-5 SOD-323 ESD and Surge Protection (TVS/ESD) ROHS,丝印:24B 双向ESD 24V截止 峰值浪涌电流：7A@8/20us,0.0379,338710,1,Circuit Protection,2026-06-07 09:28:36,20,0.758
C20615816,hongjiacheng-H36VND3B/C20615816,https://wmsc.lcsc.com/wmsc/upload/file/pdf/v2/lcsc/2401261525_hongjiacheng-H36VND3B_C20615816.pdf,expand,0,2026-07-24 06:07:31,hongjiacheng,H36VND3B,SOD-323,ESD and Surge Protection (TVS/ESD),-55℃~+125℃ 1uA 20pF 325W@8/20us 36V 45V 5A@8/20us 65V Bidirectional ESD IEC 61000-4-2、IEC 61000-4-5 SOD-323 ESD and Surge Protection (TVS/ESD) ROHS,丝印:36B 双向ESD 36V截止 峰值浪涌电流：5A@8/20us,0.0299,45317,1,Circuit Protection,2026-06-07 09:28:36,20,0.598
C20615817,hongjiacheng-H3V3LD5B/C20615817,https://wmsc.lcsc.com/wmsc/upload/file/pdf/v2/lcsc/2404031007_hongjiacheng-H3V3LD5B_C20615817.pdf,expand,0,2026-07-24 06:07:31,hongjiacheng,H3V3LD5B,SOD-523,ESD and Surge Protection (TVS/ESD),-55℃~+125℃ 100W@8/20us 12.5pF 12V 200nA 3.3V 6.5V 8A@8/20us Bidirectional ESD IEC 61000-4-2、IEC 61000-4-5 SOD-523 ESD and Surge Protection (TVS/ESD) ROHS,丝印:3C 双向ESD 3.3V截止 峰值浪涌电流：8A@8/20us,0.0189,35404,1,Circuit Protection,2026-06-07 09:28:36,20,0.378
C20615818,hongjiacheng-H5VND5B/C20615818,https://wmsc.lcsc.com/wmsc/upload/file/pdf/v2/lcsc/2404031007_hongjiacheng-H5VND5B_C20615818.pdf,expand,0,2026-07-24 06:07:31,hongjiacheng,H5VND5B,SOD-523,ESD and Surge Protection (TVS/ESD),-55℃~+155℃ 120W@8/20us 15V 200nA 20pF 5V 8A@8/20us 8V Bidirectional ESD IEC 61000-4-2、IEC 61000-4-5 SOD-523 ESD and Surge Protection (TVS/ESD) ROHS,丝印:5XB 双向ESD 5V截止 峰值浪涌电流：8A@8/20us,0.0237,246028,1,Circuit Protection,2026-06-07 09:28:36,20,0.474
C20615819,hongjiacheng-H5VND5UB/C20615819,https://wmsc.lcsc.com/wmsc/upload/file/pdf/v2/lcsc/2404031005_hongjiacheng-H5VND5UB_C20615819.pdf,expand,0,2026-07-24 06:07:31,hongjiacheng,H5VND5UB,SOD-523,ESD and Surge Protection (TVS/ESD),-55℃~+125℃ 165W@8/20us 18.6V 1uA 5V 6A@8/20us 6V 80pF ESD IEC 61000-4-2、IEC 61000-4-5 Unidirectional SOD-523 ESD and Surge Protection (TVS/ESD) ROHS,丝印:N05 单向ESD 5V截止 峰值浪涌电流：6A@8/20us,0.025,4713,1,Circuit Protection,2026-06-07 09:28:36,20,0.5
C20615820,hongjiacheng-H5VUD5BB/C20615820,https://wmsc.lcsc.com/wmsc/upload/file/pdf/v2/lcsc/2404031005_hongjiacheng-H5VUD5BB_C20615820.pdf,expand,0,2026-07-24 06:07:31,hongjiacheng,H5VUD5BB,SOD-523,ESD and Surge Protection (TVS/ESD),-55℃~+125℃ 0.3pF 10V 125W@8/20us 200nA 25V 5A@8/20us 5V Bidirectional ESD IEC 61000-4-2、IEC 61000-4-5 SOD-523 ESD and Surge Protection (TVS/ESD) ROHS,丝印:5S 双向ESD 5V截止 峰值浪涌电流：5A@8/20us,0.0443,172166,1,Circuit Protection,2026-06-07 09:28:36,20,0.886
C20615821,hongjiacheng-H7VND5U/C20615821,https://wmsc.lcsc.com/wmsc/upload/file/pdf/v2/lcsc/2404031005_hongjiacheng-H7VND5U_C20615821.pdf,expand,0,2026-07-24 06:07:31,hongjiacheng,H7VND5U,SOD-523,ESD and Surge Protection (TVS/ESD),-55℃~+125℃ 175W@8/20us 1uA 22V 65pF 7V 8A@8/20us 9.5V ESD IEC 61000-4-2、IEC 61000-4-5 Unidirectional SOD-523 ESD and Surge Protection (TVS/ESD) ROHS,丝印:ZH 单向ESD 7V截止 峰值浪涌电流：8A@8/20us,0.0255,6720,1,Circuit Protection,2026-06-07 09:28:36,20,0.51
C20615822,hongjiacheng-H36VND5U/C20615822,https://wmsc.lcsc.com/wmsc/upload/file/pdf/v2/lcsc/2404031005_hongjiacheng-H36VND5U_C20615822.pdf,expand,0,2026-07-24 06:07:31,hongjiacheng,H36VND5U,SOD-523,ESD and Surge Protection (TVS/ESD),-55℃~+125℃ 200nA 260W@8/20us 30pF 36V 45V 4A@8/20us 65V ESD IEC 61000-4-2、IEC 61000-4-5 Unidirectional SOD-523 ESD and Surge Protection (TVS/ESD) ROHS,丝印:M36 单向ESD 36V截止 峰值浪涌电流：4A@8/20us,0.0261,16475,1,Circuit Protection,2026-06-07 09:28:36,20,0.522
C20615823,hongjiacheng-H5VHT2U/C20615823,https://wmsc.lcsc.com/wmsc/upload/file/pdf/v2/lcsc/2401261525_hongjiacheng-H5VHT2U_C20615823.pdf,expand,0,2026-07-24 06:07:31,hongjiacheng,H5VHT2U,SOT-23,ESD and Surge Protection (TVS/ESD),-55℃~+125℃ 14V 180pF 200nA 25A@8/20us 350W@8/20us 5V 9V ESD IEC 61000-4-2、IEC 61000-4-5 Unidirectional SOT-23 ESD and Surge Protection (TVS/ESD) ROHS,丝印:5M2 单向ESD 5V截止 峰值浪涌电流：25A@8/20us,0.0421,4076,1,Circuit Protection,2026-06-07 09:28:36,10,0.421
C20615824,hongjiacheng-H5VUT2U/C20615824,https://wmsc.lcsc.com/wmsc/upload/file/pdf/v2/lcsc/2401261525_hongjiacheng-H5VUT2U_C20615824.pdf,expand,0,2026-07-24 06:07:31,hongjiacheng,H5VUT2U,SOT-23,ESD and Surge Protection (TVS/ESD),-55℃~+125℃ 0.3pF、0.6pF 16V 200nA 5A@8/20us 5V 80W@8/20us 9V ESD IEC 61000-4-2、IEC 61000-4-5 Unidirectional SOT-23 ESD and Surge Protection (TVS/ESD) ROHS,丝印:5MU 单向ESD 5V截止 峰值浪涌电流：5A@8/20us,0.0574,135841,1,Circuit Protection,2026-06-07 09:28:36,10,0.574
C20615825,hongjiacheng-H8VNT2B/C20615825,https://wmsc.lcsc.com/wmsc/upload/file/pdf/v2/lcsc/2401261525_hongjiacheng-H8VNT2B_C20615825.pdf,expand,0,2026-07-24 06:07:31,hongjiacheng,H8VNT2B,SOT-23,ESD and Surge Protection (TVS/ESD),-55℃~+125℃ 12V 1uA 20A@8/20us 25V 500W@8/20us 60pF 8V Bidirectional ESD IEC 61000-4-2、IEC 61000-4-5 SOT-23 ESD and Surge Protection (TVS/ESD) ROHS,丝印:C08 双向ESD 8V截止 峰值浪涌电流：20A@8/20us,0.0405,58875,1,Circuit Protection,2026-06-07 09:28:36,5,0.2025
C20615826,hongjiacheng-H12VNT2U/C20615826,https://wmsc.lcsc.com/wmsc/upload/file/pdf/v2/lcsc/2401261525_hongjiacheng-H12VNT2U_C20615826.pdf,expand,0,2026-07-24 06:07:31,hongjiacheng,H12VNT2U,SOT-23,ESD and Surge Protection (TVS/ESD),-55℃~+125℃ 1.26kW@8/20us 12V 16V 1uA 35A@8/20us 36V 60pF ESD IEC 61000-4-2、IEC 61000-4-5 Unidirectional SOT-23 ESD and Surge Protection (TVS/ESD) ROHS,丝印:AM2 单向ESD 12V截止 峰值浪涌电流：35A@8/20us,0.0308,9694,1,Circuit Protection,2026-06-07 09:28:36,10,0.308
C20615827,hongjiacheng-H24VNT2B/C20615827,https://wmsc.lcsc.com/wmsc/upload/file/pdf/v2/lcsc/2401261525_hongjiacheng-H24VNT2B_C20615827.pdf,expand,0,2026-07-24 06:07:31,hongjiacheng,H24VNT2B,SOT-23,ESD and Surge Protection (TVS/ESD),-55℃~+125℃ 1uA 24V 30V 36pF 385W@8/20us 55V 7A@8/20us Bidirectional ESD IEC 61000-4-2、IEC 61000-4-5 SOT-23 ESD and Surge Protection (TVS/ESD) ROHS,丝印:CB2 双向ESD 24V截止 峰值浪涌电流：7A@8/20us,0.0587,208368,1,Circuit Protection,2026-06-07 09:28:36,5,0.2935
C20615828,hongjiacheng-H36VLT2B/C20615828,https://wmsc.lcsc.com/wmsc/upload/file/pdf/v2/lcsc/2401261525_hongjiacheng-H36VLT2B_C20615828.pdf,expand,0,2026-07-24 06:07:31,hongjiacheng,H36VLT2B,SOT-23,ESD and Surge Protection (TVS/ESD),18pF 1uA 300W@8/20us 36V 45V 4A@8/20us 75V Bidirectional ESD IEC 61000-4-2、IEC 61000-4-5 SOT-23 ESD and Surge Protection (TVS/ESD) ROHS,丝印:DB2 双向ESD 36V截止 峰值浪涌电流：4A@8/20us,0.054,4057,1,Circuit Protection,2026-06-07 09:28:36,5,0.27
C20615829,hongjiacheng-SRV054A/C20615829,https://wmsc.lcsc.com/wmsc/upload/file/pdf/v2/lcsc/2407101109_hongjiacheng-SRV05-4A_C20615829.pdf,expand,0,2026-07-24 06:07:31,hongjiacheng,SRV05-4A,SOT-23-6L,ESD and Surge Protection (TVS/ESD),-55℃~+155℃ 0.5pF、1pF 15V 4A@8/20us 5V 5uA 6V 80W@8/20us ESD IEC 61000-4-2、IEC 61000-4-5 Unidirectional SOT-23-6L ESD and Surge Protection (TVS/ESD) ROHS,丝印:V05 单向ESD 5V截止 峰值浪涌电流：4A@8/20us,0.0347,16188,1,Circuit Protection,2026-06-07 09:28:36,5,0.1735
C20615830,hongjiacheng-H5VUT3UA/C20615830,https://wmsc.lcsc.com/wmsc/upload/file/pdf/v2/lcsc/2401261525_hongjiacheng-H5VUT3UA_C20615830.pdf,expand,0,2026-07-24 06:07:31,hongjiacheng,H5VUT3UA,SOT-363,ESD and Surge Protection (TVS/ESD),-55℃~+125℃ 0.4pF、0.8pF 15V 500nA 5A@8/20us 5V 6V 75W@8/20us ESD IEC 61000-4-2、IEC 61000-4-5 Unidirectional SOT-363 ESD and Surge Protection (TVS/ESD) ROHS,丝印:F54 单向ESD 5V截止 峰值浪涌电流：5A@8/20us,0.0761,14727,1,Circuit Protection,2026-06-07 09:28:36,5,0.3805
C20617908,hongjiacheng-H3V3U06B/C20617908,https://wmsc.lcsc.com/wmsc/upload/file/pdf/v2/lcsc/2402021507_hongjiacheng-H3V3U06B_C20617908.pdf,expand,0,2026-07-24 06:07:31,hongjiacheng,H3V3U06B,DFN0603-2L,ESD and Surge Protection (TVS/ESD),-55℃~+125℃ 0.5pF 125W@8/20us 200nA 25V 3.3V 5A@8/20us 9V Bidirectional ESD IEC 61000-4-2、IEC 61000-4-5 DFN0603-2L ESD and Surge Protection (TVS/ESD) ROHS,丝印:H 双向ESD 3.3V截止 峰值浪涌电流：5A@8/20us,0.034,23955,1,Circuit Protection,2026-06-07 09:28:36,20,0.68
C20617909,hongjiacheng-H3V3N10B/C20617909,https://wmsc.lcsc.com/wmsc/upload/file/pdf/v2/lcsc/2402021507_hongjiacheng-H3V3N10B_C20617909.pdf,expand,0,2026-07-24 06:07:31,hongjiacheng,H3V3N10B,DFN1006-2L,ESD and Surge Protection (TVS/ESD),-55℃~+125℃ 10V 12.5pF 3.3V 50nA 6V 80W@8/20us 8A@8/20us Bidirectional ESD IEC 61000-4-2、IEC 61000-4-5 DFN1006-2L ESD and Surge Protection (TVS/ESD) ROHS,丝印:3N 双向ESD 3.3V截止 峰值浪涌电流：8A@8/20us,0.0168,30574,1,Circuit Protection,2026-06-07 09:28:36,20,0.336
C20617910,hongjiacheng-H4S5N10B/C20617910,https://wmsc.lcsc.com/wmsc/upload/file/pdf/v2/lcsc/2402021507_hongjiacheng-H4S5N10B_C20617910.pdf,expand,0,2026-07-24 06:07:31,hongjiacheng,H4S5N10B,DFN1006-2L,ESD and Surge Protection (TVS/ESD),-55℃~+125℃ 100nA 100pF 15V 4.5V 5.5V 55A@8/20us 825W@8/20us Bidirectional ESD IEC 61000-4-2、IEC 61000-4-5 DFN1006-2L ESD and Surge Protection (TVS/ESD) ROHS,丝印:AS 双向ESD 4.5V截止 峰值浪涌电流：55A@8/20us,0.0334,8165,1,Circuit Protection,2026-06-07 09:28:36,20,0.668
C20617911,hongjiacheng-H5VS10BA/C20617911,https://wmsc.lcsc.com/wmsc/upload/file/pdf/v2/lcsc/2402021507_hongjiacheng-H5VS10BA_C20617911.pdf,expand,0,2026-07-24 06:07:31,hongjiacheng,H5VS10BA,DFN1006-2L,ESD and Surge Protection (TVS/ESD),-55℃~+125℃ 10V 200nA 3.5A@8/20us 35W@8/20us 5.5pF 5V 8V Bidirectional ESD IEC 61000-4-2、IEC 61000-4-5 DFN1006-2L ESD and Surge Protection (TVS/ESD) ROHS,丝印:SS 双向ESD 5V截止 峰值浪涌电流：3.5A@8/20us,0.0138,60407,1,Circuit Protection,2026-06-07 09:28:36,20,0.276
C20617912,hongjiacheng-H24VL10B/C20617912,https://wmsc.lcsc.com/wmsc/upload/file/pdf/v2/lcsc/2402021507_hongjiacheng-H24VL10B_C20617912.pdf,expand,0,2026-07-24 06:07:31,hongjiacheng,H24VL10B,DFN1006-2L,ESD and Surge Protection (TVS/ESD),-55℃~+125℃ 200nA 20pF 24V 31V 480W@8/20us 60V 8A@8/20us Bidirectional ESD IEC 61000-4-2、IEC 61000-4-5 DFN1006-2L ESD and Surge Protection (TVS/ESD) ROHS,丝印:24 双向ESD 24V截止 峰值浪涌电流：8A@8/20us,0.0334,228983,1,Circuit Protection,2026-06-07 09:28:36,20,0.668
C20617913,hongjiacheng-H5VH16U/C20617913,https://wmsc.lcsc.com/wmsc/upload/file/pdf/v2/lcsc/2402021507_hongjiacheng-H5VH16U_C20617913.pdf,expand,0,2026-07-24 06:07:31,hongjiacheng,H5VH16U,DFN1610-2L,ESD and Surge Protection (TVS/ESD),-55℃~+125℃ 1.95kW@8/20us 130A@8/20us 15V 1nF 1uA 5V 6V ESD IEC 61000-4-2、IEC 61000-4-5 Unidirectional DFN1610-2L ESD and Surge Protection (TVS/ESD) ROHS,丝印:5P 单向ESD 5V截止 峰值浪涌电流：130A@8/20us,0.0579,320,1,Circuit Protection,2026-06-07 09:28:36,5,0.2895
C20617914,hongjiacheng-H20VH16U/C20617914,https://wmsc.lcsc.com/wmsc/upload/file/pdf/v2/lcsc/2402021507_hongjiacheng-H20VH16U_C20617914.pdf,expand,0,2026-07-24 06:07:31,hongjiacheng,H20VH16U,DFN1610-2L,ESD and Surge Protection (TVS/ESD),-55℃~+125℃ 1.2kW@8/20us 20V 25.2V 32A@8/20us 38V 500nA 60pF ESD IEC 61000-4-2、IEC 61000-4-5 Unidirectional DFN1610-2L ESD and Surge Protection (TVS/ESD) ROHS,丝印:2U 单向ESD 20V截止 峰值浪涌电流：32A@8/20us,0.0539,6991,1,Circuit Protection,2026-06-07 09:28:36,5,0.2695
C20617915,hongjiacheng-H3V3HD3B/C20617915,https://wmsc.lcsc.com/wmsc/upload/file/pdf/v2/lcsc/2402021507_hongjiacheng-H3V3HD3B_C20617915.pdf,expand,0,2026-07-24 06:07:31,hongjiacheng,H3V3HD3B,SOD-323,ESD and Surge Protection (TVS/ESD),-55℃~+155℃ 100pF 17V 25A@8/20us 3.3V 375W@8/20us 500nA 8V Bidirectional ESD IEC 61000-4-2、IEC 61000-4-5 SOD-323 ESD and Surge Protection (TVS/ESD) ROHS,丝印:03B 双向ESD 3.3V截止 峰值浪涌电流：25A@8/20us,0.0339,133697,1,Circuit Protection,2026-06-07 09:28:36,20,0.678
C20617916,hongjiacheng-H4V5HD3U/C20617916,https://wmsc.lcsc.com/wmsc/upload/file/pdf/v2/lcsc/2402021507_hongjiacheng-H4V5HD3U_C20617916.pdf,expand,0,2026-07-24 06:07:31,hongjiacheng,H4V5HD3U,SOD-323,ESD and Surge Protection (TVS/ESD),-55℃~+125℃ 185A@8/20us 2.775kW@8/20us 200nA 4.5V 600pF 7V 7V、15V ESD IEC 61000-4-2、IEC 61000-4-5 Unidirectional SOD-323 ESD and Surge Protection (TVS/ESD) ROHS,丝印:45A 单向ESD 4.5V截止 峰值浪涌电流：185A@8/20us,0.0289,0,310,Circuit Protection,2026-06-07 09:28:36,314,9.0746
C20617917,hongjiacheng-H5VHD3UA/C20617917,https://wmsc.lcsc.com/wmsc/upload/file/pdf/v2/lcsc/2402021507_hongjiacheng-H5VHD3UA_C20617917.pdf,expand,0,2026-07-24 06:07:31,hongjiacheng,H5VHD3UA,SOD-323,ESD and Surge Protection (TVS/ESD),-55℃~+125℃ 130A@8/20us 16V 1uA 2.08kW@8/20us 5V 850pF 9V ESD IEC 61000-4-2、IEC 61000-4-5 Unidirectional SOD-323 ESD and Surge Protection (TVS/ESD) ROHS,丝印:57D 单向ESD 5V截止 峰值浪涌电流：130A@8/20us,0.0682,8673,1,Circuit Protection,2026-06-07 09:28:36,5,0.341
C20617918,hongjiacheng-H5VHD3U/C20617918,https://wmsc.lcsc.com/wmsc/upload/file/pdf/v2/lcsc/2402021507_hongjiacheng-H5VHD3U_C20617918.pdf,expand,0,2026-07-24 06:07:31,hongjiacheng,H5VHD3U,SOD-323,ESD and Surge Protection (TVS/ESD),-55℃~+125℃ 14V 185pF 200nA 25A@8/20us 350W@8/20us 5V 9V ESD IEC 61000-4-2、IEC 61000-4-5 Unidirectional SOD-323 ESD and Surge Protection (TVS/ESD) ROHS,丝印:D05 单向ESD 5V截止 峰值浪涌电流：25A@8/20us,0.0279,273778,1,Circuit Protection,2026-06-07 09:28:36,20,0.558
C20617919,hongjiacheng-H12VHD3U/C20617919,https://wmsc.lcsc.com/wmsc/upload/file/pdf/v2/lcsc/2402021507_hongjiacheng-H12VHD3U_C20617919.pdf,expand,0,2026-07-24 06:07:31,hongjiacheng,H12VHD3U,SOD-323,ESD and Surge Protection (TVS/ESD),-55℃~+125℃ 1.26kW@8/20us 12V 15V 200nA 35A@8/20us 36V 85pF ESD IEC 61000-4-2、IEC 61000-4-5 Unidirectional SOD-323 ESD and Surge Protection (TVS/ESD) ROHS,丝印:D12 单向ESD 12V截止 峰值浪涌电流：35A@8/20us,0.0228,111657,1,Circuit Protection,2026-06-07 09:28:36,20,0.456
C20617920,hongjiacheng-H12VND3B/C20617920,https://wmsc.lcsc.com/wmsc/upload/file/pdf/v2/lcsc/2404291651_hongjiacheng-H12VND3B_C20617920.pdf,expand,0,2026-07-24 06:07:31,hongjiacheng,H12VND3B,SOD-323,ESD and Surge Protection (TVS/ESD),-55℃~+125℃ 1.26kW@8/20us 12V 16.5V 1uA 35A@8/20us 36V 50pF Bidirectional ESD IEC 61000-4-2、IEC 61000-4-5 SOD-323 ESD and Surge Protection (TVS/ESD) ROHS,丝印:12B 双向ESD 12V截止 峰值浪涌电流：35A@8/20us,0.0303,197826,1,Circuit Protection,2026-06-07 09:28:36,20,0.606
C20617921,hongjiacheng-H5VUD5U/C20617921,https://wmsc.lcsc.com/wmsc/upload/file/pdf/v2/lcsc/2404031005_hongjiacheng-H5VUD5U_C20617921.pdf,expand,0,2026-07-24 06:07:31,hongjiacheng,H5VUD5U,SOD-523,ESD and Surge Protection (TVS/ESD),-55℃~+125℃ 0.8pF 15V 200nA 5A@8/20us 5V 75W@8/20us 9V ESD IEC 61000-4-2、IEC 61000-4-5 Unidirectional SOD-523 ESD and Surge Protection (TVS/ESD) ROHS,丝印:5U 单向ESD 5V截止 峰值浪涌电流：5A@8/20us,0.0242,6505,1,Circuit Protection,2026-06-07 09:28:36,20,0.484
C20617922,hongjiacheng-H12VND5U/C20617922,https://wmsc.lcsc.com/wmsc/upload/file/pdf/v2/lcsc/2404031005_hongjiacheng-H12VND5U_C20617922.pdf,expand,0,2026-07-24 06:07:31,hongjiacheng,H12VND5U,SOD-523,ESD and Surge Protection (TVS/ESD),100nA 12V 15A@8/20us 16V 24V 360W@8/20us 90pF ESD IEC 61000-4-2、IEC 61000-4-5 Unidirectional SOD-523 ESD and Surge Protection (TVS/ESD) ROHS,丝印:M12 单向ESD 12V截止 峰值浪涌电流：15A@8/20us,0.0271,185924,1,Circuit Protection,2026-06-07 09:28:36,20,0.542
C20617923,hongjiacheng-H3V3HT2B/C20617923,https://wmsc.lcsc.com/wmsc/upload/file/pdf/v2/lcsc/2402021507_hongjiacheng-H3V3HT2B_C20617923.pdf,expand,0,2026-07-24 06:07:31,hongjiacheng,H3V3HT2B,SOT-23,ESD and Surge Protection (TVS/ESD),-55℃~+125℃ 100pF 15V 1uA 25A@8/20us 3.3V 350W@8/20us 7V Bidirectional ESD IEC 61000-4-2、IEC 61000-4-5 SOT-23 ESD and Surge Protection (TVS/ESD) ROHS,丝印:3B2 双向ESD 3.3V截止 峰值浪涌电流：25A@8/20us,0.0365,28755,1,Circuit Protection,2026-06-07 09:28:36,10,0.365
C20617924,hongjiacheng-H3V3HT2U/C20617924,https://wmsc.lcsc.com/wmsc/upload/file/pdf/v2/lcsc/2402021507_hongjiacheng-H3V3HT2U_C20617924.pdf,expand,0,2026-07-24 06:07:31,hongjiacheng,H3V3HT2U,SOT-23,ESD and Surge Protection (TVS/ESD),-55℃~+125℃ 14V 200pF 25A@8/20us 280W@8/20us 3.3V 500nA 7V ESD IEC 61000-4-2、IEC 61000-4-5 Unidirectional SOT-23 ESD and Surge Protection (TVS/ESD) ROHS,丝印:3M2 单向ESD 3.3V截止 峰值浪涌电流：25A@8/20us,0.0339,14617,1,Circuit Protection,2026-06-07 09:28:36,10,0.339
C20617925,hongjiacheng-H5VNT2B/C20617925,https://wmsc.lcsc.com/wmsc/upload/file/pdf/v2/lcsc/2402021507_hongjiacheng-H5VNT2B_C20617925.pdf,expand,0,2026-07-24 06:07:31,hongjiacheng,H5VNT2B,SOT-23,ESD and Surge Protection (TVS/ESD),-55℃~+125℃ 100nA 12V 20pF 5V 8A@8/20us 8V 95W@8/20us Bidirectional ESD IEC 61000-4-2、IEC 61000-4-5 SOT-23 ESD and Surge Protection (TVS/ESD) ROHS,丝印:LA5 双向ESD 5V截止 峰值浪涌电流：8A@8/20us,0.0397,176487,1,Circuit Protection,2026-06-07 09:28:36,5,0.1985
C20617926,hongjiacheng-H5VHT2B/C20617926,https://wmsc.lcsc.com/wmsc/upload/file/pdf/v2/lcsc/2402021507_hongjiacheng-H5VHT2B_C20617926.pdf,expand,0,2026-07-24 06:07:31,hongjiacheng,H5VHT2B,SOT-23,ESD and Surge Protection (TVS/ESD),-55℃~+125℃ 16.7V 185pF 200nA 25A@8/20us 415W@8/20us 5V 8V Bidirectional ESD IEC 61000-4-2、IEC 61000-4-5 SOT-23 ESD and Surge Protection (TVS/ESD) ROHS,丝印:5B2 双向ESD 5V截止 峰值浪涌电流：25A@8/20us,0.0667,5649,1,Circuit Protection,2026-06-07 09:28:36,5,0.3335
C20617927,hongjiacheng-H12VNT2B/C20617927,https://wmsc.lcsc.com/wmsc/upload/file/pdf/v2/lcsc/2402021507_hongjiacheng-H12VNT2B_C20617927.pdf,expand,0,2026-07-24 06:07:31,hongjiacheng,H12VNT2B,SOT-23,ESD and Surge Protection (TVS/ESD),-55℃~+125℃ 1.26kW@8/20us 12V 16.5V 1uA 35A@8/20us 36V 60pF Bidirectional ESD IEC 61000-4-2、IEC 61000-4-5 SOT-23 ESD and Surge Protection (TVS/ESD) ROHS,丝印:AB2 双向ESD 12V截止 峰值浪涌电流：35A@8/20us,0.0658,7617,1,Circuit Protection,2026-06-07 09:28:36,5,0.329
C20617928,hongjiacheng-H15VNT2B/C20617928,https://wmsc.lcsc.com/wmsc/upload/file/pdf/v2/lcsc/2402021507_hongjiacheng-H15VNT2B_C20617928.pdf,expand,0,2026-07-24 06:07:31,hongjiacheng,H15VNT2B,SOT-23,ESD and Surge Protection (TVS/ESD),-55℃~+125℃ 15V 19V 200nA 25pF 300W@8/20us 38.5V 8A@8/20us Bidirectional ESD IEC 61000-4-2、IEC 61000-4-5 SOT-23 ESD and Surge Protection (TVS/ESD) ROHS,丝印:BB2 双向ESD 15V截止 峰值浪涌电流：8A@8/20us,0.0671,60138,1,Circuit Protection,2026-06-07 09:28:36,5,0.3355
C20638,21350-0805W8F750JT5E_SMTonly/C20638,https://datasheet.lcsc.com/lcsc/1810301611_UNI-ROYAL-Uniroyal-Elec-0805W8F750JT5E_C20638.pdf,expand,0,2026-07-24 06:07:31,UNI-ROYAL(Uniroyal Elec),0805W8F750JT5E (SMTonly),0805,Chip Resistor - Surface Mount,75Ω ±1% 0805 Chip Resistor - Surface Mount ROHS,75Ω ±1%,0.002,1,4478,Resistors,2026-06-07 09:28:36,4488,8.976
C20917,Alpha_OmegaSemicon-AO3400A/C20917,https://www.lcsc.com/datasheet/lcsc_datasheet_1811081213_Alpha---Omega-Semicon-AO3400A_C20917.pdf,base,0,2026-07-24 06:07:31,Alpha & Omega Semicon,AO3400A,SOT-23,MOSFETs,-55℃~+150℃ 1 N-channel 1.45V 1.4W 30V 48mΩ@2.5V 5.7A 50pF 630pF 75pF 7nC@10V N-Channel SOT-23 MOSFETs ROHS,AO3400A,0.0838,1646730,1,Transistors/Thyristors,2026-06-07 09:28:36,5,0.419
C21117,21829-CL10B333KB8NNNC/C21117,https://www.lcsc.com/datasheet/lcsc_datasheet_2304140030_Samsung-Electro-Mechanics-CL10B333KB8NNNC_C21117.pdf,base,0,2026-07-24 06:07:31,Samsung Electro-Mechanics,CL10B333KB8NNNC,0603,Multilayer Ceramic Capacitors MLCC - SMD/SMT,33nF 50V X7R ±10% 0603 Multilayer Ceramic Capacitors MLCC - SMD/SMT ROHS,33nF ±10% 50V,0.0155,1121892,1,Capacitors,2026-06-07 09:28:36,20,0.31
C21120,21832-CL10B224KA8NNNC/C21120,https://www.lcsc.com/datasheet/lcsc_datasheet_2304140030_Samsung-Electro-Mechanics-CL10B224KA8NNNC_C21120.pdf,base,0,2026-07-24 06:07:31,Samsung Electro-Mechanics,CL10B224KA8NNNC,0603,Multilayer Ceramic Capacitors MLCC - SMD/SMT,220nF 25V X7R ±10% 0603 Multilayer Ceramic Capacitors MLCC - SMD/SMT ROHS,220nF ±10% 25V,0.0194,1262530,1,Capacitors,2026-06-07 09:28:36,20,0.388
C21122,21834-CL10B223KB8NNNC/C21122,https://www.lcsc.com/datasheet/lcsc_datasheet_2304140030_Samsung-Electro-Mechanics-CL10B223KB8NNNC_C21122.pdf,base,0,2026-07-24 06:07:31,Samsung Electro-Mechanics,CL10B223KB8NNNC,0603,Multilayer Ceramic Capacitors MLCC - SMD/SMT,22nF 50V X7R ±10% 0603 Multilayer Ceramic Capacitors MLCC - SMD/SMT ROHS,22nF ±10% 50V,0.015,1074307,1,Capacitors,2026-06-07 09:28:36,20,0.3
C21189,21903-0603WAF0000T5E/C21189,https://www.lcsc.com/datasheet/lcsc_datasheet_2411221126_UNI-ROYAL-Uniroyal-Elec-0603WAF0000T5E_C21189.pdf,base,0,2026-07-24 06:07:31,UNI-ROYAL(Uniroyal Elec),0603WAF0000T5E,0603,Chip Resistor - Surface Mount,-55℃~+155℃ 0Ω 100mW 75V Thick Film Resistor ±1% 0603 Chip Resistor - Surface Mount ROHS,0Ω ±1% 100mW 厚膜电阻,0.0026,9731282,1,Resistors,2026-06-07 09:28:36,20,0.052
C21190,21904-0603WAF1001T5E/C21190,https://www.lcsc.com/datasheet/lcsc_datasheet_2206010130_UNI-ROYAL-Uniroyal-Elec-0603WAF1001T5E_C21190.pdf,base,0,2026-07-24 06:07:31,UNI-ROYAL(Uniroyal Elec),0603WAF1001T5E,0603,Chip Resistor - Surface Mount,-55℃~+155℃ 100mW 1kΩ 75V Thick Film Resistor ±1% ±100ppm/℃ 0603 Chip Resistor - Surface Mount ROHS,1kΩ ±1% 100mW 厚膜电阻,0.0027,4331858,3317,Resistors,2026-06-07 09:28:36,3327,8.9829
C2128,2485-1N4148WS/C2128,https://www.lcsc.com/datasheet/lcsc_datasheet_1810101110_Jiangsu-Changjing-Electronics-Technology-Co---Ltd--1N4148WS_C2128.pdf,base,0,2026-07-24 06:07:31,"Jiangsu Changjing Electronics Technology Co., Ltd.",1N4148WS,SOD-323,Switching Diodes,1.25V@150mA 100V 150mA 1uA@75V 200mW 2A 4ns Independent SOD-323 Switching Diodes ROHS,1N4148WS,0.0132,936197,1,Diodes,2026-06-07 09:28:36,20,0.264
C21379,TexasInstruments-CD4051BM96/C21379,https://www.lcsc.com/datasheet/lcsc_datasheet_1809261612_Texas-Instruments-CD4051BM96_C21379.pdf,expand,0,2026-07-24 06:07:31,Texas Instruments,CD4051BM96,SOIC-16-150mil,"Analog Switches, Multiplexers","-55℃~+125℃ 1 125Ω 20MHz 30pF 3V~20V 60ns 8:1 SOIC-16-150mil Analog Switches, Multiplexers ROHS",模拟多路复用器/解复用器,0.2558,45800,1,Interface,2026-06-07 09:28:36,1,0.2558
C2145,2502-MMBT5551_RANGE_200_300/C2145,https://www.lcsc.com/datasheet/lcsc_datasheet_2304140030_Jiangsu-Changjing-Electronics-Technology-Co---Ltd--MMBT5551-RANGE-200-300_C2145.pdf,base,0,2026-07-24 06:07:31,"Jiangsu Changjing Electronics Technology Co., Ltd.",MMBT5551(RANGE:200-300),SOT-23,Bipolar (BJT),-55℃~+150℃ 1 NPN 160V 200 200mV 300MHz 300mW 50nA 600mA 6V NPN SOT-23 Bipolar (BJT) ROHS,MMBT5551(RANGE:200-300),0.0174,915376,1,Transistors/Thyristors,2026-06-07 09:28:36,10,0.174
C2146,2503-S8050_J3Y_RANGE_200_350/C2146,https://www.lcsc.com/datasheet/lcsc_datasheet_2310131500_Jiangsu-Changjing-Electronics-Technology-Co---Ltd--S8050-J3Y-RANGE-200-350_C2146.pdf,base,0,2026-07-24 06:07:31,"Jiangsu Changjing Electronics Technology Co., Ltd.",S8050 J3Y(RANGE:200-350),SOT-23,Bipolar (BJT),-55℃~+150℃ 1 NPN 100nA 150MHz 200 25V 300mW 500mA 5V 600mV NPN SOT-23 Bipolar (BJT) ROHS,S8050 J3Y(RANGE:200-350),0.0174,593150,1,Transistors/Thyristors,2026-06-07 09:28:36,10,0.174
C2149,2506-S9015_RANGE_300_400/C2149,https://www.lcsc.com/datasheet/lcsc_datasheet_1809211021_Jiangsu-Changjing-Electronics-Technology-Co---Ltd--S9015-RANGE-300-400_C2149.pdf,expand,0,2026-07-24 06:07:31,"Jiangsu Changjing Electronics Technology Co., Ltd.",S9015(RANGE:300-400),SOT-23,Bipolar (BJT),-55℃~+150℃ 1 PNP 100mA 100nA 150MHz 200 200mW 300mV 45V 5V PNP SOT-23 Bipolar (BJT) ROHS,S9015(RANGE:300-400),0.0132,95053,1,Transistors/Thyristors,2026-06-07 09:28:36,10,0.132
C2150,2507-SS8050_RANGE_200_350/C2150,https://www.lcsc.com/datasheet/lcsc_datasheet_2303221100_Jiangsu-Changjing-Electronics-Technology-Co---Ltd--SS8050-RANGE-200-350_C2150.pdf,base,0,2026-07-24 06:07:31,"Jiangsu Changjing Electronics Technology Co., Ltd.",SS8050(RANGE:200-350),SOT-23,Bipolar (BJT),-55℃~+150℃ 1 NPN 1.5A 100MHz 100nA 200 25V 300mW 500mV 5V NPN SOT-23 Bipolar (BJT) ROHS,SS8050(RANGE:200-350),0.0181,315941,1,Transistors/Thyristors,2026-06-07 09:28:36,10,0.181
C22107,22832-1206W4F1204T5E/C22107,https://www.lcsc.com/datasheet/lcsc_datasheet_2206010130_UNI-ROYAL-Uniroyal-Elec-1206W4F1204T5E_C22107.pdf,expand,0,2026-07-24 06:07:31,UNI-ROYAL(Uniroyal Elec),1206W4F1204T5E,1206,Chip Resistor - Surface Mount,-55℃~+155℃ 1.2MΩ 200V 250mW Thick Film Resistor ±1% ±100ppm/℃ 1206 Chip Resistor - Surface Mount ROHS,1.2MΩ ±1% 250mW 厚膜电阻,0.0067,10,1337,Resistors,2026-06-07 09:28:36,1341,8.9847
C22375287,hongjiacheng-BZT52C11S/C22375287,https://wmsc.lcsc.com/wmsc/upload/file/pdf/v2/lcsc/2404291655_hongjiacheng-BZT52C11S_C22375287.pdf,expand,0,2026-07-24 06:07:31,hongjiacheng,BZT52C11S,SOD-323,Zener Diodes,-55℃~+150℃ 1 Independent 10.4V~11.6V 100nA 11V 150Ω 200mW 20Ω SOD-323 Zener Diodes ROHS,BZT52C11S,0.017,173983,1,Diodes,2026-06-07 09:28:36,20,0.34
C22375288,hongjiacheng-BZT52C22S/C22375288,https://wmsc.lcsc.com/wmsc/upload/file/pdf/v2/lcsc/2404291655_hongjiacheng-BZT52C22S_C22375288.pdf,expand,0,2026-07-24 06:07:31,hongjiacheng,BZT52C22S,SOD-323,Zener Diodes,-55℃~+150℃ 1 Independent 100nA 20.8V~23.3V 200mW 22V 250Ω 55Ω SOD-323 Zener Diodes ROHS,BZT52C22S,0.0187,6118,1,Diodes,2026-06-07 09:28:36,20,0.374
C22375289,hongjiacheng-BZT52C24S/C22375289,https://wmsc.lcsc.com/wmsc/upload/file/pdf/v2/lcsc/2404291655_hongjiacheng-BZT52C24S_C22375289.pdf,expand,0,2026-07-24 06:07:31,hongjiacheng,BZT52C24S,SOD-323,Zener Diodes,-55℃~+150℃ 1 Independent 100nA 200mW 22.8V~25.6V 24V 250Ω 70Ω SOD-323 Zener Diodes ROHS,BZT52C24S,0.0126,40978,1,Diodes,2026-06-07 09:28:36,20,0.252
C22375290,hongjiacheng-BZT52C2V4S/C22375290,https://wmsc.lcsc.com/wmsc/upload/file/pdf/v2/lcsc/2404291654_hongjiacheng-BZT52C2V4S_C22375290.pdf,expand,0,2026-07-24 06:07:31,hongjiacheng,BZT52C2V4S,SOD-323,Zener Diodes,-55℃~+150℃ 1 Independent 100Ω 2.2V~2.6V 2.4V 200mW 50uA 600Ω SOD-323 Zener Diodes ROHS,BZT52C2V4S,0.0165,14735,1,Diodes,2026-06-07 09:28:36,20,0.33
C22375291,hongjiacheng-BZT52C30S/C22375291,https://wmsc.lcsc.com/wmsc/upload/file/pdf/v2/lcsc/2404291654_hongjiacheng-BZT52C30S_C22375291.pdf,expand,0,2026-07-24 06:07:31,hongjiacheng,BZT52C30S,SOD-323,Zener Diodes,-55℃~+150℃ 1 Independent 100nA 200mW 28V~32V 300Ω 30V 80Ω SOD-323 Zener Diodes ROHS,BZT52C30S,0.0173,386897,1,Diodes,2026-06-07 09:28:36,20,0.346
C22375292,hongjiacheng-BZT52C33S/C22375292,https://wmsc.lcsc.com/wmsc/upload/file/pdf/v2/lcsc/2404291654_hongjiacheng-BZT52C33S_C22375292.pdf,expand,0,2026-07-24 06:07:31,hongjiacheng,BZT52C33S,SOD-323,Zener Diodes,-55℃~+150℃ 1 Independent 100nA 200mW 31V~35V 325Ω 33V 80Ω SOD-323 Zener Diodes ROHS,BZT52C33S,0.0166,26839,1,Diodes,2026-06-07 09:28:36,20,0.332
C22375293,hongjiacheng-BZT52C36S/C22375293,https://wmsc.lcsc.com/wmsc/upload/file/pdf/v2/lcsc/2404291654_hongjiacheng-BZT52C36S_C22375293.pdf,expand,0,2026-07-24 06:07:31,hongjiacheng,BZT52C36S,SOD-323,Zener Diodes,-55℃~+150℃ 1 Independent 100nA 200mW 34V~38V 350Ω 36V 90Ω SOD-323 Zener Diodes ROHS,BZT52C36S,0.0181,817790,1,Diodes,2026-06-07 09:28:36,20,0.362
C22375294,hongjiacheng-BZT52C8V2S/C22375294,https://wmsc.lcsc.com/wmsc/upload/file/pdf/v2/lcsc/2404291654_hongjiacheng-BZT52C8V2S_C22375294.pdf,expand,0,2026-07-24 06:07:31,hongjiacheng,BZT52C8V2S,SOD-323,Zener Diodes,-55℃~+150℃ 1 Independent 15Ω 200mW 7.7V~8.7V 700nA 8.2V 80Ω SOD-323 Zener Diodes ROHS,BZT52C8V2S,0.0176,411042,1,Diodes,2026-06-07 09:28:36,20,0.352
C22375295,hongjiacheng-BZT52C22/C22375295,https://wmsc.lcsc.com/wmsc/upload/file/pdf/v2/lcsc/2404291655_hongjiacheng-BZT52C22_C22375295.pdf,expand,0,2026-07-24 06:07:31,hongjiacheng,BZT52C22,SOD-123,Zener Diodes,-55℃~+150℃ 1 Independent 100nA@15.4V 20.9V~23.1V 22V 250Ω 350mW 55Ω SOD-123 Zener Diodes ROHS,BZT52C22,0.0179,12468,1,Diodes,2026-06-07 09:28:36,15,0.2685
C22375296,hongjiacheng-BZT52C2V4/C22375296,https://wmsc.lcsc.com/wmsc/upload/file/pdf/v2/lcsc/2404291655_hongjiacheng-BZT52C2V4_C22375296.pdf,expand,0,2026-07-24 06:07:31,hongjiacheng,BZT52C2V4,SOD-123,Zener Diodes,-55℃~+150℃ 1 Independent 100Ω 2.28V~2.52V 2.4V 350mW 50uA@1V 600Ω SOD-123 Zener Diodes ROHS,BZT52C2V4,0.0187,2818,1,Diodes,2026-06-07 09:28:36,15,0.2805
C22375297,hongjiacheng-BZT52C75/C22375297,https://wmsc.lcsc.com/wmsc/upload/file/pdf/v2/lcsc/2404291655_hongjiacheng-BZT52C75_C22375297.pdf,expand,0,2026-07-24 06:07:31,hongjiacheng,BZT52C75,SOD-123,Zener Diodes,-55℃~+150℃ 1 Independent 1kΩ 200nA@10V 300Ω 350mW 70V~79V 75V SOD-123 Zener Diodes ROHS,BZT52C75,0.0192,10528,1,Diodes,2026-06-07 09:28:36,15,0.288
C22375298,hongjiacheng-BZT52C2V7S/C22375298,https://wmsc.lcsc.com/wmsc/upload/file/pdf/v2/lcsc/2404291654_hongjiacheng-BZT52C2V7S_C22375298.pdf,expand,0,2026-07-24 06:07:31,hongjiacheng,BZT52C2V7S,SOD-323,Zener Diodes,-55℃~+150℃ 1 Independent 100Ω 2.5V~2.9V 2.7V 200mW 20uA@1V 600Ω SOD-323 Zener Diodes ROHS,BZT52C2V7S,0.0183,457734,1,Diodes,2026-06-07 09:28:36,20,0.366
C22375299,hongjiacheng-BZT52C3V9S/C22375299,https://wmsc.lcsc.com/wmsc/upload/file/pdf/v2/lcsc/2404291654_hongjiacheng-BZT52C3V9S_C22375299.pdf,expand,0,2026-07-24 06:07:31,hongjiacheng,BZT52C3V9S,SOD-323,Zener Diodes,-55℃~+150℃ 1 Independent 200mW 3.7V~4.1V 3.9V 3uA 600Ω 90Ω SOD-323 Zener Diodes ROHS,BZT52C3V9S,0.0166,86809,1,Diodes,2026-06-07 09:28:36,20,0.332
C22375300,hongjiacheng-BZT52C27S/C22375300,https://wmsc.lcsc.com/wmsc/upload/file/pdf/v2/lcsc/2404291655_hongjiacheng-BZT52C27S_C22375300.pdf,expand,0,2026-07-24 06:07:31,hongjiacheng,BZT52C27S,SOD-323,Zener Diodes,-55℃~+150℃ 1 Independent 100nA 200mW 25.1V~28.9V 27V 300Ω 80Ω SOD-323 Zener Diodes ROHS,BZT52C27S,0.0187,18553,1,Diodes,2026-06-07 09:28:36,20,0.374
C22379454,hongjiacheng-MM3Z5V1B/C22379454,https://wmsc.lcsc.com/wmsc/upload/file/pdf/v2/lcsc/2404100929_hongjiacheng-MM3Z5V1B_C22379454.pdf,expand,0,2026-07-24 06:07:31,hongjiacheng,MM3Z5V1B,SOD-323,Zener Diodes,-55℃~+150℃ 1 Independent 130Ω 2uA@1.5V 300mW 5.1V 5V~5.2V SOD-323 Zener Diodes ROHS,MM3Z5V1B,0.0218,6924,1,Diodes,2026-06-07 09:28:36,20,0.436
C22379455,hongjiacheng-MM1Z18B/C22379455,https://wmsc.lcsc.com/wmsc/upload/file/pdf/v2/lcsc/2404091618_hongjiacheng-MM1Z18B_C22379455.pdf,expand,0,2026-07-24 06:07:31,hongjiacheng,MM1Z18B,SOD-123,Zener Diodes,-55℃~+150℃ 1 Independent 100nA@13V 17.64V~18.36V 18V 45Ω 500mW SOD-123 Zener Diodes ROHS,MM1Z18B,0.0221,5315,1,Diodes,2026-06-07 09:28:36,15,0.3315
C22379456,hongjiacheng-MM1Z3V3/C22379456,https://wmsc.lcsc.com/wmsc/upload/file/pdf/v2/lcsc/2404091617_hongjiacheng-MM1Z3V3_C22379456.pdf,expand,0,2026-07-24 06:07:31,hongjiacheng,MM1Z3V3,SOD-123,Zener Diodes,-55℃~+150℃ 1 Independent 130Ω 20uA@1V 3.1V~3.5V 3.3V 500mW SOD-123 Zener Diodes ROHS,MM1Z3V3,0.0215,96090,1,Diodes,2026-06-07 09:28:36,15,0.3225
C22379457,hongjiacheng-MM1Z3V6/C22379457,https://wmsc.lcsc.com/wmsc/upload/file/pdf/v2/lcsc/2404091617_hongjiacheng-MM1Z3V6_C22379457.pdf,expand,0,2026-07-24 06:07:31,hongjiacheng,MM1Z3V6,SOD-123,Zener Diodes,-55℃~+150℃ 1 Independent 10uA@1V 130Ω 3.4V~3.8V 3.6V 500mW SOD-123 Zener Diodes ROHS,MM1Z3V6,0.0192,31836,1,Diodes,2026-06-07 09:28:36,15,0.288
C22379458,hongjiacheng-MM1Z4V7/C22379458,https://wmsc.lcsc.com/wmsc/upload/file/pdf/v2/lcsc/2404091617_hongjiacheng-MM1Z4V7_C22379458.pdf,expand,0,2026-07-24 06:07:31,hongjiacheng,MM1Z4V7,SOD-123,Zener Diodes,-55℃~+150℃ 1 Independent 130Ω 2uA@1V 4.4V~5V 4.7V 500mW SOD-123 Zener Diodes ROHS,MM1Z4V7,0.0212,62951,1,Diodes,2026-06-07 09:28:36,15,0.318
C22379459,hongjiacheng-MM1Z12/C22379459,https://wmsc.lcsc.com/wmsc/upload/file/pdf/v2/lcsc/2404091617_hongjiacheng-MM1Z12_C22379459.pdf,expand,0,2026-07-24 06:07:31,hongjiacheng,MM1Z12,SOD-123,Zener Diodes,-55℃~+150℃ 1 Independent 100nA@9V 11.4V~12.7V 12V 35Ω 500mW SOD-123 Zener Diodes ROHS,MM1Z12,0.0207,6006,1,Diodes,2026-06-07 09:28:36,15,0.3105
C22379460,hongjiacheng-MM1Z6V8/C22379460,https://wmsc.lcsc.com/wmsc/upload/file/pdf/v2/lcsc/2404091617_hongjiacheng-MM1Z6V8_C22379460.pdf,expand,0,2026-07-24 06:07:31,hongjiacheng,MM1Z6V8,SOD-123,Zener Diodes,-55℃~+150℃ 1 Independent 30Ω 500mW 500nA@3.5V 6.4V~7.2V 6.8V SOD-123 Zener Diodes ROHS,MM1Z6V8,0.021,32634,1,Diodes,2026-06-07 09:28:36,15,0.315
C22379461,hongjiacheng-MM1Z16/C22379461,https://wmsc.lcsc.com/wmsc/upload/file/pdf/v2/lcsc/2404091617_hongjiacheng-MM1Z16_C22379461.pdf,expand,0,2026-07-24 06:07:31,hongjiacheng,MM1Z16,SOD-123,Zener Diodes,-55℃~+150℃ 1 Independent 100nA@12V 15.3V~17.1V 16V 40Ω 500mW SOD-123 Zener Diodes ROHS,MM1Z16,0.0191,30820,1,Diodes,2026-06-07 09:28:36,15,0.2865
C22379462,hongjiacheng-MM1Z15/C22379462,https://wmsc.lcsc.com/wmsc/upload/file/pdf/v2/lcsc/2404091617_hongjiacheng-MM1Z15_C22379462.pdf,expand,0,2026-07-24 06:07:31,hongjiacheng,MM1Z15,SOD-123,Zener Diodes,-55℃~+150℃ 1 Independent 100nA@11V 13.8V~15.6V 15V 40Ω 500mW SOD-123 Zener Diodes ROHS,MM1Z15,0.0216,23,415,Diodes,2026-06-07 09:28:36,419,9.0504
C22379463,hongjiacheng-MM1Z3V0/C22379463,https://wmsc.lcsc.com/wmsc/upload/file/pdf/v2/lcsc/2404091617_hongjiacheng-MM1Z3V0_C22379463.pdf,expand,0,2026-07-24 06:07:31,hongjiacheng,MM1Z3V0,SOD-123,Zener Diodes,-55℃~+150℃ 1 Independent 100Ω 2.8V~3.2V 3V 500mW 50uA@1V SOD-123 Zener Diodes ROHS,MM1Z3V0,0.0207,24071,1,Diodes,2026-06-07 09:28:36,15,0.3105
C22379464,hongjiacheng-MM1Z6V2/C22379464,https://wmsc.lcsc.com/wmsc/upload/file/pdf/v2/lcsc/2404091617_hongjiacheng-MM1Z6V2_C22379464.pdf,expand,0,2026-07-24 06:07:31,hongjiacheng,MM1Z6V2,SOD-123,Zener Diodes,-55℃~+150℃ 1 Independent 1uA@3V 5.8V~6.6V 500mW 50Ω 6.2V SOD-123 Zener Diodes ROHS,MM1Z6V2,0.0218,10982,1,Diodes,2026-06-07 09:28:36,15,0.327
C22379465,hongjiacheng-MM1Z24/C22379465,https://wmsc.lcsc.com/wmsc/upload/file/pdf/v2/lcsc/2404091617_hongjiacheng-MM1Z24_C22379465.pdf,expand,0,2026-07-24 06:07:31,hongjiacheng,MM1Z24,SOD-123,Zener Diodes,-55℃~+150℃ 1 Independent 100nA@19V 22.8V~25.6V 24V 500mW 60Ω SOD-123 Zener Diodes ROHS,MM1Z24,0.0191,29248,1,Diodes,2026-06-07 09:28:36,15,0.2865
C22379466,hongjiacheng-MM1Z18/C22379466,https://wmsc.lcsc.com/wmsc/upload/file/pdf/v2/lcsc/2404091617_hongjiacheng-MM1Z18_C22379466.pdf,expand,0,2026-07-24 06:07:31,hongjiacheng,MM1Z18,SOD-123,Zener Diodes,-55℃~+150℃ 1 Independent 100nA@13V 16.8V~19.1V 18V 45Ω 500mW SOD-123 Zener Diodes ROHS,MM1Z18,0.0194,193102,1,Diodes,2026-06-07 09:28:36,15,0.291
C22379467,hongjiacheng-MM1Z20/C22379467,https://wmsc.lcsc.com/wmsc/upload/file/pdf/v2/lcsc/2404091617_hongjiacheng-MM1Z20_C22379467.pdf,expand,0,2026-07-24 06:07:31,hongjiacheng,MM1Z20,SOD-123,Zener Diodes,-55℃~+150℃ 1 Independent 100nA@15V 18.8V~21.2V 20V 500mW 50Ω SOD-123 Zener Diodes ROHS,MM1Z20,0.0181,5294,1,Diodes,2026-06-07 09:28:36,15,0.2715
C22379468,hongjiacheng-MM1Z2V7/C22379468,https://wmsc.lcsc.com/wmsc/upload/file/pdf/v2/lcsc/2404091617_hongjiacheng-MM1Z2V7_C22379468.pdf,expand,0,2026-07-24 06:07:31,hongjiacheng,MM1Z2V7,SOD-123,Zener Diodes,-55℃~+150℃ 1 Independent 110Ω 120uA@1V 2.5V~2.9V 2.7V 500mW SOD-123 Zener Diodes ROHS,MM1Z2V7,0.0218,1659,1,Diodes,2026-06-07 09:28:36,15,0.327
C22379469,hongjiacheng-MM1Z27/C22379469,https://wmsc.lcsc.com/wmsc/upload/file/pdf/v2/lcsc/2404091617_hongjiacheng-MM1Z27_C22379469.pdf,expand,0,2026-07-24 06:07:31,hongjiacheng,MM1Z27,SOD-123,Zener Diodes,-55℃~+150℃ 1 Independent 100nA@21V 25.1V~28.9V 27V 500mW 70Ω SOD-123 Zener Diodes ROHS,MM1Z27,0.0192,13109,1,Diodes,2026-06-07 09:28:36,15,0.288
C22379470,hongjiacheng-BZX84C7V5/C22379470,https://wmsc.lcsc.com/wmsc/upload/file/pdf/v2/lcsc/2404291652_hongjiacheng-BZX84C7V5_C22379470.pdf,expand,0,2026-07-24 06:07:31,hongjiacheng,BZX84C7V5,SOT-23,Zener Diodes,-55℃~+150℃ 1 Independent 15Ω 1uA 300mW 7.5V 7V~7.9V 80Ω SOT-23 Zener Diodes ROHS,BZX84C7V5,0.0195,20911,1,Diodes,2026-06-07 09:28:36,10,0.195
C22379471,hongjiacheng-BZX84C16/C22379471,https://wmsc.lcsc.com/wmsc/upload/file/pdf/v2/lcsc/2404291652_hongjiacheng-BZX84C16_C22379471.pdf,expand,0,2026-07-24 06:07:31,hongjiacheng,BZX84C16,SOT-23,Zener Diodes,-55℃~+150℃ 1 Independent 100nA 15.3V~17.1V 16V 200Ω 300mW 40Ω SOT-23 Zener Diodes ROHS,BZX84C16,0.0123,33435,1,Diodes,2026-06-07 09:28:36,10,0.123
C22379472,hongjiacheng-BZX84C30/C22379472,https://wmsc.lcsc.com/wmsc/upload/file/pdf/v2/lcsc/2404291652_hongjiacheng-BZX84C30_C22379472.pdf,expand,0,2026-07-24 06:07:31,hongjiacheng,BZX84C30,SOT-23,Zener Diodes,-55℃~+150℃ 1 Independent 100nA 28V~32V 300mW 300Ω 30V 80Ω SOT-23 Zener Diodes ROHS,BZX84C30,0.0153,32262,1,Diodes,2026-06-07 09:28:36,10,0.153
C22379473,hongjiacheng-BZX84C6V8/C22379473,https://wmsc.lcsc.com/wmsc/upload/file/pdf/v2/lcsc/2404291652_hongjiacheng-BZX84C6V8_C22379473.pdf,expand,0,2026-07-24 06:07:31,hongjiacheng,BZX84C6V8,SOT-23,Zener Diodes,-55℃~+150℃ 1 Independent 15Ω 2uA 300mW 6.4V~7.2V 6.8V 80Ω SOT-23 Zener Diodes ROHS,BZX84C6V8,0.0181,1190,1,Diodes,2026-06-07 09:28:36,10,0.181
C22379474,hongjiacheng-BZX84C33/C22379474,https://wmsc.lcsc.com/wmsc/upload/file/pdf/v2/lcsc/2404291652_hongjiacheng-BZX84C33_C22379474.pdf,expand,0,2026-07-24 06:07:31,hongjiacheng,BZX84C33,SOT-23,Zener Diodes,-55℃~+150℃ 1 Independent 100nA@23.1V 300mW 31V~35V 325Ω 33V 80Ω SOT-23 Zener Diodes ROHS,BZX84C33,0.0176,54611,1,Diodes,2026-06-07 09:28:36,10,0.176
C22379475,hongjiacheng-2N7002K/C22379475,https://wmsc.lcsc.com/wmsc/upload/file/pdf/v2/lcsc/2404091613_hongjiacheng-2N7002K_C22379475.pdf,expand,0,2026-07-24 06:07:31,hongjiacheng,2N7002K,SOT-23,MOSFETs,-55℃~+150℃ 1 N-channel 1.3V 10pF 340mA 350mW 40pF 60V 900mΩ@10V、1.1Ω@4.5V N-Channel SOT-23 MOSFETs ROHS,2N7002K,0.0212,335838,1,Transistors/Thyristors,2026-06-07 09:28:36,10,0.212
C22388837,hongjiacheng-MMST3904/C22388837,https://wmsc.lcsc.com/wmsc/upload/file/pdf/v2/lcsc/2404261206_hongjiacheng-MMST3904_C22388837.pdf,expand,0,2026-07-24 06:07:31,hongjiacheng,MMST3904,SOT-323,Bipolar (BJT),-55℃~+150℃ 1 NPN 200mA 200mW 300MHz 300mV 40 40V 5V 60nA NPN SOT-323 Bipolar (BJT) ROHS,MMST3904,0.0181,375987,1,Transistors/Thyristors,2026-06-07 09:28:36,10,0.181
C22392482,hongjiacheng-BAT54CW/C22392482,https://wmsc.lcsc.com/wmsc/upload/file/pdf/v2/lcsc/2405071138_hongjiacheng-BAT54CW_C22392482.pdf,expand,0,2026-07-24 06:07:31,hongjiacheng,BAT54CW,SOT-323,Schottky Diodes,1 Pair Common Cathode 1V@100mA 200mA 2uA@25V 30V 600mA SOT-323 Schottky Diodes ROHS,BAT54CW,0.0228,422366,1,Diodes,2026-06-07 09:28:36,10,0.228
C22395515,hongjiacheng-H12VS06B/C22395515,https://wmsc.lcsc.com/wmsc/upload/file/pdf/v2/lcsc/2405091603_hongjiacheng-H12VS06B_C22395515.pdf,expand,0,2026-07-24 06:07:31,hongjiacheng,H12VS06B,DFN0603-2L,ESD and Surge Protection (TVS/ESD),-55℃~+125℃ 12V 16.5V 24V 3.5A@8/20us 3.5pF 500nA 85W@8/20us Bidirectional ESD IEC 61000-4-2、IEC 61000-4-5 DFN0603-2L ESD and Surge Protection (TVS/ESD) ROHS,丝印:AA 双向ESD 12V截止 峰值浪涌电流：3.5A@8/20us,0.0229,11775,1,Circuit Protection,2026-06-07 09:28:36,20,0.458
C22395516,hongjiacheng-H24VN10U/C22395516,https://wmsc.lcsc.com/wmsc/upload/file/pdf/v2/lcsc/2405091603_hongjiacheng-H24VN10U_C22395516.pdf,expand,0,2026-07-24 06:07:31,hongjiacheng,H24VN10U,DFN1006-2L,ESD and Surge Protection (TVS/ESD),-55℃~+125℃ 100nA 220W@8/20us 24V 25pF 30V 44V 5A@8/20us ESD IEC 61000-4-2、IEC 61000-4-5 Unidirectional DFN1006-2L ESD and Surge Protection (TVS/ESD) ROHS,丝印:24F 单向ESD 24V截止 峰值浪涌电流：5A@8/20us,0.0352,932,1,Circuit Protection,2026-06-07 09:28:36,20,0.704
C22395517,hongjiacheng-H4V5H16U/C22395517,https://wmsc.lcsc.com/wmsc/upload/file/pdf/v2/lcsc/2405091603_hongjiacheng-H4V5H16U_C22395517.pdf,expand,0,2026-07-24 06:07:31,hongjiacheng,H4V5H16U,DFN1610-2L,ESD and Surge Protection (TVS/ESD),-55℃~+125℃ 15V 185A@8/20us 2.775kW@8/20us 200nA 4.5V 650pF 7V ESD IEC 61000-4-2、IEC 61000-4-5 Unidirectional DFN1610-2L ESD and Surge Protection (TVS/ESD) ROHS,丝印:H4T 单向ESD 4.5V截止 峰值浪涌电流：185A@8/20us,0.0437,62859,1,Circuit Protection,2026-06-07 09:28:36,5,0.2185
C22395518,hongjiacheng-H4V5H22B/C22395518,https://wmsc.lcsc.com/wmsc/upload/file/pdf/v2/lcsc/2405091603_hongjiacheng-H4V5H22B_C22395518.pdf,expand,0,2026-07-24 06:07:31,hongjiacheng,H4V5H22B,DFN2020-3L,ESD and Surge Protection (TVS/ESD),-55℃~+125℃ 1uA 280A@8/20us 4.5V 5.88kW@8/20us 650pF 6V 8.5V、21V Bidirectional ESD IEC 61000-4-2、IEC 61000-4-5 DFN2020-3L ESD and Surge Protection (TVS/ESD) ROHS,丝印:42P 双向ESD 4.5V截止 峰值浪涌电流：280A@8/20us,0.1404,2495,1,Circuit Protection,2026-06-07 09:28:36,5,0.702
C22395519,hongjiacheng-H5VU10U/C22395519,https://wmsc.lcsc.com/wmsc/upload/file/pdf/v2/lcsc/2405091603_hongjiacheng-H5VU10U_C22395519.pdf,expand,0,2026-07-24 06:07:31,hongjiacheng,H5VU10U,DFN1006-2L,ESD and Surge Protection (TVS/ESD),-55℃~+125℃ 0.8pF 16V 200nA 55W@8/20us 5A@8/20us 5V 9V ESD IEC 61000-4-2、IEC 61000-4-5 Unidirectional DFN1006-2L ESD and Surge Protection (TVS/ESD) ROHS,丝印:5U 单向ESD 5V截止 峰值浪涌电流：5A@8/20us,0.0191,14584,1,Circuit Protection,2026-06-07 09:28:36,20,0.382
C22395520,hongjiacheng-H5VUT1B/C22395520,https://wmsc.lcsc.com/wmsc/upload/file/pdf/v2/lcsc/2405091603_hongjiacheng-H5VUT1B_C22395520.pdf,expand,0,2026-07-24 06:07:31,hongjiacheng,H5VUT1B,SOT-143,ESD and Surge Protection (TVS/ESD),-55℃~+125℃ 0.3pF、0.6pF 15V 500nA 5A@8/20us 5V 6V 75W@8/20us Bidirectional ESD IEC 61000-4-2、IEC 61000-4-5 SOT-143 ESD and Surge Protection (TVS/ESD) ROHS,丝印:ER5 双向ESD 5V截止 峰值浪涌电流：5A@8/20us,0.0667,5811,1,Circuit Protection,2026-06-07 09:28:36,5,0.3335
C22395521,hongjiacheng-BZX84C4V7/C22395521,https://wmsc.lcsc.com/wmsc/upload/file/pdf/v2/lcsc/2405091603_hongjiacheng-BZX84C4V7_C22395521.pdf,expand,0,2026-07-24 06:07:31,hongjiacheng,BZX84C4V7,SOT-23,Zener Diodes,-55℃~+150℃ 1 Independent 300mW 3uA 4.4V~5V 4.7V 500Ω 80Ω SOT-23 Zener Diodes ROHS,BZX84C4V7,0.0128,32806,1,Diodes,2026-06-07 09:28:36,10,0.128
C22395522,hongjiacheng-BZX84C8V2/C22395522,https://wmsc.lcsc.com/wmsc/upload/file/pdf/v2/lcsc/2405091603_hongjiacheng-BZX84C8V2_C22395522.pdf,expand,0,2026-07-24 06:07:31,hongjiacheng,BZX84C8V2,SOT-23,Zener Diodes,-55℃~+150℃ 1 Independent 15Ω 300mW 7.7V~8.7V 700nA 8.2V 80Ω SOT-23 Zener Diodes ROHS,BZX84C8V2,0.0165,11229,1,Diodes,2026-06-07 09:28:36,10,0.165
C22395523,hongjiacheng-MM1W3V3/C22395523,https://wmsc.lcsc.com/wmsc/upload/file/pdf/v2/lcsc/2405091603_hongjiacheng-MM1W3V3_C22395523.pdf,expand,0,2026-07-24 06:07:31,hongjiacheng,MM1W3V3,SOD-123,Zener Diodes,-55℃~+150℃ 1 Independent 100uA@1V 10Ω 1W 3.1V~3.5V 3.3V SOD-123 Zener Diodes ROHS,MM1W3V3,0.0445,9523,1,Diodes,2026-06-07 09:28:36,15,0.6675
C22395524,hongjiacheng-MM1W3V6/C22395524,https://wmsc.lcsc.com/wmsc/upload/file/pdf/v2/lcsc/2405091603_hongjiacheng-MM1W3V6_C22395524.pdf,expand,0,2026-07-24 06:07:31,hongjiacheng,MM1W3V6,SOD-123,Zener Diodes,-55℃~+150℃ 1 Independent 100uA@1V 10Ω 1W 3.4V~3.8V 3.6V SOD-123 Zener Diodes ROHS,MM1W3V6,0.0456,111086,1,Diodes,2026-06-07 09:28:36,15,0.684
C22395525,hongjiacheng-MM1W3V9/C22395525,https://wmsc.lcsc.com/wmsc/upload/file/pdf/v2/lcsc/2405091603_hongjiacheng-MM1W3V9_C22395525.pdf,expand,0,2026-07-24 06:07:31,hongjiacheng,MM1W3V9,SOD-123,Zener Diodes,-55℃~+150℃ 1 Independent 1W 3.7V~4.1V 3.9V 50uA@1V 9Ω SOD-123 Zener Diodes ROHS,MM1W3V9,0.0511,44164,1,Diodes,2026-06-07 09:28:36,15,0.7665
C22395526,hongjiacheng-MM1W5V1/C22395526,https://wmsc.lcsc.com/wmsc/upload/file/pdf/v2/lcsc/2405091603_hongjiacheng-MM1W5V1_C22395526.pdf,expand,0,2026-07-24 06:07:31,hongjiacheng,MM1W5V1,SOD-123,Zener Diodes,-55℃~+150℃ 1 Independent 10uA@1V 1W 4.84V~5.36V 5.1V 7Ω SOD-123 Zener Diodes ROHS,MM1W5V1,0.0353,0,254,Diodes,2026-06-07 09:28:36,258,9.1074
C22395527,hongjiacheng-MM1W10/C22395527,https://wmsc.lcsc.com/wmsc/upload/file/pdf/v2/lcsc/2405091603_hongjiacheng-MM1W10_C22395527.pdf,expand,0,2026-07-24 06:07:31,hongjiacheng,MM1W10,SOD-123,Zener Diodes,-55℃~+150℃ 1 Independent 10V 10uA@1V 1W 7Ω 9.5V~10.5V SOD-123 Zener Diodes ROHS,MM1W10,0.0539,3048,1,Diodes,2026-06-07 09:28:36,15,0.8085
C22395528,hongjiacheng-MM1W11/C22395528,https://wmsc.lcsc.com/wmsc/upload/file/pdf/v2/lcsc/2405091603_hongjiacheng-MM1W11_C22395528.pdf,expand,0,2026-07-24 06:07:31,hongjiacheng,MM1W11,SOD-123,Zener Diodes,-55℃~+150℃ 1 Independent 10.4V~11.6V 11V 1W 5uA@8V 8Ω SOD-123 Zener Diodes ROHS,MM1W11,0.0432,7130,1,Diodes,2026-06-07 09:28:36,15,0.648
C22395529,hongjiacheng-MM1W18/C22395529,https://wmsc.lcsc.com/wmsc/upload/file/pdf/v2/lcsc/2405091603_hongjiacheng-MM1W18_C22395529.pdf,expand,0,2026-07-24 06:07:31,hongjiacheng,MM1W18,SOD-123,Zener Diodes,-55℃~+150℃ 1 Independent 16.8V~19.2V 18V 1W 20Ω 5uA@5V SOD-123 Zener Diodes ROHS,MM1W18,0.0411,51652,1,Diodes,2026-06-07 09:28:36,5,0.2055
C22395530,hongjiacheng-MM1W22/C22395530,https://wmsc.lcsc.com/wmsc/upload/file/pdf/v2/lcsc/2405091603_hongjiacheng-MM1W22_C22395530.pdf,expand,0,2026-07-24 06:07:31,hongjiacheng,MM1W22,SOD-123,Zener Diodes,-55℃~+150℃ 1 Independent 1W 20.8V~23.3V 22V 23Ω 5uA@1V SOD-123 Zener Diodes ROHS,MM1W22,0.0205,7,1,Diodes,2026-06-07 09:28:36,15,0.3075
C22395531,hongjiacheng-MM1W24/C22395531,https://wmsc.lcsc.com/wmsc/upload/file/pdf/v2/lcsc/2405091603_hongjiacheng-MM1W24_C22395531.pdf,expand,0,2026-07-24 06:07:31,hongjiacheng,MM1W24,SOD-123,Zener Diodes,-55℃~+150℃ 1 Independent 1W 22.8V~26V 24V 25Ω 5uA SOD-123 Zener Diodes ROHS,MM1W24,0.0408,21812,1,Diodes,2026-06-07 09:28:36,15,0.612
C22395532,hongjiacheng-MM1W30/C22395532,https://wmsc.lcsc.com/wmsc/upload/file/pdf/v2/lcsc/2405091603_hongjiacheng-MM1W30_C22395532.pdf,expand,0,2026-07-24 06:07:31,hongjiacheng,MM1W30,SOD-123,Zener Diodes,-55℃~+150℃ 1 Independent 1W 28.2V~32V 30V 40Ω 5uA@5V SOD-123 Zener Diodes ROHS,MM1W30,0.049,68947,1,Diodes,2026-06-07 09:28:36,15,0.735
C22395533,hongjiacheng-MM1W82/C22395533,https://wmsc.lcsc.com/wmsc/upload/file/pdf/v2/lcsc/2405091603_hongjiacheng-MM1W82_C22395533.pdf,expand,0,2026-07-24 06:07:31,hongjiacheng,MM1W82,SOD-123,Zener Diodes,-55℃~+150℃ 1 Independent 1W 1uA@1V 200Ω 77.9V~87V 82V SOD-123 Zener Diodes ROHS,MM1W82,0.0398,186,1,Diodes,2026-06-07 09:28:36,5,0.199
C22395534,hongjiacheng-MM1Z2V0B/C22395534,https://wmsc.lcsc.com/wmsc/upload/file/pdf/v2/lcsc/2405091603_hongjiacheng-MM1Z2V0B_C22395534.pdf,expand,0,2026-07-24 06:07:31,hongjiacheng,MM1Z2V0B,SOD-123,Zener Diodes,-55℃~+150℃ 1 Independent 1.96V~2.04V 100Ω 120uA@0.5V 2V 500mW SOD-123 Zener Diodes ROHS,MM1Z2V0B,0.0253,29947,1,Diodes,2026-06-07 09:28:36,15,0.3795
C22395535,hongjiacheng-MM1Z2V7B/C22395535,https://wmsc.lcsc.com/wmsc/upload/file/pdf/v2/lcsc/2405091603_hongjiacheng-MM1Z2V7B_C22395535.pdf,expand,0,2026-07-24 06:07:31,hongjiacheng,MM1Z2V7B,SOD-123,Zener Diodes,-55℃~+150℃ 1 Independent 110Ω 120uA@1V 2.65V~2.75V 2.7V 500mW SOD-123 Zener Diodes ROHS,MM1Z2V7B,0.02,3253,1,Diodes,2026-06-07 09:28:36,15,0.3
C22395536,hongjiacheng-MM1Z5V6B/C22395536,https://wmsc.lcsc.com/wmsc/upload/file/pdf/v2/lcsc/2405091603_hongjiacheng-MM1Z5V6B_C22395536.pdf,expand,0,2026-07-24 06:07:31,hongjiacheng,MM1Z5V6B,SOD-123,Zener Diodes,-55℃~+150℃ 1 Independent 1uA@2.5V 5.49V~5.71V 5.6V 500mW 80Ω SOD-123 Zener Diodes ROHS,MM1Z5V6B,0.0179,37811,1,Diodes,2026-06-07 09:28:36,15,0.2685
C22395537,hongjiacheng-MM1Z7V5B/C22395537,https://wmsc.lcsc.com/wmsc/upload/file/pdf/v2/lcsc/2405091603_hongjiacheng-MM1Z7V5B_C22395537.pdf,expand,0,2026-07-24 06:07:31,hongjiacheng,MM1Z7V5B,SOD-123,Zener Diodes,-55℃~+150℃ 1 Independent 30Ω 500mW 500nA@4V 7.35V~7.65V 7.5V SOD-123 Zener Diodes ROHS,MM1Z7V5B,0.051,191,1,Diodes,2026-06-07 09:28:36,15,0.765
C22395538,hongjiacheng-MM1Z5V1/C22395538,https://wmsc.lcsc.com/wmsc/upload/file/pdf/v2/lcsc/2405091603_hongjiacheng-MM1Z5V1_C22395538.pdf,expand,0,2026-07-24 06:07:31,hongjiacheng,MM1Z5V1,SOD-123,Zener Diodes,-55℃~+150℃ 1 Independent 130Ω 2uA@1.5V 4.8V~5.4V 5.1V 500mW SOD-123 Zener Diodes ROHS,MM1Z5V1,0.0213,109482,1,Diodes,2026-06-07 09:28:36,15,0.3195
C22395539,hongjiacheng-MM1Z5V6/C22395539,https://wmsc.lcsc.com/wmsc/upload/file/pdf/v2/lcsc/2405091603_hongjiacheng-MM1Z5V6_C22395539.pdf,expand,0,2026-07-24 06:07:31,hongjiacheng,MM1Z5V6,SOD-123,Zener Diodes,-55℃~+150℃ 1 Independent 1uA@2.5V 5.2V~6V 5.6V 500mW 80Ω SOD-123 Zener Diodes ROHS,MM1Z5V6,0.0213,94958,1,Diodes,2026-06-07 09:28:36,15,0.3195
C22395540,hongjiacheng-MM1Z62/C22395540,https://wmsc.lcsc.com/wmsc/upload/file/pdf/v2/lcsc/2405091603_hongjiacheng-MM1Z62_C22395540.pdf,expand,0,2026-07-24 06:07:31,hongjiacheng,MM1Z62,SOD-123,Zener Diodes,-55℃~+150℃ 1 Independent 200nA@47V 200Ω 500mW 58V~66V 62V SOD-123 Zener Diodes ROHS,MM1Z62,0.0202,942,1,Diodes,2026-06-07 09:28:36,15,0.303
C22395541,hongjiacheng-MM1W75/C22395541,https://wmsc.lcsc.com/wmsc/upload/file/pdf/v2/lcsc/2405091603_hongjiacheng-MM1W75_C22395541.pdf,expand,0,2026-07-24 06:07:31,hongjiacheng,MM1W75,SOD-123,Zener Diodes,-55℃~+150℃ 1 Independent 175Ω 1W 1uA@56V 71.2V~78.8V 75V SOD-123 Zener Diodes ROHS,MM1W75,0.0453,5999,1,Diodes,2026-06-07 09:28:36,15,0.6795
C22395542,hongjiacheng-MM3Z51/C22395542,https://wmsc.lcsc.com/wmsc/upload/file/pdf/v2/lcsc/2405091603_hongjiacheng-MM3Z51_C22395542.pdf,expand,0,2026-07-24 06:07:31,hongjiacheng,MM3Z51,SOD-323,Zener Diodes,-55℃~+150℃ 1 Independent 180Ω 200mW 48V~54V 500Ω 50nA@35.7V 51V SOD-323 Zener Diodes ROHS,MM3Z51,0.0213,10015,1,Diodes,2026-06-07 09:28:36,20,0.426
C22395543,hongjiacheng-MMBZ5226B/C22395543,https://wmsc.lcsc.com/wmsc/upload/file/pdf/v2/lcsc/2405291522_hongjiacheng-MMBZ5226B_C22395543.pdf,expand,0,2026-07-24 06:07:31,hongjiacheng,MMBZ5226B,SOT-23,Zener Diodes,-55℃~+150℃ 1 Independent 1.6kΩ 25uA@1V 28Ω 3.14V~3.47V 3.3V 300mW SOT-23 Zener Diodes ROHS,MMBZ5226B,0.0197,3950,1,Diodes,2026-06-07 09:28:36,10,0.197
C22395546,hongjiacheng-MMSZ4685/C22395546,https://wmsc.lcsc.com/wmsc/upload/file/pdf/v2/lcsc/2407101109_hongjiacheng-MMSZ4685_C22395546.pdf,expand,0,2026-07-24 06:07:31,hongjiacheng,MMSZ4685,SOD-123,Zener Diodes,-55℃~+150℃ 1 Independent 3.42V~3.78V 3.6V 500mW 7.5uA@2V SOD-123 Zener Diodes ROHS,MMSZ4685,0.0195,21166,1,Diodes,2026-06-07 09:28:36,15,0.2925
C22395547,hongjiacheng-MMSZ4688/C22395547,https://wmsc.lcsc.com/wmsc/upload/file/pdf/v2/lcsc/2407101109_hongjiacheng-MMSZ4688_C22395547.pdf,expand,0,2026-07-24 06:07:31,hongjiacheng,MMSZ4688,SOD-123,Zener Diodes,-55℃~+150℃ 1 Independent 10uA@3V 4.47V~4.94V 4.7V 500mW SOD-123 Zener Diodes ROHS,MMSZ4688,0.0218,35700,1,Diodes,2026-06-07 09:28:36,15,0.327
C22395549,hongjiacheng-MMSZ4691/C22395549,https://wmsc.lcsc.com/wmsc/upload/file/pdf/v2/lcsc/2407101109_hongjiacheng-MMSZ4691_C22395549.pdf,expand,0,2026-07-24 06:07:31,hongjiacheng,MMSZ4691,SOD-123,Zener Diodes,-55℃~+150℃ 1 Independent 10uA@5V 5.89V~6.51V 500mW 6.2V SOD-123 Zener Diodes ROHS,MMSZ4691,0.0216,9654,1,Diodes,2026-06-07 09:28:36,15,0.324
C22395550,hongjiacheng-MMSZ4692/C22395550,https://wmsc.lcsc.com/wmsc/upload/file/pdf/v2/lcsc/2407101109_hongjiacheng-MMSZ4692_C22395550.pdf,expand,0,2026-07-24 06:07:31,hongjiacheng,MMSZ4692,SOD-123,Zener Diodes,-55℃~+150℃ 1 Independent 10uA@5.1V 500mW 6.46V~7.14V 6.8V SOD-123 Zener Diodes ROHS,MMSZ4692,0.0363,3250,1,Diodes,2026-06-07 09:28:36,15,0.5445
C22395551,hongjiacheng-MMSZ4699/C22395551,https://wmsc.lcsc.com/wmsc/upload/file/pdf/v2/lcsc/2407101109_hongjiacheng-MMSZ4699_C22395551.pdf,expand,0,2026-07-24 06:07:31,hongjiacheng,MMSZ4699,SOD-123,Zener Diodes,-55℃~+150℃ 1 Independent 11.4V~12.6V 12V 500mW 50nA@9.1V SOD-123 Zener Diodes ROHS,MMSZ4699,0.0245,45035,1,Diodes,2026-06-07 09:28:36,15,0.3675
C22395553,hongjiacheng-MMSZ5227B/C22395553,https://wmsc.lcsc.com/wmsc/upload/file/pdf/v2/lcsc/2405091603_hongjiacheng-MMSZ5227B_C22395553.pdf,expand,0,2026-07-24 06:07:31,hongjiacheng,MMSZ5227B,SOD-123,Zener Diodes,-55℃~+150℃ 1 Independent 15uA@1V 24Ω 3.42V~3.78V 3.6V 500mW SOD-123 Zener Diodes ROHS,MMSZ5227B,0.0199,12878,1,Diodes,2026-06-07 09:28:36,15,0.2985
C22395554,hongjiacheng-MMSZ5230B/C22395554,https://wmsc.lcsc.com/wmsc/upload/file/pdf/v2/lcsc/2405091603_hongjiacheng-MMSZ5230B_C22395554.pdf,expand,0,2026-07-24 06:07:31,hongjiacheng,MMSZ5230B,SOD-123,Zener Diodes,-55℃~+150℃ 1 Independent 19Ω 4.47V~4.94V 4.7V 500mW 5uA@2V SOD-123 Zener Diodes ROHS,MMSZ5230B,0.0237,24997,1,Diodes,2026-06-07 09:28:36,15,0.3555
C22395555,hongjiacheng-MMSZ5234B/C22395555,https://wmsc.lcsc.com/wmsc/upload/file/pdf/v2/lcsc/2405091603_hongjiacheng-MMSZ5234B_C22395555.pdf,expand,0,2026-07-24 06:07:31,hongjiacheng,MMSZ5234B,SOD-123,Zener Diodes,-55℃~+150℃ 1 Independent 5.89V~6.51V 500mW 5uA@4V 6.2V 7Ω SOD-123 Zener Diodes ROHS,MMSZ5234B,0.0218,2830,1,Diodes,2026-06-07 09:28:36,15,0.327
C22395556,hongjiacheng-MMSZ5236B/C22395556,https://wmsc.lcsc.com/wmsc/upload/file/pdf/v2/lcsc/2405091603_hongjiacheng-MMSZ5236B_C22395556.pdf,expand,0,2026-07-24 06:07:31,hongjiacheng,MMSZ5236B,SOD-123,Zener Diodes,-55℃~+150℃ 1 Independent 3uA@6V 500mW 6Ω 7.13V~7.88V 7.5V SOD-123 Zener Diodes ROHS,MMSZ5236B,0.0216,902,1,Diodes,2026-06-07 09:28:36,15,0.324
C22395557,hongjiacheng-MMSZ5237B/C22395557,https://wmsc.lcsc.com/wmsc/upload/file/pdf/v2/lcsc/2405091603_hongjiacheng-MMSZ5237B_C22395557.pdf,expand,0,2026-07-24 06:07:31,hongjiacheng,MMSZ5237B,SOD-123,Zener Diodes,-55℃~+150℃ 1 Independent 3uA@6.5V 500mW 7.79V~8.61V 8.2V 8Ω SOD-123 Zener Diodes ROHS,MMSZ5237B,0.0195,15366,1,Diodes,2026-06-07 09:28:36,15,0.2925
C22395558,hongjiacheng-MMSZ5239B/C22395558,https://wmsc.lcsc.com/wmsc/upload/file/pdf/v2/lcsc/2405091603_hongjiacheng-MMSZ5239B_C22395558.pdf,expand,0,2026-07-24 06:07:31,hongjiacheng,MMSZ5239B,SOD-123,Zener Diodes,-55℃~+150℃ 1 Independent 10Ω 3uA@7V 500mW 8.65V~9.56V 9.1V SOD-123 Zener Diodes ROHS,MMSZ5239B,0.0199,319,451,Diodes,2026-06-07 09:28:36,455,9.0545
C22395559,hongjiacheng-MMSZ5241B/C22395559,https://wmsc.lcsc.com/wmsc/upload/file/pdf/v2/lcsc/2405091603_hongjiacheng-MMSZ5241B_C22395559.pdf,expand,0,2026-07-24 06:07:31,hongjiacheng,MMSZ5241B,SOD-123,Zener Diodes,-55℃~+150℃ 1 Independent 10.45V~11.55V 11V 22Ω 2uA@8.4V 500mW SOD-123 Zener Diodes ROHS,MMSZ5241B,0.0195,3931,1,Diodes,2026-06-07 09:28:36,15,0.2925
C22395560,hongjiacheng-MMSZ5251B/C22395560,https://wmsc.lcsc.com/wmsc/upload/file/pdf/v2/lcsc/2405091603_hongjiacheng-MMSZ5251B_C22395560.pdf,expand,0,2026-07-24 06:07:31,hongjiacheng,MMSZ5251B,SOD-123,Zener Diodes,-55℃~+150℃ 1 Independent 100nA@17V 20.9V~23.1V 22V 29Ω 500mW SOD-123 Zener Diodes ROHS,MMSZ5251B,0.0197,2000,1,Diodes,2026-06-07 09:28:36,15,0.2955
C22395561,hongjiacheng-MMSZ5254B/C22395561,https://wmsc.lcsc.com/wmsc/upload/file/pdf/v2/lcsc/2405091603_hongjiacheng-MMSZ5254B_C22395561.pdf,expand,0,2026-07-24 06:07:31,hongjiacheng,MMSZ5254B,SOD-123,Zener Diodes,-55℃~+150℃ 1 Independent 100nA@21V 25.65V~28.35V 27V 500mW 600Ω SOD-123 Zener Diodes ROHS,MMSZ5254B,0.0221,6516,1,Diodes,2026-06-07 09:28:36,15,0.3315
C22395562,hongjiacheng-MMSZ5231BS/C22395562,https://wmsc.lcsc.com/wmsc/upload/file/pdf/v2/lcsc/2405091603_hongjiacheng-MMSZ5231BS_C22395562.pdf,expand,0,2026-07-24 06:07:31,hongjiacheng,MMSZ5231BS,SOD-323,Zener Diodes,-55℃~+150℃ 1 Independent 1.6kΩ 17Ω 200mW 4.85V~5.36V 5.1V 5uA@2V SOD-323 Zener Diodes ROHS,MMSZ5231BS,0.0197,4757,1,Diodes,2026-06-07 09:28:36,20,0.394
C22395563,hongjiacheng-MMSZ5232BS/C22395563,https://wmsc.lcsc.com/wmsc/upload/file/pdf/v2/lcsc/2405091603_hongjiacheng-MMSZ5232BS_C22395563.pdf,expand,0,2026-07-24 06:07:31,hongjiacheng,MMSZ5232BS,SOD-323,Zener Diodes,-55℃~+150℃ 1 Independent 1.6kΩ 11Ω 200mW 5.32V~5.88V 5.6V 5uA@3V SOD-323 Zener Diodes ROHS,MMSZ5232BS,0.0194,886,1,Diodes,2026-06-07 09:28:36,20,0.388
C22395564,hongjiacheng-MMSZ5239BS/C22395564,https://wmsc.lcsc.com/wmsc/upload/file/pdf/v2/lcsc/2405091603_hongjiacheng-MMSZ5239BS_C22395564.pdf,expand,0,2026-07-24 06:07:31,hongjiacheng,MMSZ5239BS,SOD-323,Zener Diodes,-55℃~+150℃ 1 Independent 10Ω 200mW 3uA@7V 600Ω 8.65V~9.56V 9.1V SOD-323 Zener Diodes ROHS,MMSZ5239BS,0.0377,2663,1,Diodes,2026-06-07 09:28:36,20,0.754
C22395565,hongjiacheng-MMSZ5246BS/C22395565,https://wmsc.lcsc.com/wmsc/upload/file/pdf/v2/lcsc/2405091603_hongjiacheng-MMSZ5246BS_C22395565.pdf,expand,0,2026-07-24 06:07:31,hongjiacheng,MMSZ5246BS,SOD-323,Zener Diodes,-55℃~+150℃ 1 Independent 100nA@12V 15.2V~16.8V 16V 17Ω 200mW 600Ω SOD-323 Zener Diodes ROHS,MMSZ5246BS,0.02,163561,1,Diodes,2026-06-07 09:28:36,20,0.4
C22395566,hongjiacheng-MMSZ5248BS/C22395566,https://wmsc.lcsc.com/wmsc/upload/file/pdf/v2/lcsc/2405091603_hongjiacheng-MMSZ5248BS_C22395566.pdf,expand,0,2026-07-24 06:07:31,hongjiacheng,MMSZ5248BS,SOD-323,Zener Diodes,-55℃~+150℃ 1 Independent 100nA@14V 17.1V~18.9V 18V 200mW 21Ω 600Ω SOD-323 Zener Diodes ROHS,MMSZ5248BS,0.0186,1690,1,Diodes,2026-06-07 09:28:36,20,0.372
C22395567,hongjiacheng-MMSZ5250BS/C22395567,https://wmsc.lcsc.com/wmsc/upload/file/pdf/v2/lcsc/2405091603_hongjiacheng-MMSZ5250BS_C22395567.pdf,expand,0,2026-07-24 06:07:31,hongjiacheng,MMSZ5250BS,SOD-323,Zener Diodes,-55℃~+150℃ 1 Independent 100nA 19V~21V 200mW 20V 25Ω 600Ω SOD-323 Zener Diodes ROHS,MMSZ5250BS,0.0224,14684,1,Diodes,2026-06-07 09:28:36,20,0.448
C22395568,hongjiacheng-BZT52B10/C22395568,https://wmsc.lcsc.com/wmsc/upload/file/pdf/v2/lcsc/2405291523_hongjiacheng-BZT52B10_C22395568.pdf,expand,0,2026-07-24 06:07:31,hongjiacheng,BZT52B10,SOD-123,Zener Diodes,-55℃~+150℃ 1 Independent 10V 150Ω 200nA@7V 20Ω 500mW 9.8V~10.2V SOD-123 Zener Diodes ROHS,BZT52B10,0.0178,16781,1,Diodes,2026-06-07 09:28:36,15,0.267
C22395569,hongjiacheng-BZT52B12/C22395569,https://wmsc.lcsc.com/wmsc/upload/file/pdf/v2/lcsc/2405291523_hongjiacheng-BZT52B12_C22395569.pdf,expand,0,2026-07-24 06:07:31,hongjiacheng,BZT52B12,SOD-123,Zener Diodes,-55℃~+150℃ 1 Independent 100nA@8V 11.76V~12.24V 12V 150Ω 25Ω 500mW SOD-123 Zener Diodes ROHS,BZT52B12,0.0197,155830,1,Diodes,2026-06-07 09:28:36,15,0.2955
C22395570,hongjiacheng-BZT52B15/C22395570,https://wmsc.lcsc.com/wmsc/upload/file/pdf/v2/lcsc/2405291523_hongjiacheng-BZT52B15_C22395570.pdf,expand,0,2026-07-24 06:07:31,hongjiacheng,BZT52B15,SOD-123,Zener Diodes,-55℃~+150℃ 1 Independent 100nA@10.5V 14.7V~15.3V 15V 200Ω 30Ω 500mW SOD-123 Zener Diodes ROHS,BZT52B15,0.0202,24943,1,Diodes,2026-06-07 09:28:36,15,0.303
C22395571,hongjiacheng-BZT52C43/C22395571,https://wmsc.lcsc.com/wmsc/upload/file/pdf/v2/lcsc/2405091603_hongjiacheng-BZT52C43_C22395571.pdf,expand,0,2026-07-24 06:07:31,hongjiacheng,BZT52C43,SOD-123,Zener Diodes,-55℃~+150℃ 1 Independent 100nA@32V 100Ω 350mW 40.85V~45.15V 43V 700Ω SOD-123 Zener Diodes ROHS,BZT52C43,0.0183,30382,1,Diodes,2026-06-07 09:28:36,15,0.2745
C22395572,hongjiacheng-BZT52B12S/C22395572,https://wmsc.lcsc.com/wmsc/upload/file/pdf/v2/lcsc/2405291522_hongjiacheng-BZT52B12S_C22395572.pdf,expand,0,2026-07-24 06:07:31,hongjiacheng,BZT52B12S,SOD-323,Zener Diodes,-55℃~+150℃ 1 Independent 100nA 11.76V~12.24V 12V 150Ω 200mW 25Ω SOD-323 Zener Diodes ROHS,BZT52B12S,0.0197,21794,1,Diodes,2026-06-07 09:28:36,20,0.394
C22395573,hongjiacheng-BZX584C2V4/C22395573,https://wmsc.lcsc.com/wmsc/upload/file/pdf/v2/lcsc/2405111114_hongjiacheng-BZX584C2V4_C22395573.pdf,expand,0,2026-07-24 06:07:31,hongjiacheng,BZX584C2V4,SOD-523,Zener Diodes,-55℃~+150℃ 1 Independent 100Ω 150mW 2.2V~2.6V 2.4V 50uA@1V 600Ω SOD-523 Zener Diodes ROHS,BZX584C2V4,0.0242,150306,1,Diodes,2026-06-07 09:28:36,20,0.484
C22395574,hongjiacheng-BZX584C3V6/C22395574,https://wmsc.lcsc.com/wmsc/upload/file/pdf/v2/lcsc/2405111114_hongjiacheng-BZX584C3V6_C22395574.pdf,expand,0,2026-07-24 06:07:31,hongjiacheng,BZX584C3V6,SOD-523,Zener Diodes,-55℃~+150℃ 1 Independent 150mW 3.4V~3.8V 3.6V 5uA@1V 600Ω 90Ω SOD-523 Zener Diodes ROHS,BZX584C3V6,0.026,15517,1,Diodes,2026-06-07 09:28:36,20,0.52
C22395575,hongjiacheng-BZX584C3V9/C22395575,https://wmsc.lcsc.com/wmsc/upload/file/pdf/v2/lcsc/2405091603_hongjiacheng-BZX584C3V9_C22395575.pdf,expand,0,2026-07-24 06:07:31,hongjiacheng,BZX584C3V9,SOD-523,Zener Diodes,-55℃~+150℃ 1 Independent 150mW 3.7V~4.1V 3.9V 3uA@1V 600Ω 90Ω SOD-523 Zener Diodes ROHS,BZX584C3V9,0.0237,13658,1,Diodes,2026-06-07 09:28:36,20,0.474
C22395576,hongjiacheng-BZX584C4V3/C22395576,https://wmsc.lcsc.com/wmsc/upload/file/pdf/v2/lcsc/2405091603_hongjiacheng-BZX584C4V3_C22395576.pdf,expand,0,2026-07-24 06:07:31,hongjiacheng,BZX584C4V3,SOD-523,Zener Diodes,-55℃~+150℃ 1 Independent 150mW 3uA@1V 4.3V 4V~4.6V 600Ω 90Ω SOD-523 Zener Diodes ROHS,BZX584C4V3,0.0268,1244,1,Diodes,2026-06-07 09:28:36,20,0.536
C22395577,hongjiacheng-BZX584C10/C22395577,https://wmsc.lcsc.com/wmsc/upload/file/pdf/v2/lcsc/2405091603_hongjiacheng-BZX584C10_C22395577.pdf,expand,0,2026-07-24 06:07:31,hongjiacheng,BZX584C10,SOD-523,Zener Diodes,-55℃~+150℃ 1 Independent 10V 150mW 150Ω 200nA@7V 20Ω 9.4V~10.6V SOD-523 Zener Diodes ROHS,BZX584C10,0.021,14879,1,Diodes,2026-06-07 09:28:36,20,0.42
C22395578,hongjiacheng-BZX584C11/C22395578,https://wmsc.lcsc.com/wmsc/upload/file/pdf/v2/lcsc/2405091603_hongjiacheng-BZX584C11_C22395578.pdf,expand,0,2026-07-24 06:07:31,hongjiacheng,BZX584C11,SOD-523,Zener Diodes,-55℃~+150℃ 1 Independent 10.4V~11.6V 100nA@8V 11V 150mW 150Ω 20Ω SOD-523 Zener Diodes ROHS,BZX584C11,0.0197,13744,1,Diodes,2026-06-07 09:28:36,20,0.394
C22395579,hongjiacheng-BZX584C12/C22395579,https://wmsc.lcsc.com/wmsc/upload/file/pdf/v2/lcsc/2405091603_hongjiacheng-BZX584C12_C22395579.pdf,expand,0,2026-07-24 06:07:31,hongjiacheng,BZX584C12,SOD-523,Zener Diodes,-55℃~+150℃ 1 Independent 100nA@8V 11.4V~12.7V 12V 150mW 150Ω 25Ω SOD-523 Zener Diodes ROHS,BZX584C12,0.0226,25466,1,Diodes,2026-06-07 09:28:36,20,0.452
C22395580,hongjiacheng-BZX584C13/C22395580,https://wmsc.lcsc.com/wmsc/upload/file/pdf/v2/lcsc/2405091603_hongjiacheng-BZX584C13_C22395580.pdf,expand,0,2026-07-24 06:07:31,hongjiacheng,BZX584C13,SOD-523,Zener Diodes,-55℃~+150℃ 1 Independent 100nA@8V 12.4V~14.1V 13V 150mW 170Ω 30Ω SOD-523 Zener Diodes ROHS,BZX584C13,0.0207,2637,1,Diodes,2026-06-07 09:28:36,20,0.414
C22395581,hongjiacheng-BZX584C18/C22395581,https://wmsc.lcsc.com/wmsc/upload/file/pdf/v2/lcsc/2405091603_hongjiacheng-BZX584C18_C22395581.pdf,expand,0,2026-07-24 06:07:31,hongjiacheng,BZX584C18,SOD-523,Zener Diodes,-55℃~+150℃ 1 Independent 100nA@12.6V 150mW 16.8V~19.1V 18V 225Ω 45Ω SOD-523 Zener Diodes ROHS,BZX584C18,0.0221,64383,1,Diodes,2026-06-07 09:28:36,20,0.442
C22395582,hongjiacheng-BZX584C39/C22395582,https://wmsc.lcsc.com/wmsc/upload/file/pdf/v2/lcsc/2405091603_hongjiacheng-BZX584C39_C22395582.pdf,expand,0,2026-07-24 06:07:31,hongjiacheng,BZX584C39,SOD-523,Zener Diodes,-55℃~+150℃ 1 Independent 100nA@27.3V 130Ω 150mW 350Ω 37V~41V 39V SOD-523 Zener Diodes ROHS,BZX584C39,0.0202,15233,1,Diodes,2026-06-07 09:28:36,20,0.404
C22399881,hongjiacheng-BZT52B5V6/C22399881,https://wmsc.lcsc.com/wmsc/upload/file/pdf/v2/lcsc/2405291523_hongjiacheng-BZT52B5V6_C22399881.pdf,expand,0,2026-07-24 06:07:31,hongjiacheng,BZT52B5V6,SOD-123,Zener Diodes,-55℃~+150℃ 1 Independent 1uA@2V 400Ω 40Ω 5.49V~5.71V 5.6V 500mW SOD-123 Zener Diodes ROHS,BZT52B5V6,0.0184,132828,1,Diodes,2026-06-07 09:28:36,15,0.276
C22399882,hongjiacheng-BZT52B8V2/C22399882,https://wmsc.lcsc.com/wmsc/upload/file/pdf/v2/lcsc/2405291523_hongjiacheng-BZT52B8V2_C22399882.pdf,expand,0,2026-07-24 06:07:31,hongjiacheng,BZT52B8V2,SOD-123,Zener Diodes,-55℃~+150℃ 1 Independent 15Ω 500mW 700nA@5V 8.04V~8.36V 8.2V 80Ω SOD-123 Zener Diodes ROHS,BZT52B8V2,0.0236,212410,1,Diodes,2026-06-07 09:28:36,15,0.354
C22399883,hongjiacheng-BZT52B13/C22399883,https://wmsc.lcsc.com/wmsc/upload/file/pdf/v2/lcsc/2405291522_hongjiacheng-BZT52B13_C22399883.pdf,expand,0,2026-07-24 06:07:31,hongjiacheng,BZT52B13,SOD-123,Zener Diodes,-55℃~+150℃ 1 Independent 100nA@8V 12.74V~13.26V 13V 170Ω 30Ω 500mW SOD-123 Zener Diodes ROHS,BZT52B13,0.0191,5764,1,Diodes,2026-06-07 09:28:36,15,0.2865
C22399884,hongjiacheng-BZT52B8V2S/C22399884,https://wmsc.lcsc.com/wmsc/upload/file/pdf/v2/lcsc/2405291522_hongjiacheng-BZT52B8V2S_C22399884.pdf,expand,0,2026-07-24 06:07:31,hongjiacheng,BZT52B8V2S,SOD-323,Zener Diodes,-55℃~+150℃ 1 Independent 15Ω 200mW 700nA 8.04V~8.26V 8.2V 80Ω SOD-323 Zener Diodes ROHS,BZT52B8V2S,0.0186,4951,1,Diodes,2026-06-07 09:28:36,20,0.372
C22399885,hongjiacheng-BZT52B9V1S/C22399885,https://wmsc.lcsc.com/wmsc/upload/file/pdf/v2/lcsc/2405291522_hongjiacheng-BZT52B9V1S_C22399885.pdf,expand,0,2026-07-24 06:07:31,hongjiacheng,BZT52B9V1S,SOD-323,Zener Diodes,-55℃~+150℃ 1 Independent 100Ω 15Ω 200mW 500nA 8.92V~9.28V 9.1V SOD-323 Zener Diodes ROHS,BZT52B9V1S,0.0181,10161,1,Diodes,2026-06-07 09:28:36,20,0.362
C22399886,hongjiacheng-BZT52B10S/C22399886,https://wmsc.lcsc.com/wmsc/upload/file/pdf/v2/lcsc/2405291522_hongjiacheng-BZT52B10S_C22399886.pdf,expand,0,2026-07-24 06:07:31,hongjiacheng,BZT52B10S,SOD-323,Zener Diodes,-55℃~+150℃ 1 Independent 10V 150Ω 200mW 200nA@7V 20Ω 9.8V~10.2V SOD-323 Zener Diodes ROHS,BZT52B10S,0.0176,1272,1,Diodes,2026-06-07 09:28:36,20,0.352
C22399887,hongjiacheng-BZT52C47/C22399887,https://wmsc.lcsc.com/wmsc/upload/file/pdf/v2/lcsc/2405161557_hongjiacheng-BZT52C47_C22399887.pdf,expand,0,2026-07-24 06:07:31,hongjiacheng,BZT52C47,SOD-123,Zener Diodes,-55℃~+150℃ 1 Independent 100nA 100Ω 350mW 44.65V~49.35V 47V 750Ω SOD-123 Zener Diodes ROHS,BZT52C47,0.0194,16107,1,Diodes,2026-06-07 09:28:36,15,0.291
C22399888,hongjiacheng-BZT52C4V3S/C22399888,https://wmsc.lcsc.com/wmsc/upload/file/pdf/v2/lcsc/2405161557_hongjiacheng-BZT52C4V3S_C22399888.pdf,expand,0,2026-07-24 06:07:31,hongjiacheng,BZT52C4V3S,SOD-323,Zener Diodes,-55℃~+150℃ 1 Independent 200mW 3uA 4.3V 4V~4.6V 600Ω 90Ω SOD-323 Zener Diodes ROHS,BZT52C4V3S,0.0174,879558,1,Diodes,2026-06-07 09:28:36,20,0.348
C22399889,hongjiacheng-BZT52C13S/C22399889,https://wmsc.lcsc.com/wmsc/upload/file/pdf/v2/lcsc/2405161557_hongjiacheng-BZT52C13S_C22399889.pdf,expand,0,2026-07-24 06:07:31,hongjiacheng,BZT52C13S,SOD-323,Zener Diodes,-55℃~+150℃ 1 Independent 100nA@8V 12.4V~14.1V 13V 170Ω 200mW 30Ω SOD-323 Zener Diodes ROHS,BZT52C13S,0.0189,9894,1,Diodes,2026-06-07 09:28:36,20,0.378
C22399890,hongjiacheng-MM3Z15/C22399890,https://wmsc.lcsc.com/wmsc/upload/file/pdf/v2/lcsc/2405161557_hongjiacheng-MM3Z15_C22399890.pdf,expand,0,2026-07-24 06:07:31,hongjiacheng,MM3Z15,SOD-323,Zener Diodes,-55℃~+150℃ 1 Independent 13.8V~15.6V 15V 200mW 30Ω 400Ω 50nA@10.5V SOD-323 Zener Diodes ROHS,MM3Z15,0.0203,15345,1,Diodes,2026-06-07 09:28:36,20,0.406
C22399891,hongjiacheng-MM3Z4V7/C22399891,https://wmsc.lcsc.com/wmsc/upload/file/pdf/v2/lcsc/2405161557_hongjiacheng-MM3Z4V7_C22399891.pdf,expand,0,2026-07-24 06:07:31,hongjiacheng,MM3Z4V7,SOD-323,Zener Diodes,-55℃~+150℃ 1 Independent 200mW 3uA@2V 4.4V~5V 4.7V 800Ω 80Ω SOD-323 Zener Diodes ROHS,MM3Z4V7,0.0132,35998,1,Diodes,2026-06-07 09:28:36,20,0.264
C22399892,hongjiacheng-MM3Z56/C22399892,https://wmsc.lcsc.com/wmsc/upload/file/pdf/v2/lcsc/2405161557_hongjiacheng-MM3Z56_C22399892.pdf,expand,0,2026-07-24 06:07:31,hongjiacheng,MM3Z56,SOD-323,Zener Diodes,-55℃~+150℃ 1 Independent 200mW 200Ω 500Ω 50nA 52V~60V 56V SOD-323 Zener Diodes ROHS,MM3Z56,0.0218,217,1,Diodes,2026-06-07 09:28:36,20,0.436
C22399893,hongjiacheng-MM3Z9V1/C22399893,https://wmsc.lcsc.com/wmsc/upload/file/pdf/v2/lcsc/2405161557_hongjiacheng-MM3Z9V1_C22399893.pdf,expand,0,2026-07-24 06:07:31,hongjiacheng,MM3Z9V1,SOD-323,Zener Diodes,-55℃~+150℃ 1 Independent 15Ω 160Ω 200mW 200nA 8.5V~9.6V 9.1V SOD-323 Zener Diodes ROHS,MM3Z9V1,0.0186,10238,1,Diodes,2026-06-07 09:28:36,20,0.372
C22399894,hongjiacheng-MMSZ5225B/C22399894,https://wmsc.lcsc.com/wmsc/upload/file/pdf/v2/lcsc/2405161556_hongjiacheng-MMSZ5225B_C22399894.pdf,expand,0,2026-07-24 06:07:31,hongjiacheng,MMSZ5225B,SOD-123,Zener Diodes,-55℃~+150℃ 1 Independent 2.85V~3.15V 30Ω 3V 500mW 50uA@1V SOD-123 Zener Diodes ROHS,MMSZ5225B,0.0195,17018,1,Diodes,2026-06-07 09:28:36,15,0.2925
C22399895,hongjiacheng-MMSZ5228B/C22399895,https://wmsc.lcsc.com/wmsc/upload/file/pdf/v2/lcsc/2405161556_hongjiacheng-MMSZ5228B_C22399895.pdf,expand,0,2026-07-24 06:07:31,hongjiacheng,MMSZ5228B,SOD-123,Zener Diodes,-55℃~+150℃ 1 Independent 10uA@1V 23Ω 3.71V~4.1V 3.9V 500mW SOD-123 Zener Diodes ROHS,MMSZ5228B,0.0141,23842,1,Diodes,2026-06-07 09:28:36,15,0.2115
C22399896,hongjiacheng-MMSZ5229B/C22399896,https://wmsc.lcsc.com/wmsc/upload/file/pdf/v2/lcsc/2405161556_hongjiacheng-MMSZ5229B_C22399896.pdf,expand,0,2026-07-24 06:07:31,hongjiacheng,MMSZ5229B,SOD-123,Zener Diodes,-55℃~+150℃ 1 Independent 22Ω 4.09V~4.52V 4.3V 500mW 5uA@1V SOD-123 Zener Diodes ROHS,MMSZ5229B,0.0232,33512,1,Diodes,2026-06-07 09:28:36,15,0.348
C22399897,hongjiacheng-MMSZ5238B/C22399897,https://wmsc.lcsc.com/wmsc/upload/file/pdf/v2/lcsc/2405161556_hongjiacheng-MMSZ5238B_C22399897.pdf,expand,0,2026-07-24 06:07:31,hongjiacheng,MMSZ5238B,SOD-123,Zener Diodes,-55℃~+150℃ 1 Independent 3uA@6.5V 500mW 8.27V~9.14V 8.7V 8Ω SOD-123 Zener Diodes ROHS,MMSZ5238B,0.0234,17458,1,Diodes,2026-06-07 09:28:36,15,0.351
C22399898,hongjiacheng-MMSZ5257B/C22399898,https://wmsc.lcsc.com/wmsc/upload/file/pdf/v2/lcsc/2405161556_hongjiacheng-MMSZ5257B_C22399898.pdf,expand,0,2026-07-24 06:07:31,hongjiacheng,MMSZ5257B,SOD-123,Zener Diodes,-55℃~+150℃ 1 Independent 100nA@25V 31.35V~34.65V 33V 500mW 58Ω SOD-123 Zener Diodes ROHS,MMSZ5257B,0.0128,0,700,Diodes,2026-06-07 09:28:36,704,9.0112
C22399899,hongjiacheng-MMSZ5258B/C22399899,https://wmsc.lcsc.com/wmsc/upload/file/pdf/v2/lcsc/2405161556_hongjiacheng-MMSZ5258B_C22399899.pdf,expand,0,2026-07-24 06:07:31,hongjiacheng,MMSZ5258B,SOD-123,Zener Diodes,-55℃~+150℃ 1 Independent 100nA@27V 34.2V~37.8V 36V 500mW 70Ω SOD-123 Zener Diodes ROHS,MMSZ5258B,0.0221,1908,1,Diodes,2026-06-07 09:28:36,15,0.3315
C22399900,hongjiacheng-MMSZ5259B/C22399900,https://wmsc.lcsc.com/wmsc/upload/file/pdf/v2/lcsc/2405161556_hongjiacheng-MMSZ5259B_C22399900.pdf,expand,0,2026-07-24 06:07:31,hongjiacheng,MMSZ5259B,SOD-123,Zener Diodes,-55℃~+150℃ 1 Independent 100nA@30V 37.05V~40.95V 39V 500mW 80Ω SOD-123 Zener Diodes ROHS,MMSZ5259B,0.0237,22658,1,Diodes,2026-06-07 09:28:36,15,0.3555
C22435086,hongjiacheng-MM1W5V6/C22435086,https://wmsc.lcsc.com/wmsc/upload/file/pdf/v2/lcsc/2405210914_hongjiacheng-MM1W5V6_C22435086.pdf,expand,0,2026-07-24 06:07:31,hongjiacheng,MM1W5V6,SOD-123,Zener Diodes,-55℃~+150℃ 1 Independent 10uA@2V 1W 5.32V~5.92V 5.6V 5Ω SOD-123 Zener Diodes ROHS,MM1W5V6,0.0559,6836,1,Diodes,2026-06-07 09:28:36,5,0.2795
C22435087,hongjiacheng-MM1W6V8/C22435087,https://wmsc.lcsc.com/wmsc/upload/file/pdf/v2/lcsc/2405210914_hongjiacheng-MM1W6V8_C22435087.pdf,expand,0,2026-07-24 06:07:31,hongjiacheng,MM1W6V8,SOD-123,Zener Diodes,-55℃~+150℃ 1 Independent 10uA 1W 3.5Ω 6.46V~7.18V 6.8V SOD-123 Zener Diodes ROHS,MM1W6V8,0.0402,1995,1,Diodes,2026-06-07 09:28:36,5,0.201
C22435088,hongjiacheng-MM1W91/C22435088,https://wmsc.lcsc.com/wmsc/upload/file/pdf/v2/lcsc/2405210914_hongjiacheng-MM1W91_C22435088.pdf,expand,0,2026-07-24 06:07:31,hongjiacheng,MM1W91,SOD-123,Zener Diodes,-55℃~+150℃ 1 Independent 1W 1uA@1V 250Ω 86V~96V 91V SOD-123 Zener Diodes ROHS,MM1W91,0.0445,58910,1,Diodes,2026-06-07 09:28:36,5,0.2225
C22435089,hongjiacheng-MM1W36/C22435089,https://wmsc.lcsc.com/wmsc/upload/file/pdf/v2/lcsc/2405210914_hongjiacheng-MM1W36_C22435089.pdf,expand,0,2026-07-24 06:07:31,hongjiacheng,MM1W36,SOD-123,Zener Diodes,-55℃~+150℃ 1 Independent 1W 34.2V~37.9V 36V 50Ω 5uA@27V SOD-123 Zener Diodes ROHS,MM1W36,0.0458,10199,1,Diodes,2026-06-07 09:28:36,15,0.687
C22435090,hongjiacheng-MM1W100/C22435090,https://wmsc.lcsc.com/wmsc/upload/file/pdf/v2/lcsc/2405210914_hongjiacheng-MM1W100_C22435090.pdf,expand,0,2026-07-24 06:07:31,hongjiacheng,MM1W100,SOD-123,Zener Diodes,-55℃~+150℃ 1 Independent 100V 1W 1uA@1V 350Ω 95V~105V SOD-123 Zener Diodes ROHS,MM1W100,0.0477,14896,1,Diodes,2026-06-07 09:28:36,15,0.7155
C22435091,hongjiacheng-MM1W6V2/C22435091,https://wmsc.lcsc.com/wmsc/upload/file/pdf/v2/lcsc/2405210914_hongjiacheng-MM1W6V2_C22435091.pdf,expand,0,2026-07-24 06:07:31,hongjiacheng,MM1W6V2,SOD-123,Zener Diodes,-55℃~+150℃ 1 Independent 10uA@3V 1W 2Ω 5.86V~6.51V 6.2V SOD-123 Zener Diodes ROHS,MM1W6V2,0.0398,14210,1,Diodes,2026-06-07 09:28:36,15,0.597
C22435092,hongjiacheng-MM1W12/C22435092,https://wmsc.lcsc.com/wmsc/upload/file/pdf/v2/lcsc/2405210914_hongjiacheng-MM1W12_C22435092.pdf,expand,0,2026-07-24 06:07:31,hongjiacheng,MM1W12,SOD-123,Zener Diodes,-55℃~+150℃ 1 Independent 11.4V~12.6V 12V 1W 5uA@9V 9Ω SOD-123 Zener Diodes ROHS,MM1W12,0.041,19036,1,Diodes,2026-06-07 09:28:36,5,0.205
C22435093,hongjiacheng-MM1W20/C22435093,https://wmsc.lcsc.com/wmsc/upload/file/pdf/v2/lcsc/2405210914_hongjiacheng-MM1W20_C22435093.pdf,expand,0,2026-07-24 06:07:31,hongjiacheng,MM1W20,SOD-123,Zener Diodes,-55℃~+150℃ 1 Independent 19V~21.2V 1W 20V 22Ω 5uA@15V SOD-123 Zener Diodes ROHS,MM1W20,0.0403,107204,1,Diodes,2026-06-07 09:28:36,5,0.2015
C22435094,hongjiacheng-MM1W9V1/C22435094,https://wmsc.lcsc.com/wmsc/upload/file/pdf/v2/lcsc/2405210914_hongjiacheng-MM1W9V1_C22435094.pdf,expand,0,2026-07-24 06:07:31,hongjiacheng,MM1W9V1,SOD-123,Zener Diodes,-55℃~+150℃ 1 Independent 10uA@7V 1W 5Ω 8.6V~9.59V 9.1V SOD-123 Zener Diodes ROHS,MM1W9V1,0.053,93204,1,Diodes,2026-06-07 09:28:36,15,0.795
C22435095,hongjiacheng-MM1W15/C22435095,https://wmsc.lcsc.com/wmsc/upload/file/pdf/v2/lcsc/2405210914_hongjiacheng-MM1W15_C22435095.pdf,expand,0,2026-07-24 06:07:31,hongjiacheng,MM1W15,SOD-123,Zener Diodes,-55℃~+150℃ 1 Independent 13.8V~15.8V 14Ω 15V 1W 5uA SOD-123 Zener Diodes ROHS,MM1W15,0.04,15228,1,Diodes,2026-06-07 09:28:36,5,0.2
C22435096,hongjiacheng-MM1W4V7/C22435096,https://wmsc.lcsc.com/wmsc/upload/file/pdf/v2/lcsc/2405210914_hongjiacheng-MM1W4V7_C22435096.pdf,expand,0,2026-07-24 06:07:31,hongjiacheng,MM1W4V7,SOD-123,Zener Diodes,-55℃~+150℃ 1 Independent 10uA@1V 1W 4.5V~4.93V 4.7V 8Ω SOD-123 Zener Diodes ROHS,MM1W4V7,0.0527,15076,1,Diodes,2026-06-07 09:28:36,5,0.2635
C22435097,hongjiacheng-MM1W7V5/C22435097,https://wmsc.lcsc.com/wmsc/upload/file/pdf/v2/lcsc/2405210914_hongjiacheng-MM1W7V5_C22435097.pdf,expand,0,2026-07-24 06:07:31,hongjiacheng,MM1W7V5,SOD-123,Zener Diodes,-55℃~+150℃ 1 Independent 10uA@5V 1W 4Ω 7.12V~7.88V 7.5V SOD-123 Zener Diodes ROHS,MM1W7V5,0.0529,2562,1,Diodes,2026-06-07 09:28:36,15,0.7935
C22435098,hongjiacheng-MM1W8V2/C22435098,https://wmsc.lcsc.com/wmsc/upload/file/pdf/v2/lcsc/2405210914_hongjiacheng-MM1W8V2_C22435098.pdf,expand,0,2026-07-24 06:07:31,hongjiacheng,MM1W8V2,SOD-123,Zener Diodes,-55℃~+150℃ 1 Independent 10uA@6V 1W 4.5Ω 7.79V~8.67V 8.2V SOD-123 Zener Diodes ROHS,MM1W8V2,0.0564,1771,1,Diodes,2026-06-07 09:28:36,15,0.846
C22452,MDD_Microdiode_Semiconductor-SS54/C22452,https://www.lcsc.com/datasheet/lcsc_datasheet_2407101107_MDD-Microdiode-Semiconductor-SS54_C22452.pdf,base,0,2026-07-24 06:07:31,MDD(Microdiode Semiconductor),SS54,SMA(DO-214AC),Schottky Diodes,-55℃~+125℃ 1mA@40V 40V 550mV@5A 5A Independent SMA(DO-214AC) Schottky Diodes ROHS,SS54,0.044,1891826,1,Diodes,2026-06-07 09:28:36,5,0.22
C22466338,hongjiacheng-MM1Z62B/C22466338,https://wmsc.lcsc.com/wmsc/upload/file/pdf/v2/lcsc/2406191432_hongjiacheng-MM1Z62B_C22466338.pdf,expand,0,2026-07-24 06:07:31,hongjiacheng,MM1Z62B,SOD-123,Zener Diodes,-55℃~+150℃ 1 Independent 200nA@47V 200Ω 500mW 60.76V~63.24V 62V SOD-123 Zener Diodes ROHS,MM1Z62B,0.0263,1167,1,Diodes,2026-06-07 09:28:36,15,0.3945
C22466339,hongjiacheng-MM1Z30B/C22466339,https://wmsc.lcsc.com/wmsc/upload/file/pdf/v2/lcsc/2406171654_hongjiacheng-MM1Z30B_C22466339.pdf,expand,0,2026-07-24 06:07:31,hongjiacheng,MM1Z30B,SOD-123,Zener Diodes,-55℃~+150℃ 1 Independent 100nA@23V 29.4V~30.6V 30V 500mW 80Ω SOD-123 Zener Diodes ROHS,MM1Z30B,0.0229,12451,1,Diodes,2026-06-07 09:28:36,15,0.3435
C22466340,hongjiacheng-MM1Z3V3B/C22466340,https://wmsc.lcsc.com/wmsc/upload/file/pdf/v2/lcsc/2406191432_hongjiacheng-MM1Z3V3B_C22466340.pdf,expand,0,2026-07-24 06:07:31,hongjiacheng,MM1Z3V3B,SOD-123,Zener Diodes,-55℃~+150℃ 1 Independent 130Ω 20uA@1V 3.23V~3.37V 3.3V 500mW SOD-123 Zener Diodes ROHS,MM1Z3V3B,0.0239,98,1,Diodes,2026-06-07 09:28:36,15,0.3585
C22466341,hongjiacheng-MM1Z10B/C22466341,https://wmsc.lcsc.com/wmsc/upload/file/pdf/v2/lcsc/2406191432_hongjiacheng-MM1Z10B_C22466341.pdf,expand,0,2026-07-24 06:07:31,hongjiacheng,MM1Z10B,SOD-123,Zener Diodes,-55℃~+150℃ 1 Independent 100nA 10V 30Ω 500mW 9.8V~10.2V SOD-123 Zener Diodes ROHS,MM1Z10B,0.0203,60547,1,Diodes,2026-06-07 09:28:36,15,0.3045
C22466342,hongjiacheng-MM1Z12B/C22466342,https://wmsc.lcsc.com/wmsc/upload/file/pdf/v2/lcsc/2406191431_hongjiacheng-MM1Z12B_C22466342.pdf,expand,0,2026-07-24 06:07:31,hongjiacheng,MM1Z12B,SOD-123,Zener Diodes,-55℃~+150℃ 1 Independent 100nA@9V 11.76V~12.24V 12V 35Ω 500mW SOD-123 Zener Diodes ROHS,MM1Z12B,0.0199,6400,1,Diodes,2026-06-07 09:28:36,15,0.2985
C22466343,hongjiacheng-MM1Z5V1B/C22466343,https://wmsc.lcsc.com/wmsc/upload/file/pdf/v2/lcsc/2406171654_hongjiacheng-MM1Z5V1B_C22466343.pdf,expand,0,2026-07-24 06:07:31,hongjiacheng,MM1Z5V1B,SOD-123,Zener Diodes,-55℃~+150℃ 1 Independent 130Ω 2uA@1.5V 5.1V 500mW 5V~5.2V SOD-123 Zener Diodes ROHS,MM1Z5V1B,0.0245,119592,1,Diodes,2026-06-07 09:28:36,15,0.3675
C22466344,hongjiacheng-MM1Z6V2B/C22466344,https://wmsc.lcsc.com/wmsc/upload/file/pdf/v2/lcsc/2406191431_hongjiacheng-MM1Z6V2B_C22466344.pdf,expand,0,2026-07-24 06:07:31,hongjiacheng,MM1Z6V2B,SOD-123,Zener Diodes,-55℃~+150℃ 1 Independent 1uA@3V 500mW 50Ω 6.08V~6.32V 6.2V SOD-123 Zener Diodes ROHS,MM1Z6V2B,0.0189,2222,1,Diodes,2026-06-07 09:28:36,15,0.2835
C22466345,hongjiacheng-MM1Z47B/C22466345,https://wmsc.lcsc.com/wmsc/upload/file/pdf/v2/lcsc/2406171654_hongjiacheng-MM1Z47B_C22466345.pdf,expand,0,2026-07-24 06:07:31,hongjiacheng,MM1Z47B,SOD-123,Zener Diodes,-55℃~+150℃ 1 Independent 150Ω 2uA@36V 46.06V~47.94V 47V 500mW SOD-123 Zener Diodes ROHS,MM1Z47B,0.0223,10616,1,Diodes,2026-06-07 09:28:36,15,0.3345
C22466346,hongjiacheng-SD107WS/C22466346,https://wmsc.lcsc.com/wmsc/upload/file/pdf/v2/lcsc/2406171611_hongjiacheng-SD107WS_C22466346.pdf,expand,0,2026-07-24 06:07:31,hongjiacheng,SD107WS,SOD-323,Schottky Diodes,-40℃~+125℃ 100mA 1uA@25V 2A 30V 800mV@100mA Standalone SOD-323 Schottky Diodes ROHS,SD107WS,0.017,3067,1,Diodes,2026-06-07 09:28:36,20,0.34
C22466347,hongjiacheng-DSL34/C22466347,https://wmsc.lcsc.com/wmsc/upload/file/pdf/v2/lcsc/2406171613_hongjiacheng-DSL34_C22466347.pdf,expand,0,2026-07-24 06:07:31,hongjiacheng,DSL34,SOD-123FL,Schottky Diodes,-55℃~+150℃ 1 Independent 3A 40V 450mV@3A 500uA@40V SOD-123FL Schottky Diodes ROHS,DSL34,0.0895,316,1,Diodes,2026-06-07 09:28:36,5,0.4475
C22466348,hongjiacheng-DSL16/C22466348,https://wmsc.lcsc.com/wmsc/upload/file/pdf/v2/lcsc/2406171604_hongjiacheng-DSL16_C22466348.pdf,expand,0,2026-07-24 06:07:31,hongjiacheng,DSL16,SOD-123FL,Schottky Diodes,-55℃~+150℃ 1A 200uA@60V 30A 500mV@1A 60V Standalone SOD-123FL Schottky Diodes ROHS,DSL16,0.0498,5399,1,Diodes,2026-06-07 09:28:36,5,0.249
C22466349,hongjiacheng-DSL14/C22466349,https://wmsc.lcsc.com/wmsc/upload/file/pdf/v2/lcsc/2406171626_hongjiacheng-DSL14_C22466349.pdf,expand,0,2026-07-24 06:07:31,hongjiacheng,DSL14,SOD-123FL,Schottky Diodes,-55℃~+150℃ 1A 200uA@40V 40V 450mV@1A Standalone SOD-123FL Schottky Diodes ROHS,DSL14,0.0492,10102,1,Diodes,2026-06-07 09:28:36,5,0.246
C22466350,hongjiacheng-BAT54C/C22466350,https://wmsc.lcsc.com/wmsc/upload/file/pdf/v2/lcsc/2406171614_hongjiacheng-BAT54C_C22466350.pdf,expand,0,2026-07-24 06:07:31,hongjiacheng,BAT54C,SOT-23,Schottky Diodes,1 Pair Common Cathode 1V@100mA 200mA 2uA@25V 30V 600mA SOT-23 Schottky Diodes ROHS,BAT54C,0.0178,653687,1,Diodes,2026-06-07 09:28:36,10,0.178
C22466351,hongjiacheng-DSK16/C22466351,https://wmsc.lcsc.com/wmsc/upload/file/pdf/v2/lcsc/2408141454_hongjiacheng-DSK16_C22466351.pdf,expand,0,2026-07-24 06:07:31,hongjiacheng,DSK16,SOD-123FL,Schottky Diodes,-55℃~+150℃ 1A 200uA@60V 25A 60V 700mV@1A Standalone SOD-123FL Schottky Diodes ROHS,DSK16,0.0192,271212,1,Diodes,2026-06-07 09:28:36,15,0.288
C22466352,hongjiacheng-DSK24/C22466352,https://wmsc.lcsc.com/wmsc/upload/file/pdf/v2/lcsc/2408141453_hongjiacheng-DSK24_C22466352.pdf,expand,0,2026-07-24 06:07:31,hongjiacheng,DSK24,SOD-123FL,Schottky Diodes,-55℃~+125℃ 2A 40V 500uA@40V 50A 550mV@2A Standalone SOD-123FL Schottky Diodes ROHS,DSK24,0.0244,976603,1,Diodes,2026-06-07 09:28:36,15,0.366
C22466353,hongjiacheng-DSK36/C22466353,https://wmsc.lcsc.com/wmsc/upload/file/pdf/v2/lcsc/2408141454_hongjiacheng-DSK36_C22466353.pdf,expand,0,2026-07-24 06:07:31,hongjiacheng,DSK36,SOD-123FL,Schottky Diodes,-55℃~+150℃ 200uA@60V 3A 60V 700mV@3A 80A Standalone SOD-123FL Schottky Diodes ROHS,DSK36,0.0906,32426,1,Diodes,2026-06-07 09:28:36,5,0.453
C22466354,hongjiacheng-DSK110/C22466354,https://wmsc.lcsc.com/wmsc/upload/file/pdf/v2/lcsc/2408141454_hongjiacheng-DSK110_C22466354.pdf,expand,0,2026-07-24 06:07:31,hongjiacheng,DSK110,SOD-123FL,Schottky Diodes,-55℃~+150℃ 100V 1A 25A 50uA@100V 850mV@1A Standalone SOD-123FL Schottky Diodes ROHS,DSK110,0.0203,199841,1,Diodes,2026-06-07 09:28:36,15,0.3045
C22466355,hongjiacheng-DSK120/C22466355,https://wmsc.lcsc.com/wmsc/upload/file/pdf/v2/lcsc/2408141454_hongjiacheng-DSK120_C22466355.pdf,expand,0,2026-07-24 06:07:31,hongjiacheng,DSK120,SOD-123FL,Schottky Diodes,-55℃~+150℃ 1A 200V 25A 50uA@200V 900mV@1A Standalone SOD-123FL Schottky Diodes ROHS,DSK120,0.0249,2394,1,Diodes,2026-06-07 09:28:36,15,0.3735
C22466356,hongjiacheng-DSK12/C22466356,https://wmsc.lcsc.com/wmsc/upload/file/pdf/v2/lcsc/2408141454_hongjiacheng-DSK12_C22466356.pdf,expand,0,2026-07-24 06:07:31,hongjiacheng,DSK12,SOD-123FL,Schottky Diodes,-55℃~+125℃ 1A 200uA@20V 20V 25A 550mV@1A Standalone SOD-123FL Schottky Diodes ROHS,DSK12,0.0183,49022,1,Diodes,2026-06-07 09:28:36,15,0.2745
C22466357,hongjiacheng-SD103AWT/C22466357,https://wmsc.lcsc.com/wmsc/upload/file/pdf/v2/lcsc/2406171608_hongjiacheng-SD103AWT_C22466357.pdf,expand,0,2026-07-24 06:07:31,hongjiacheng,SD103AWT,SOD-523,Schottky Diodes,-40℃~+125℃ 1uA@10V 2A 350mA 40V 600mV@200mA Standalone SOD-523 Schottky Diodes ROHS,SD103AWT,0.0166,2176,1,Diodes,2026-06-07 09:28:36,20,0.332
C22466358,hongjiacheng-BAT43W/C22466358,https://wmsc.lcsc.com/wmsc/upload/file/pdf/v2/lcsc/2406171612_hongjiacheng-BAT43W_C22466358.pdf,expand,0,2026-07-24 06:07:31,hongjiacheng,BAT43W,SOD-123,Schottky Diodes,-40℃~+125℃ 200mA 30V 450mV@15mA 4A 500nA@25V Standalone SOD-123 Schottky Diodes ROHS,BAT43W,0.0192,86069,1,Diodes,2026-06-07 09:28:36,15,0.288
C22466359,hongjiacheng-1SS357/C22466359,https://wmsc.lcsc.com/wmsc/upload/file/pdf/v2/lcsc/2406171604_hongjiacheng-1SS357_C22466359.pdf,expand,0,2026-07-24 06:07:31,hongjiacheng,1SS357,SOD-323,Schottky Diodes,100mA 1A 45V 5uA@40V 600mV@100mA Standalone SOD-323 Schottky Diodes ROHS,1SS357,0.0173,24720,1,Diodes,2026-06-07 09:28:36,20,0.346
C22466360,hongjiacheng-BAT42WS/C22466360,https://wmsc.lcsc.com/wmsc/upload/file/pdf/v2/lcsc/2406171617_hongjiacheng-BAT42WS_C22466360.pdf,expand,0,2026-07-24 06:07:31,hongjiacheng,BAT42WS,SOD-323,Schottky Diodes,200mA 30V 4A 500nA@25V 650mV@50mA Standalone SOD-323 Schottky Diodes ROHS,BAT42WS,0.0176,68474,1,Diodes,2026-06-07 09:28:36,20,0.352
C22466361,hongjiacheng-B5818WS/C22466361,https://wmsc.lcsc.com/wmsc/upload/file/pdf/v2/lcsc/2406171613_hongjiacheng-B5818WS_C22466361.pdf,expand,0,2026-07-24 06:07:31,hongjiacheng,B5818WS,SOD-323,Schottky Diodes,-55℃~+150℃ 1 Independent 10A 1A 1mA@30V 30V 550mV@1A SOD-323 Schottky Diodes ROHS,B5818WS,0.0194,76015,1,Diodes,2026-06-07 09:28:36,20,0.388
C22466362,hongjiacheng-BAT42W/C22466362,https://wmsc.lcsc.com/wmsc/upload/file/pdf/v2/lcsc/2406171608_hongjiacheng-BAT42W_C22466362.pdf,expand,0,2026-07-24 06:07:31,hongjiacheng,BAT42W,SOD-123,Schottky Diodes,-40℃~+125℃ 200mA 30V 4A 500nA@25V 650mV@50mA Standalone SOD-123 Schottky Diodes ROHS,BAT42W,0.0189,7487,1,Diodes,2026-06-07 09:28:36,15,0.2835
C22466363,hongjiacheng-SD103CWS/C22466363,https://wmsc.lcsc.com/wmsc/upload/file/pdf/v2/lcsc/2406171608_hongjiacheng-SD103CWS_C22466363.pdf,expand,0,2026-07-24 06:07:31,hongjiacheng,SD103CWS,SOD-323,Schottky Diodes,-55℃~+150℃ 1.5A 20V 350mA 5uA@10V 600mV@200mA Standalone SOD-323 Schottky Diodes ROHS,SD103CWS,0.0131,12214,1,Diodes,2026-06-07 09:28:36,20,0.262
C22466364,hongjiacheng-BAS7006/C22466364,https://wmsc.lcsc.com/wmsc/upload/file/pdf/v2/lcsc/2406171618_hongjiacheng-BAS70-06_C22466364.pdf,expand,0,2026-07-24 06:07:31,hongjiacheng,BAS70-06,SOT-23,Schottky Diodes,-55℃~+125℃ 1 Pair Common Anode 100mA 1V@15mA 200nA@50V 70V 70mA SOT-23 Schottky Diodes ROHS,BAS70-06,0.017,53805,1,Diodes,2026-06-07 09:28:36,10,0.17
C22466365,hongjiacheng-B5818W/C22466365,https://wmsc.lcsc.com/wmsc/upload/file/pdf/v2/lcsc/2406171618_hongjiacheng-B5818W_C22466365.pdf,expand,0,2026-07-24 06:07:31,hongjiacheng,B5818W,SOD-123,Schottky Diodes,-55℃~+150℃ 1A 1mA@30V 30V 550mV@1A 9A Standalone SOD-123 Schottky Diodes ROHS,B5818W,0.0137,65946,1,Diodes,2026-06-07 09:28:36,15,0.2055
C22466366,hongjiacheng-BAS70W05/C22466366,https://wmsc.lcsc.com/wmsc/upload/file/pdf/v2/lcsc/2406171613_hongjiacheng-BAS70W-05_C22466366.pdf,expand,0,2026-07-24 06:07:31,hongjiacheng,BAS70W-05,SOT-323,Schottky Diodes,1 Pair Common Cathode 100mA 100nA@50V 1V@15mA 70V 70mA SOT-323 Schottky Diodes ROHS,BAS70W-05,0.0305,8682,1,Diodes,2026-06-07 09:28:36,10,0.305
C22466367,hongjiacheng-BAT46X/C22466367,https://wmsc.lcsc.com/wmsc/upload/file/pdf/v2/lcsc/2406171612_hongjiacheng-BAT46X_C22466367.pdf,expand,0,2026-07-24 06:07:31,hongjiacheng,BAT46X,SOD-523,Schottky Diodes,-40℃~+125℃ 100V 150mA 1V@250mA 300uA@1.5V 750mA Standalone SOD-523 Schottky Diodes ROHS,BAT46X,0.0329,26366,1,Diodes,2026-06-07 09:28:36,20,0.658
C22466368,hongjiacheng-BAT54/C22466368,https://wmsc.lcsc.com/wmsc/upload/file/pdf/v2/lcsc/2406171624_hongjiacheng-BAT54_C22466368.pdf,expand,0,2026-07-24 06:07:31,hongjiacheng,BAT54,SOT-23,Schottky Diodes,1 Independent 1V@100mA 200mA 2uA@25V 30V 600mA SOT-23 Schottky Diodes ROHS,BAT54,0.0165,23125,1,Diodes,2026-06-07 09:28:36,10,0.165
C22466369,hongjiacheng-1SS389/C22466369,https://wmsc.lcsc.com/wmsc/upload/file/pdf/v2/lcsc/2406171617_hongjiacheng-1SS389_C22466369.pdf,expand,0,2026-07-24 06:07:31,hongjiacheng,1SS389,SOD-523,Schottky Diodes,-40℃~+125℃ 100mA 10V 1A 20uA@10V 500mV@100mA Standalone SOD-523 Schottky Diodes ROHS,1SS389,0.0163,120782,1,Diodes,2026-06-07 09:28:36,20,0.326
C22466370,hongjiacheng-BAS40X/C22466370,https://wmsc.lcsc.com/wmsc/upload/file/pdf/v2/lcsc/2406171611_hongjiacheng-BAS40X_C22466370.pdf,expand,0,2026-07-24 06:07:31,hongjiacheng,BAS40X,SOD-523,Schottky Diodes,1V@40mA 200mA 200nA@30V 40V 600mA Standalone SOD-523 Schottky Diodes ROHS,BAS40X,0.021,3724,1,Diodes,2026-06-07 09:28:36,20,0.42
C22466371,hongjiacheng-BAT720/C22466371,https://wmsc.lcsc.com/wmsc/upload/file/pdf/v2/lcsc/2406191606_hongjiacheng-BAT720_C22466371.pdf,expand,0,2026-07-24 06:07:31,hongjiacheng,BAT720,SOT-23,Schottky Diodes,1 Independent 100uA@35V 2A 40V 500mA 550mV@500mA SOT-23 Schottky Diodes ROHS,BAT720,0.0329,37309,1,Diodes,2026-06-07 09:28:36,10,0.329
C22466372,hongjiacheng-RB520S40/C22466372,https://wmsc.lcsc.com/wmsc/upload/file/pdf/v2/lcsc/2406191606_hongjiacheng-RB520S-40_C22466372.pdf,expand,0,2026-07-24 06:07:31,hongjiacheng,RB520S-40,SOD-523,Schottky Diodes,-40℃~+125℃ 10uA@40V 1A 200mA 40V 550mV@100mA Standalone SOD-523 Schottky Diodes ROHS,RB520S-40,0.0186,4119,1,Diodes,2026-06-07 09:28:36,20,0.372
C22466373,hongjiacheng-BAT54SW/C22466373,https://wmsc.lcsc.com/wmsc/upload/file/pdf/v2/lcsc/2406191606_hongjiacheng-BAT54SW_C22466373.pdf,expand,0,2026-07-24 06:07:31,hongjiacheng,BAT54SW,SOT-323,Schottky Diodes,1 Pair Series Connection 1V@100mA 200mA 2uA@25V 30V 600mA SOT-323 Schottky Diodes ROHS,BAT54SW,0.0202,146340,1,Diodes,2026-06-07 09:28:36,10,0.202
C22466374,hongjiacheng-BAT54AW/C22466374,https://wmsc.lcsc.com/wmsc/upload/file/pdf/v2/lcsc/2406191606_hongjiacheng-BAT54AW_C22466374.pdf,expand,0,2026-07-24 06:07:31,hongjiacheng,BAT54AW,SOT-323,Schottky Diodes,1 Pair Common Anode 1V@100mA 200mA 2uA@25V 30V 600mA SOT-323 Schottky Diodes ROHS,BAT54AW,0.0218,6643,1,Diodes,2026-06-07 09:28:36,10,0.218
C22466375,hongjiacheng-B1040WS/C22466375,https://wmsc.lcsc.com/wmsc/upload/file/pdf/v2/lcsc/2406171626_hongjiacheng-B1040WS_C22466375.pdf,expand,0,2026-07-24 06:07:31,hongjiacheng,B1040WS,SOD-323,Schottky Diodes,1A 40V 50uA@40V 580mV@1A 5A Standalone SOD-323 Schottky Diodes ROHS,B1040WS,0.0334,58078,1,Diodes,2026-06-07 09:28:36,20,0.668
C22466376,hongjiacheng-BAT54TW/C22466376,https://wmsc.lcsc.com/wmsc/upload/file/pdf/v2/lcsc/2406191611_hongjiacheng-BAT54TW_C22466376.pdf,expand,0,2026-07-24 06:07:31,hongjiacheng,BAT54TW,SOT-363,Schottky Diodes,-55℃~+150℃ 1V@100mA 200mA 2uA@25V 3 Independent 30V 600mA SOT-363 Schottky Diodes ROHS,BAT54TW,0.0274,21096,1,Diodes,2026-06-07 09:28:36,10,0.274
C22466377,hongjiacheng-B1040W/C22466377,https://wmsc.lcsc.com/wmsc/upload/file/pdf/v2/lcsc/2406171608_hongjiacheng-B1040W_C22466377.pdf,expand,0,2026-07-24 06:07:31,hongjiacheng,B1040W,SOD-123,Schottky Diodes,1A 40V 50uA@40V 580mV@1A 5A Standalone SOD-123 Schottky Diodes ROHS,B1040W,0.022,16831,1,Diodes,2026-06-07 09:28:36,15,0.33
C22469448,hongjiacheng-HL3400/C22469448,https://wmsc.lcsc.com/wmsc/upload/file/pdf/v2/lcsc/2406191433_hongjiacheng-HL3400_C22469448.pdf,expand,0,2026-07-24 06:07:31,hongjiacheng,HL3400,SOT-23,MOSFETs,-55℃~+150℃ 1 N-channel 1.2W 17nC@10V 21mΩ@10V、25mΩ@4.5V、33mΩ@2.5V 30V 5.6A 630pF 71pF 900mV 90pF N-Channel SOT-23 MOSFETs ROHS,HL3400,0.0408,234792,1,Transistors/Thyristors,2026-06-07 09:28:36,10,0.408
C22469449,hongjiacheng-HL3401/C22469449,https://wmsc.lcsc.com/wmsc/upload/file/pdf/v2/lcsc/2406191433_hongjiacheng-HL3401_C22469449.pdf,expand,0,2026-07-24 06:07:31,hongjiacheng,HL3401,SOT-23,MOSFETs,-55℃~+150℃ 1 P-Channel 1.04nF 1.2W 22nC@4.5V 30V 4.4A 45.5mΩ@10V 68pF 900mV P-Channel SOT-23 MOSFETs ROHS,HL3401,0.0274,148837,1,Transistors/Thyristors,2026-06-07 09:28:36,5,0.137
C22764,23491-0603WAF1101T5E/C22764,https://www.lcsc.com/datasheet/lcsc_datasheet_2206010130_UNI-ROYAL-Uniroyal-Elec-0603WAF1101T5E_C22764.pdf,expand,0,2026-07-24 06:07:31,UNI-ROYAL(Uniroyal Elec),0603WAF1101T5E,0603,Chip Resistor - Surface Mount,-55℃~+155℃ 1.1kΩ 100mW 75V Thick Film Resistor ±1% ±100ppm/℃ 0603 Chip Resistor - Surface Mount ROHS,1.1kΩ ±1% 100mW 厚膜电阻,0.0099,172706,1,Resistors,2026-06-07 09:28:36,20,0.198
C22765,23492-0603WAF1201T5E/C22765,https://www.lcsc.com/datasheet/lcsc_datasheet_2206010130_UNI-ROYAL-Uniroyal-Elec-0603WAF1201T5E_C22765.pdf,base,0,2026-07-24 06:07:31,UNI-ROYAL(Uniroyal Elec),0603WAF1201T5E,0603,Chip Resistor - Surface Mount,-55℃~+155℃ 1.2kΩ 100mW 75V Thick Film Resistor ±1% ±100ppm/℃ 0603 Chip Resistor - Surface Mount ROHS,1.2kΩ ±1% 100mW 厚膜电阻,0.0078,1193887,1,Resistors,2026-06-07 09:28:36,20,0.156
C22775,23502-0603WAF1000T5E/C22775,https://www.lcsc.com/datasheet/lcsc_datasheet_2411221126_UNI-ROYAL-Uniroyal-Elec-0603WAF1000T5E_C22775.pdf,base,0,2026-07-24 06:07:31,UNI-ROYAL(Uniroyal Elec),0603WAF1000T5E,0603,Chip Resistor - Surface Mount,-55℃~+155℃ 100mW 100Ω 75V Thick Film Resistor ±1% ±100ppm/℃ 0603 Chip Resistor - Surface Mount ROHS,100Ω ±1% 100mW 厚膜电阻,0.0111,4546831,1,Resistors,2026-06-07 09:28:36,20,0.222
C22787,23514-0603WAF1200T5E/C22787,https://www.lcsc.com/datasheet/lcsc_datasheet_2206010130_UNI-ROYAL-Uniroyal-Elec-0603WAF1200T5E_C22787.pdf,base,0,2026-07-24 06:07:31,UNI-ROYAL(Uniroyal Elec),0603WAF1200T5E,0603,Chip Resistor - Surface Mount,-55℃~+155℃ 100mW 120Ω 75V Thick Film Resistor ±1% ±100ppm/℃ 0603 Chip Resistor - Surface Mount ROHS,120Ω ±1% 100mW 厚膜电阻,0.0027,2428428,1,Resistors,2026-06-07 09:28:36,20,0.054
C22790,23517-0603WAF1202T5E/C22790,https://www.lcsc.com/datasheet/lcsc_datasheet_2206010130_UNI-ROYAL-Uniroyal-Elec-0603WAF1202T5E_C22790.pdf,base,0,2026-07-24 06:07:31,UNI-ROYAL(Uniroyal Elec),0603WAF1202T5E,0603,Chip Resistor - Surface Mount,-55℃~+155℃ 100mW 12kΩ 75V Thick Film Resistor ±1% ±100ppm/℃ 0603 Chip Resistor - Surface Mount ROHS,12kΩ ±1% 100mW 厚膜电阻,0.0029,1284359,1,Resistors,2026-06-07 09:28:36,20,0.058
C22795,23522-0603WAF1303T5E/C22795,https://www.lcsc.com/datasheet/lcsc_datasheet_2206010130_UNI-ROYAL-Uniroyal-Elec-0603WAF1303T5E_C22795.pdf,expand,0,2026-07-24 06:07:31,UNI-ROYAL(Uniroyal Elec),0603WAF1303T5E,0603,Chip Resistor - Surface Mount,-55℃~+155℃ 100mW 130kΩ 75V Thick Film Resistor ±1% ±100ppm/℃ 0603 Chip Resistor - Surface Mount ROHS,130kΩ ±1% 100mW 厚膜电阻,0.0022,706225,1,Resistors,2026-06-07 09:28:36,20,0.044
C22797,23524-0603WAF1302T5E/C22797,https://www.lcsc.com/datasheet/lcsc_datasheet_2206010130_UNI-ROYAL-Uniroyal-Elec-0603WAF1302T5E_C22797.pdf,base,0,2026-07-24 06:07:31,UNI-ROYAL(Uniroyal Elec),0603WAF1302T5E,0603,Chip Resistor - Surface Mount,-55℃~+155℃ 100mW 13kΩ 75V Thick Film Resistor ±1% ±100ppm/℃ 0603 Chip Resistor - Surface Mount ROHS,13kΩ ±1% 100mW 厚膜电阻,0.0061,674011,1,Resistors,2026-06-07 09:28:36,20,0.122
C22807,23534-0603WAF1503T5E/C22807,https://www.lcsc.com/datasheet/lcsc_datasheet_2206010130_UNI-ROYAL-Uniroyal-Elec-0603WAF1503T5E_C22807.pdf,base,0,2026-07-24 06:07:31,UNI-ROYAL(Uniroyal Elec),0603WAF1503T5E,0603,Chip Resistor - Surface Mount,-55℃~+155℃ 100mW 150kΩ 75V Thick Film Resistor ±1% ±100ppm/℃ 0603 Chip Resistor - Surface Mount ROHS,150kΩ ±1% 100mW 厚膜电阻,0.0084,1309157,1,Resistors,2026-06-07 09:28:36,20,0.168
C22808,23535-0603WAF1500T5E/C22808,https://www.lcsc.com/datasheet/lcsc_datasheet_2206010130_UNI-ROYAL-Uniroyal-Elec-0603WAF1500T5E_C22808.pdf,base,0,2026-07-24 06:07:31,UNI-ROYAL(Uniroyal Elec),0603WAF1500T5E,0603,Chip Resistor - Surface Mount,-55℃~+155℃ 100mW 150Ω 75V Thick Film Resistor ±1% ±100ppm/℃ 0603 Chip Resistor - Surface Mount ROHS,150Ω ±1% 100mW 厚膜电阻,0.0088,660259,1,Resistors,2026-06-07 09:28:36,20,0.176
C22809,23536-0603WAF1502T5E/C22809,https://www.lcsc.com/datasheet/lcsc_datasheet_2206010130_UNI-ROYAL-Uniroyal-Elec-0603WAF1502T5E_C22809.pdf,base,0,2026-07-24 06:07:31,UNI-ROYAL(Uniroyal Elec),0603WAF1502T5E,0603,Chip Resistor - Surface Mount,-55℃~+155℃ 100mW 15kΩ 75V Thick Film Resistor ±1% ±100ppm/℃ 0603 Chip Resistor - Surface Mount ROHS,15kΩ ±1% 100mW 厚膜电阻,0.0027,1496435,1,Resistors,2026-06-07 09:28:36,20,0.054
C22810,23537-0603WAF150JT5E/C22810,https://www.lcsc.com/datasheet/lcsc_datasheet_2206010130_UNI-ROYAL-Uniroyal-Elec-0603WAF150JT5E_C22810.pdf,expand,0,2026-07-24 06:07:31,UNI-ROYAL(Uniroyal Elec),0603WAF150JT5E,0603,Chip Resistor - Surface Mount,-55℃~+155℃ 100mW 15Ω 75V Thick Film Resistor ±1% ±100ppm/℃ 0603 Chip Resistor - Surface Mount ROHS,15Ω ±1% 100mW 厚膜电阻,0.0032,633031,1,Resistors,2026-06-07 09:28:36,20,0.064
C22813,23540-0603WAF1603T5E/C22813,https://www.lcsc.com/datasheet/lcsc_datasheet_2206010130_UNI-ROYAL-Uniroyal-Elec-0603WAF1603T5E_C22813.pdf,expand,0,2026-07-24 06:07:31,UNI-ROYAL(Uniroyal Elec),0603WAF1603T5E,0603,Chip Resistor - Surface Mount,-55℃~+155℃ 100mW 160kΩ 75V Thick Film Resistor ±1% ±100ppm/℃ 0603 Chip Resistor - Surface Mount ROHS,160kΩ ±1% 100mW 厚膜电阻,0.0039,226397,1,Resistors,2026-06-07 09:28:36,20,0.078
C22818,23545-0603WAF1602T5E_SMTonly/C22818,https://datasheet.lcsc.com/lcsc/1811081724_UNI-ROYAL-Uniroyal-Elec-0603WAF1602T5E_C22818.pdf,expand,0,2026-07-24 06:07:31,UNI-ROYAL(Uniroyal Elec),0603WAF1602T5E (SMTonly),0603,Chip Resistor - Surface Mount,16kΩ ±1% 0603 Chip Resistor - Surface Mount ROHS,16kΩ ±1%,0.001,0,5000,Resistors,2026-06-07 09:28:36,5010,5.01
C22827,23554-0603WAF1803T5E/C22827,https://www.lcsc.com/datasheet/lcsc_datasheet_2206010130_UNI-ROYAL-Uniroyal-Elec-0603WAF1803T5E_C22827.pdf,expand,0,2026-07-24 06:07:31,UNI-ROYAL(Uniroyal Elec),0603WAF1803T5E,0603,Chip Resistor - Surface Mount,-55℃~+155℃ 100mW 180kΩ 75V Thick Film Resistor ±1% ±100ppm/℃ 0603 Chip Resistor - Surface Mount ROHS,180kΩ ±1% 100mW 厚膜电阻,0.0025,22187,3583,Resistors,2026-06-07 09:28:36,3593,8.9825
C22828,23555-0603WAF1800T5E/C22828,https://www.lcsc.com/datasheet/lcsc_datasheet_2206010130_UNI-ROYAL-Uniroyal-Elec-0603WAF1800T5E_C22828.pdf,expand,0,2026-07-24 06:07:31,UNI-ROYAL(Uniroyal Elec),0603WAF1800T5E,0603,Chip Resistor - Surface Mount,-55℃~+155℃ 100mW 180Ω 75V Thick Film Resistor ±1% ±100ppm/℃ 0603 Chip Resistor - Surface Mount ROHS,180Ω ±1% 100mW 厚膜电阻,0.0024,13,3732,Resistors,2026-06-07 09:28:36,3742,8.9808
C22843,23570-0603WAF1501T5E/C22843,https://www.lcsc.com/datasheet/lcsc_datasheet_2206010130_UNI-ROYAL-Uniroyal-Elec-0603WAF1501T5E_C22843.pdf,base,0,2026-07-24 06:07:31,UNI-ROYAL(Uniroyal Elec),0603WAF1501T5E,0603,Chip Resistor - Surface Mount,-55℃~+155℃ 1.5kΩ 100mW 75V Thick Film Resistor ±1% ±100ppm/℃ 0603 Chip Resistor - Surface Mount ROHS,1.5kΩ ±1% 100mW 厚膜电阻,0.0023,1342829,1,Resistors,2026-06-07 09:28:36,20,0.046
C22859,23586-0603WAF100JT5E/C22859,https://www.lcsc.com/datasheet/lcsc_datasheet_2206010130_UNI-ROYAL-Uniroyal-Elec-0603WAF100JT5E_C22859.pdf,base,0,2026-07-24 06:07:31,UNI-ROYAL(Uniroyal Elec),0603WAF100JT5E,0603,Chip Resistor - Surface Mount,-55℃~+155℃ 100mW 10Ω 75V Thick Film Resistor ±1% ±400ppm/℃ 0603 Chip Resistor - Surface Mount ROHS,10Ω ±1% 100mW 厚膜电阻,0.0026,1228703,3445,Resistors,2026-06-07 09:28:36,3455,8.983
C2286,Hubei_KENTOElec-KT0603R/C2286,https://www.lcsc.com/datasheet/lcsc_datasheet_1810231112_Hubei-KENTO-Elec-KT-0603R_C2286.pdf,base,0,2026-07-24 06:07:31,Hubei KENTO Elec,KT-0603R,0603,LED Indication - Discrete,-40℃~+85℃ 1.6mm x 0.8mm square LED 1.8V~2.4V 120° 20mA 300mcd 40mW 615nm~630nm 645nm Discrete Diode Red Water Clear 0603 LED Indication - Discrete ROHS,0603 红灯 高亮,0.0073,7079719,1,Optoelectronics,2026-06-07 09:28:36,20,0.146
C2290,Hubei_KENTOElec-KT0603W/C2290,https://www.lcsc.com/datasheet/lcsc_datasheet_2305091500_Hubei-KENTO-Elec-KT-0603W_C2290.pdf,base,0,2026-07-24 06:07:31,Hubei KENTO Elec,KT-0603W,0603,LED Indication - Discrete,-40℃~+85℃ 100mW 120° 2.6V~3.1V 360mcd 5mA Discrete Diode Top-mount White Yellow Lens 0603 LED Indication - Discrete ROHS,0603 白灯 高亮,0.0121,2158481,1,Optoelectronics,2026-06-07 09:28:36,20,0.242
C22935,23662-0603WAF1004T5E/C22935,https://www.lcsc.com/datasheet/lcsc_datasheet_2206010130_UNI-ROYAL-Uniroyal-Elec-0603WAF1004T5E_C22935.pdf,base,0,2026-07-24 06:07:31,UNI-ROYAL(Uniroyal Elec),0603WAF1004T5E,0603,Chip Resistor - Surface Mount,-55℃~+155℃ 100mW 1MΩ 75V Thick Film Resistor ±1% ±100ppm/℃ 0603 Chip Resistor - Surface Mount ROHS,1MΩ ±1% 100mW 厚膜电阻,0.0027,3213209,1,Resistors,2026-06-07 09:28:36,20,0.054
C22936,23663-0603WAF100KT5E/C22936,https://www.lcsc.com/datasheet/lcsc_datasheet_2206010130_UNI-ROYAL-Uniroyal-Elec-0603WAF100KT5E_C22936.pdf,base,0,2026-07-24 06:07:31,UNI-ROYAL(Uniroyal Elec),0603WAF100KT5E,0603,Chip Resistor - Surface Mount,-55℃~+155℃ 100mW 1Ω 75V Thick Film Resistor ±1% ±400ppm/℃ 0603 Chip Resistor - Surface Mount ROHS,1Ω ±1% 100mW 厚膜电阻,0.0065,426054,1,Resistors,2026-06-07 09:28:36,20,0.13
C22938,23665-0603WAF2204T5E/C22938,https://www.lcsc.com/datasheet/lcsc_datasheet_2206010130_UNI-ROYAL-Uniroyal-Elec-0603WAF2204T5E_C22938.pdf,expand,0,2026-07-24 06:07:31,UNI-ROYAL(Uniroyal Elec),0603WAF2204T5E,0603,Chip Resistor - Surface Mount,-55℃~+155℃ 100mW 2.2MΩ 75V Thick Film Resistor ±1% ±100ppm/℃ 0603 Chip Resistor - Surface Mount ROHS,2.2MΩ ±1% 100mW 厚膜电阻,0.0076,50149,1,Resistors,2026-06-07 09:28:36,20,0.152
C22939,23666-0603WAF220KT5E/C22939,https://www.lcsc.com/datasheet/lcsc_datasheet_2206010130_UNI-ROYAL-Uniroyal-Elec-0603WAF220KT5E_C22939.pdf,base,0,2026-07-24 06:07:31,UNI-ROYAL(Uniroyal Elec),0603WAF220KT5E,0603,Chip Resistor - Surface Mount,-55℃~+155℃ 100mW 2.2Ω 75V Thick Film Resistor ±1% ±400ppm/℃ 0603 Chip Resistor - Surface Mount ROHS,2.2Ω ±1% 100mW 厚膜电阻,0.0031,0,2889,Resistors,2026-06-07 09:28:36,2899,8.9869
C22940,23667-0603WAF2401T5E/C22940,https://www.lcsc.com/datasheet/lcsc_datasheet_2206010130_UNI-ROYAL-Uniroyal-Elec-0603WAF2401T5E_C22940.pdf,base,0,2026-07-24 06:07:31,UNI-ROYAL(Uniroyal Elec),0603WAF2401T5E,0603,Chip Resistor - Surface Mount,-55℃~+155℃ 100mW 2.4kΩ 75V Thick Film Resistor ±1% ±100ppm/℃ 0603 Chip Resistor - Surface Mount ROHS,2.4kΩ ±1% 100mW 厚膜电阻,0.0086,1195482,1,Resistors,2026-06-07 09:28:36,20,0.172
C22950,23677-0603WAF200JT5E/C22950,https://www.lcsc.com/datasheet/lcsc_datasheet_2206010130_UNI-ROYAL-Uniroyal-Elec-0603WAF200JT5E_C22950.pdf,base,0,2026-07-24 06:07:31,UNI-ROYAL(Uniroyal Elec),0603WAF200JT5E,0603,Chip Resistor - Surface Mount,-55℃~+155℃ 100mW 20Ω 75V Thick Film Resistor ±1% ±100ppm/℃ 0603 Chip Resistor - Surface Mount ROHS,20Ω ±1% 100mW 厚膜电阻,0.0087,1262068,1,Resistors,2026-06-07 09:28:36,20,0.174
C2296,Hubei_KENTOElec-KT0805Y/C2296,https://www.lcsc.com/datasheet/lcsc_datasheet_1806151129_Hubei-KENTO-Elec-KT-0805Y_C2296.pdf,base,0,2026-07-24 06:07:31,Hubei KENTO Elec,KT-0805Y,0805,LED Indication - Discrete,-40℃~+85℃ 1.8V~2.4V 120° 175mcd 40mW 584nm~594nm 596nm Discrete Diode Water Clear Yellow 0805 LED Indication - Discrete ROHS,0805 黄灯 高亮,0.0152,923775,1,Optoelectronics,2026-06-07 09:28:36,20,0.304
C22961,23688-0603WAF2203T5E/C22961,https://www.lcsc.com/datasheet/lcsc_datasheet_2206010130_UNI-ROYAL-Uniroyal-Elec-0603WAF2203T5E_C22961.pdf,base,0,2026-07-24 06:07:31,UNI-ROYAL(Uniroyal Elec),0603WAF2203T5E,0603,Chip Resistor - Surface Mount,-55℃~+155℃ 100mW 220kΩ 75V Thick Film Resistor ±1% ±100ppm/℃ 0603 Chip Resistor - Surface Mount ROHS,220kΩ ±1% 100mW 厚膜电阻,0.003,2033317,1,Resistors,2026-06-07 09:28:36,20,0.06
C22962,23689-0603WAF2200T5E/C22962,https://www.lcsc.com/datasheet/lcsc_datasheet_2206010130_UNI-ROYAL-Uniroyal-Elec-0603WAF2200T5E_C22962.pdf,base,0,2026-07-24 06:07:31,UNI-ROYAL(Uniroyal Elec),0603WAF2200T5E,0603,Chip Resistor - Surface Mount,-55℃~+155℃ 100mW 220Ω 75V Thick Film Resistor ±1% ±100ppm/℃ 0603 Chip Resistor - Surface Mount ROHS,220Ω ±1% 100mW 厚膜电阻,0.0064,2939977,1,Resistors,2026-06-07 09:28:36,20,0.128
C22965,23692-0603WAF2703T5E/C22965,https://www.lcsc.com/datasheet/lcsc_datasheet_2206010130_UNI-ROYAL-Uniroyal-Elec-0603WAF2703T5E_C22965.pdf,expand,0,2026-07-24 06:07:31,UNI-ROYAL(Uniroyal Elec),0603WAF2703T5E,0603,Chip Resistor - Surface Mount,-55℃~+155℃ 100mW 270kΩ 75V Thick Film Resistor ±1% ±100ppm/℃ 0603 Chip Resistor - Surface Mount ROHS,270kΩ ±1% 100mW 厚膜电阻,0.0029,154926,1,Resistors,2026-06-07 09:28:36,20,0.058
C22966,23693-0603WAF2700T5E/C22966,https://www.lcsc.com/datasheet/lcsc_datasheet_2206010130_UNI-ROYAL-Uniroyal-Elec-0603WAF2700T5E_C22966.pdf,base,0,2026-07-24 06:07:31,UNI-ROYAL(Uniroyal Elec),0603WAF2700T5E,0603,Chip Resistor - Surface Mount,-55℃~+155℃ 100mW 270Ω 75V Thick Film Resistor ±1% ±100ppm/℃ 0603 Chip Resistor - Surface Mount ROHS,270Ω ±1% 100mW 厚膜电阻,0.0027,593422,1,Resistors,2026-06-07 09:28:36,20,0.054
C22967,23694-0603WAF2702T5E/C22967,https://www.lcsc.com/datasheet/lcsc_datasheet_2206010130_UNI-ROYAL-Uniroyal-Elec-0603WAF2702T5E_C22967.pdf,base,0,2026-07-24 06:07:31,UNI-ROYAL(Uniroyal Elec),0603WAF2702T5E,0603,Chip Resistor - Surface Mount,-55℃~+155℃ 100mW 27kΩ 75V Thick Film Resistor ±1% ±100ppm/℃ 0603 Chip Resistor - Surface Mount ROHS,27kΩ ±1% 100mW 厚膜电阻,0.0079,1161212,1,Resistors,2026-06-07 09:28:36,20,0.158
C2297,Hubei_KENTOElec-KT0805G/C2297,https://www.lcsc.com/datasheet/lcsc_datasheet_1806151820_Hubei-KENTO-Elec-KT-0805G_C2297.pdf,base,0,2026-07-24 06:07:31,Hubei KENTO Elec,KT-0805G,0805,LED Indication - Discrete,-40℃~+85℃ 100mW 120° 2.6V~3.1V 430mcd 513nm~528nm 525nm 5mA Discrete Diode Emerald Green Water Clear 0805 LED Indication - Discrete ROHS,0805 翠绿 高亮,0.0162,3069324,1,Optoelectronics,2026-06-07 09:28:36,20,0.324
C22975,23702-0603WAF2001T5E/C22975,https://www.lcsc.com/datasheet/lcsc_datasheet_2206010116_UNI-ROYAL-Uniroyal-Elec-0603WAF2001T5E_C22975.pdf,base,0,2026-07-24 06:07:31,UNI-ROYAL(Uniroyal Elec),0603WAF2001T5E,0603,Chip Resistor - Surface Mount,-55℃~+155℃ 100mW 2kΩ 75V Thick Film Resistor ±1% ±100ppm/℃ 0603 Chip Resistor - Surface Mount ROHS,2kΩ ±1% 100mW 厚膜电阻,0.0027,6928778,1,Resistors,2026-06-07 09:28:36,20,0.054
C22976,23703-0603WAF2004T5E/C22976,https://www.lcsc.com/datasheet/lcsc_datasheet_2206010116_UNI-ROYAL-Uniroyal-Elec-0603WAF2004T5E_C22976.pdf,base,0,2026-07-24 06:07:31,UNI-ROYAL(Uniroyal Elec),0603WAF2004T5E,0603,Chip Resistor - Surface Mount,-55℃~+155℃ 100mW 2MΩ 75V Thick Film Resistor ±1% ±100ppm/℃ 0603 Chip Resistor - Surface Mount ROHS,2MΩ ±1% 100mW 厚膜电阻,0.0028,238875,1,Resistors,2026-06-07 09:28:36,20,0.056
C22977,23704-0603WAF200KT5E/C22977,https://www.lcsc.com/datasheet/lcsc_datasheet_2206010116_UNI-ROYAL-Uniroyal-Elec-0603WAF200KT5E_C22977.pdf,base,0,2026-07-24 06:07:31,UNI-ROYAL(Uniroyal Elec),0603WAF200KT5E,0603,Chip Resistor - Surface Mount,-55℃~+155℃ 100mW 2Ω 75V Thick Film Resistor ±1% ±200ppm/℃ 0603 Chip Resistor - Surface Mount ROHS,2Ω ±1% 100mW 厚膜电阻,0.0038,837472,1,Resistors,2026-06-07 09:28:36,20,0.076
C22978,23705-0603WAF3301T5E/C22978,https://www.lcsc.com/datasheet/lcsc_datasheet_2206010116_UNI-ROYAL-Uniroyal-Elec-0603WAF3301T5E_C22978.pdf,base,0,2026-07-24 06:07:31,UNI-ROYAL(Uniroyal Elec),0603WAF3301T5E,0603,Chip Resistor - Surface Mount,-55℃~+155℃ 100mW 3.3kΩ 75V Thick Film Resistor ±1% ±100ppm/℃ 0603 Chip Resistor - Surface Mount ROHS,3.3kΩ ±1% 100mW 厚膜电阻,0.0086,1576822,1,Resistors,2026-06-07 09:28:36,20,0.172
C22980,23707-0603WAF3601T5E/C22980,https://www.lcsc.com/datasheet/lcsc_datasheet_2206010116_UNI-ROYAL-Uniroyal-Elec-0603WAF3601T5E_C22980.pdf,base,0,2026-07-24 06:07:31,UNI-ROYAL(Uniroyal Elec),0603WAF3601T5E,0603,Chip Resistor - Surface Mount,-55℃~+155℃ 100mW 3.6kΩ 75V Thick Film Resistor ±1% ±100ppm/℃ 0603 Chip Resistor - Surface Mount ROHS,3.6kΩ ±1% 100mW 厚膜电阻,0.0129,242246,1,Resistors,2026-06-07 09:28:36,20,0.258
C22984,23711-0603WAF3002T5E/C22984,https://www.lcsc.com/datasheet/lcsc_datasheet_2206010116_UNI-ROYAL-Uniroyal-Elec-0603WAF3002T5E_C22984.pdf,base,0,2026-07-24 06:07:31,UNI-ROYAL(Uniroyal Elec),0603WAF3002T5E,0603,Chip Resistor - Surface Mount,-55℃~+155℃ 100mW 30kΩ 75V Thick Film Resistor ±1% ±100ppm/℃ 0603 Chip Resistor - Surface Mount ROHS,30kΩ ±1% 100mW 厚膜电阻,0.0121,3325653,1,Resistors,2026-06-07 09:28:36,20,0.242
C23018,23745-0603WAF3901T5E/C23018,https://www.lcsc.com/datasheet/lcsc_datasheet_2206010116_UNI-ROYAL-Uniroyal-Elec-0603WAF3901T5E_C23018.pdf,base,0,2026-07-24 06:07:31,UNI-ROYAL(Uniroyal Elec),0603WAF3901T5E,0603,Chip Resistor - Surface Mount,-55℃~+155℃ 100mW 3.9kΩ 75V Thick Film Resistor ±1% ±100ppm/℃ 0603 Chip Resistor - Surface Mount ROHS,3.9kΩ ±1% 100mW 厚膜电阻,0.0086,1161724,1,Resistors,2026-06-07 09:28:36,20,0.172
C23024,23751-0603WAF3003T5E/C23024,https://www.lcsc.com/datasheet/lcsc_datasheet_2206010116_UNI-ROYAL-Uniroyal-Elec-0603WAF3003T5E_C23024.pdf,base,0,2026-07-24 06:07:31,UNI-ROYAL(Uniroyal Elec),0603WAF3003T5E,0603,Chip Resistor - Surface Mount,-55℃~+155℃ 100mW 300kΩ 75V Thick Film Resistor ±1% ±100ppm/℃ 0603 Chip Resistor - Surface Mount ROHS,300kΩ ±1% 100mW 厚膜电阻,0.0118,1017797,1,Resistors,2026-06-07 09:28:36,20,0.236
C23025,23752-0603WAF3000T5E/C23025,https://www.lcsc.com/datasheet/lcsc_datasheet_2206010116_UNI-ROYAL-Uniroyal-Elec-0603WAF3000T5E_C23025.pdf,base,0,2026-07-24 06:07:31,UNI-ROYAL(Uniroyal Elec),0603WAF3000T5E,0603,Chip Resistor - Surface Mount,-55℃~+155℃ 100mW 300Ω 75V Thick Film Resistor ±1% ±100ppm/℃ 0603 Chip Resistor - Surface Mount ROHS,300Ω ±1% 100mW 厚膜电阻,0.0029,523087,1,Resistors,2026-06-07 09:28:36,20,0.058
C23046,23773-0603WAF4991T5E/C23046,https://www.lcsc.com/datasheet/lcsc_datasheet_2206010116_UNI-ROYAL-Uniroyal-Elec-0603WAF4991T5E_C23046.pdf,base,0,2026-07-24 06:07:31,UNI-ROYAL(Uniroyal Elec),0603WAF4991T5E,0603,Chip Resistor - Surface Mount,-55℃~+155℃ 100mW 4.99kΩ 75V Thick Film Resistor ±1% ±100ppm/℃ 0603 Chip Resistor - Surface Mount ROHS,4.99kΩ ±1% 100mW 厚膜电阻,0.0091,973848,1,Resistors,2026-06-07 09:28:36,20,0.182
C23137,23864-0603WAF3303T5E/C23137,https://www.lcsc.com/datasheet/lcsc_datasheet_2206010116_UNI-ROYAL-Uniroyal-Elec-0603WAF3303T5E_C23137.pdf,base,0,2026-07-24 06:07:31,UNI-ROYAL(Uniroyal Elec),0603WAF3303T5E,0603,Chip Resistor - Surface Mount,-55℃~+155℃ 100mW 330kΩ 75V Thick Film Resistor ±1% ±100ppm/℃ 0603 Chip Resistor - Surface Mount ROHS,330kΩ ±1% 100mW 厚膜电阻,0.0025,1754829,1,Resistors,2026-06-07 09:28:36,20,0.05
C23138,23865-0603WAF3300T5E/C23138,https://www.lcsc.com/datasheet/lcsc_datasheet_2206010116_UNI-ROYAL-Uniroyal-Elec-0603WAF3300T5E_C23138.pdf,base,0,2026-07-24 06:07:31,UNI-ROYAL(Uniroyal Elec),0603WAF3300T5E,0603,Chip Resistor - Surface Mount,-55℃~+155℃ 100mW 330Ω 75V Thick Film Resistor ±1% ±100ppm/℃ 0603 Chip Resistor - Surface Mount ROHS,330Ω ±1% 100mW 厚膜电阻,0.0139,2264873,1,Resistors,2026-06-07 09:28:36,20,0.278
C23140,23867-0603WAF330JT5E/C23140,https://www.lcsc.com/datasheet/lcsc_datasheet_2206010116_UNI-ROYAL-Uniroyal-Elec-0603WAF330JT5E_C23140.pdf,base,0,2026-07-24 06:07:31,UNI-ROYAL(Uniroyal Elec),0603WAF330JT5E,0603,Chip Resistor - Surface Mount,-55℃~+155℃ 100mW 33Ω 75V Thick Film Resistor ±1% ±100ppm/℃ 0603 Chip Resistor - Surface Mount ROHS,33Ω ±1% 100mW 厚膜电阻,0.0079,3744616,1,Resistors,2026-06-07 09:28:36,20,0.158
C23146,23873-0603WAF3603T5E/C23146,https://www.lcsc.com/datasheet/lcsc_datasheet_2206010116_UNI-ROYAL-Uniroyal-Elec-0603WAF3603T5E_C23146.pdf,expand,0,2026-07-24 06:07:31,UNI-ROYAL(Uniroyal Elec),0603WAF3603T5E,0603,Chip Resistor - Surface Mount,-55℃~+155℃ 100mW 360kΩ 75V Thick Film Resistor ±1% ±100ppm/℃ 0603 Chip Resistor - Surface Mount ROHS,360kΩ ±1% 100mW 厚膜电阻,0.0031,183749,1,Resistors,2026-06-07 09:28:36,20,0.062
C23147,23874-0603WAF3602T5E/C23147,https://www.lcsc.com/datasheet/lcsc_datasheet_2206010116_UNI-ROYAL-Uniroyal-Elec-0603WAF3602T5E_C23147.pdf,expand,0,2026-07-24 06:07:31,UNI-ROYAL(Uniroyal Elec),0603WAF3602T5E,0603,Chip Resistor - Surface Mount,-55℃~+155℃ 100mW 36kΩ 75V Thick Film Resistor ±1% ±100ppm/℃ 0603 Chip Resistor - Surface Mount ROHS,36kΩ ±1% 100mW 厚膜电阻,0.0029,218154,1,Resistors,2026-06-07 09:28:36,20,0.058
C23150,23877-0603WAF3903T5E/C23150,https://www.lcsc.com/datasheet/lcsc_datasheet_2206010116_UNI-ROYAL-Uniroyal-Elec-0603WAF3903T5E_C23150.pdf,expand,0,2026-07-24 06:07:31,UNI-ROYAL(Uniroyal Elec),0603WAF3903T5E,0603,Chip Resistor - Surface Mount,-55℃~+155℃ 100mW 390kΩ 75V Thick Film Resistor ±1% ±100ppm/℃ 0603 Chip Resistor - Surface Mount ROHS,390kΩ ±1% 100mW 厚膜电阻,0.0035,432574,1,Resistors,2026-06-07 09:28:36,20,0.07
C23151,23878-0603WAF3900T5E/C23151,https://www.lcsc.com/datasheet/lcsc_datasheet_2206010116_UNI-ROYAL-Uniroyal-Elec-0603WAF3900T5E_C23151.pdf,base,0,2026-07-24 06:07:31,UNI-ROYAL(Uniroyal Elec),0603WAF3900T5E,0603,Chip Resistor - Surface Mount,-55℃~+155℃ 100mW 390Ω 75V Thick Film Resistor ±1% ±100ppm/℃ 0603 Chip Resistor - Surface Mount ROHS,390Ω ±1% 100mW 厚膜电阻,0.0073,733036,1,Resistors,2026-06-07 09:28:36,20,0.146
C23153,23880-0603WAF3902T5E/C23153,https://www.lcsc.com/datasheet/lcsc_datasheet_2206010116_UNI-ROYAL-Uniroyal-Elec-0603WAF3902T5E_C23153.pdf,base,0,2026-07-24 06:07:31,UNI-ROYAL(Uniroyal Elec),0603WAF3902T5E,0603,Chip Resistor - Surface Mount,-55℃~+155℃ 100mW 39kΩ 75V Thick Film Resistor ±1% ±100ppm/℃ 0603 Chip Resistor - Surface Mount ROHS,39kΩ ±1% 100mW 厚膜电阻,0.0028,1138552,1,Resistors,2026-06-07 09:28:36,20,0.056
C23156,23883-0603WAF3004T5E/C23156,https://www.lcsc.com/datasheet/lcsc_datasheet_2206010116_UNI-ROYAL-Uniroyal-Elec-0603WAF3004T5E_C23156.pdf,expand,0,2026-07-24 06:07:31,UNI-ROYAL(Uniroyal Elec),0603WAF3004T5E,0603,Chip Resistor - Surface Mount,-55℃~+155℃ 100mW 3MΩ 75V Thick Film Resistor ±1% ±100ppm/℃ 0603 Chip Resistor - Surface Mount ROHS,3MΩ ±1% 100mW 厚膜电阻,0.0033,106688,1,Resistors,2026-06-07 09:28:36,20,0.066
C23159,23886-0603WAF4301T5E/C23159,https://www.lcsc.com/datasheet/lcsc_datasheet_2206010116_UNI-ROYAL-Uniroyal-Elec-0603WAF4301T5E_C23159.pdf,expand,0,2026-07-24 06:07:31,UNI-ROYAL(Uniroyal Elec),0603WAF4301T5E,0603,Chip Resistor - Surface Mount,-55℃~+155℃ 100mW 4.3kΩ 75V Thick Film Resistor ±1% ±100ppm/℃ 0603 Chip Resistor - Surface Mount ROHS,4.3kΩ ±1% 100mW 厚膜电阻,0.0018,30479,4976,Resistors,2026-06-07 09:28:36,4986,8.9748
C23162,23889-0603WAF4701T5E/C23162,https://www.lcsc.com/datasheet/lcsc_datasheet_2206010116_UNI-ROYAL-Uniroyal-Elec-0603WAF4701T5E_C23162.pdf,base,0,2026-07-24 06:07:31,UNI-ROYAL(Uniroyal Elec),0603WAF4701T5E,0603,Chip Resistor - Surface Mount,-55℃~+155℃ 100mW 4.7kΩ 75V Thick Film Resistor ±1% ±100ppm/℃ 0603 Chip Resistor - Surface Mount ROHS,4.7kΩ ±1% 100mW 厚膜电阻,0.0019,4740036,4714,Resistors,2026-06-07 09:28:36,4724,8.9756
C23163,23890-0603WAF4704T5E/C23163,https://www.lcsc.com/datasheet/lcsc_datasheet_2206010116_UNI-ROYAL-Uniroyal-Elec-0603WAF4704T5E_C23163.pdf,expand,0,2026-07-24 06:07:31,UNI-ROYAL(Uniroyal Elec),0603WAF4704T5E,0603,Chip Resistor - Surface Mount,-55℃~+155℃ 100mW 4.7MΩ 75V Thick Film Resistor ±1% ±100ppm/℃ 0603 Chip Resistor - Surface Mount ROHS,4.7MΩ ±1% 100mW 厚膜电阻,0.0032,242606,1,Resistors,2026-06-07 09:28:36,20,0.064
C23164,23891-0603WAF470KT5E/C23164,https://www.lcsc.com/datasheet/lcsc_datasheet_2206010116_UNI-ROYAL-Uniroyal-Elec-0603WAF470KT5E_C23164.pdf,base,0,2026-07-24 06:07:31,UNI-ROYAL(Uniroyal Elec),0603WAF470KT5E,0603,Chip Resistor - Surface Mount,-55℃~+155℃ 100mW 4.7Ω 75V Thick Film Resistor ±1% ±400ppm/℃ 0603 Chip Resistor - Surface Mount ROHS,4.7Ω ±1% 100mW 厚膜电阻,0.0039,355807,1,Resistors,2026-06-07 09:28:36,20,0.078
C23170,23897-0603WAF4300T5E/C23170,https://www.lcsc.com/datasheet/lcsc_datasheet_2206010116_UNI-ROYAL-Uniroyal-Elec-0603WAF4300T5E_C23170.pdf,expand,0,2026-07-24 06:07:31,UNI-ROYAL(Uniroyal Elec),0603WAF4300T5E,0603,Chip Resistor - Surface Mount,-55℃~+155℃ 100mW 430Ω 75V Thick Film Resistor ±1% ±100ppm/℃ 0603 Chip Resistor - Surface Mount ROHS,430Ω ±1% 100mW 厚膜电阻,0.0039,158319,1,Resistors,2026-06-07 09:28:36,20,0.078
C23172,23899-0603WAF4302T5E/C23172,https://www.lcsc.com/datasheet/lcsc_datasheet_2206010116_UNI-ROYAL-Uniroyal-Elec-0603WAF4302T5E_C23172.pdf,expand,0,2026-07-24 06:07:31,UNI-ROYAL(Uniroyal Elec),0603WAF4302T5E,0603,Chip Resistor - Surface Mount,-55℃~+155℃ 100mW 43kΩ 75V Thick Film Resistor ±1% ±100ppm/℃ 0603 Chip Resistor - Surface Mount ROHS,43kΩ ±1% 100mW 厚膜电阻,0.0076,147799,1,Resistors,2026-06-07 09:28:36,20,0.152
C23178,23905-0603WAF4703T5E/C23178,https://www.lcsc.com/datasheet/lcsc_datasheet_2206010116_UNI-ROYAL-Uniroyal-Elec-0603WAF4703T5E_C23178.pdf,base,0,2026-07-24 06:07:31,UNI-ROYAL(Uniroyal Elec),0603WAF4703T5E,0603,Chip Resistor - Surface Mount,-55℃~+155℃ 100mW 470kΩ 75V Thick Film Resistor ±1% ±100ppm/℃ 0603 Chip Resistor - Surface Mount ROHS,470kΩ ±1% 100mW 厚膜电阻,0.0088,1134263,1,Resistors,2026-06-07 09:28:36,20,0.176
C23179,23906-0603WAF4700T5E/C23179,https://www.lcsc.com/datasheet/lcsc_datasheet_2206010116_UNI-ROYAL-Uniroyal-Elec-0603WAF4700T5E_C23179.pdf,base,0,2026-07-24 06:07:31,UNI-ROYAL(Uniroyal Elec),0603WAF4700T5E,0603,Chip Resistor - Surface Mount,-55℃~+155℃ 100mW 470Ω 75V Thick Film Resistor ±1% ±100ppm/℃ 0603 Chip Resistor - Surface Mount ROHS,470Ω ±1% 100mW 厚膜电阻,0.0023,1014409,3894,Resistors,2026-06-07 09:28:36,3904,8.9792
C23182,23909-0603WAF470JT5E/C23182,https://www.lcsc.com/datasheet/lcsc_datasheet_2206010116_UNI-ROYAL-Uniroyal-Elec-0603WAF470JT5E_C23182.pdf,base,0,2026-07-24 06:07:31,UNI-ROYAL(Uniroyal Elec),0603WAF470JT5E,0603,Chip Resistor - Surface Mount,-55℃~+155℃ 100mW 47Ω 75V Thick Film Resistor ±1% ±100ppm/℃ 0603 Chip Resistor - Surface Mount ROHS,47Ω ±1% 100mW 厚膜电阻,0.0086,2521750,1,Resistors,2026-06-07 09:28:36,20,0.172
C23184,23911-0603WAF4992T5E/C23184,https://www.lcsc.com/datasheet/lcsc_datasheet_2206010116_UNI-ROYAL-Uniroyal-Elec-0603WAF4992T5E_C23184.pdf,base,0,2026-07-24 06:07:31,UNI-ROYAL(Uniroyal Elec),0603WAF4992T5E,0603,Chip Resistor - Surface Mount,-55℃~+155℃ 100mW 49.9kΩ 75V Thick Film Resistor ±1% ±100ppm/℃ 0603 Chip Resistor - Surface Mount ROHS,49.9kΩ ±1% 100mW 厚膜电阻,0.0027,510737,1,Resistors,2026-06-07 09:28:36,20,0.054
C23185,23912-0603WAF499JT5E/C23185,https://www.lcsc.com/datasheet/lcsc_datasheet_2206010116_UNI-ROYAL-Uniroyal-Elec-0603WAF499JT5E_C23185.pdf,base,0,2026-07-24 06:07:31,UNI-ROYAL(Uniroyal Elec),0603WAF499JT5E,0603,Chip Resistor - Surface Mount,-55℃~+155℃ 100mW 49.9Ω 75V Thick Film Resistor ±1% ±100ppm/℃ 0603 Chip Resistor - Surface Mount ROHS,49.9Ω ±1% 100mW 厚膜电阻,0.0028,2586715,1,Resistors,2026-06-07 09:28:36,20,0.056
C23186,23913-0603WAF5101T5E/C23186,https://www.lcsc.com/datasheet/lcsc_datasheet_2206010116_UNI-ROYAL-Uniroyal-Elec-0603WAF5101T5E_C23186.pdf,base,0,2026-07-24 06:07:31,UNI-ROYAL(Uniroyal Elec),0603WAF5101T5E,0603,Chip Resistor - Surface Mount,-55℃~+155℃ 100mW 5.1kΩ 75V Thick Film Resistor ±1% ±100ppm/℃ 0603 Chip Resistor - Surface Mount ROHS,5.1kΩ ±1% 100mW 厚膜电阻,0.0028,3135821,1,Resistors,2026-06-07 09:28:36,20,0.056
C23189,23916-0603WAF5601T5E/C23189,https://www.lcsc.com/datasheet/lcsc_datasheet_2206010116_UNI-ROYAL-Uniroyal-Elec-0603WAF5601T5E_C23189.pdf,base,0,2026-07-24 06:07:31,UNI-ROYAL(Uniroyal Elec),0603WAF5601T5E,0603,Chip Resistor - Surface Mount,-55℃~+155℃ 100mW 5.6kΩ 75V Thick Film Resistor ±1% ±100ppm/℃ 0603 Chip Resistor - Surface Mount ROHS,5.6kΩ ±1% 100mW 厚膜电阻,0.0073,554327,1,Resistors,2026-06-07 09:28:36,20,0.146
C23192,23919-0603WAF5103T5E/C23192,https://www.lcsc.com/datasheet/lcsc_datasheet_2206010116_UNI-ROYAL-Uniroyal-Elec-0603WAF5103T5E_C23192.pdf,base,0,2026-07-24 06:07:31,UNI-ROYAL(Uniroyal Elec),0603WAF5103T5E,0603,Chip Resistor - Surface Mount,-55℃~+155℃ 100mW 510kΩ 75V Thick Film Resistor ±1% ±100ppm/℃ 0603 Chip Resistor - Surface Mount ROHS,510kΩ ±1% 100mW 厚膜电阻,0.0086,598758,1,Resistors,2026-06-07 09:28:36,20,0.172
C23193,23920-0603WAF5100T5E/C23193,https://www.lcsc.com/datasheet/lcsc_datasheet_2206010116_UNI-ROYAL-Uniroyal-Elec-0603WAF5100T5E_C23193.pdf,base,0,2026-07-24 06:07:31,UNI-ROYAL(Uniroyal Elec),0603WAF5100T5E,0603,Chip Resistor - Surface Mount,-55℃~+155℃ 100mW 510Ω 75V Thick Film Resistor ±1% ±100ppm/℃ 0603 Chip Resistor - Surface Mount ROHS,510Ω ±1% 100mW 厚膜电阻,0.003,1137689,1,Resistors,2026-06-07 09:28:36,20,0.06
C23196,23923-0603WAF5102T5E/C23196,https://www.lcsc.com/datasheet/lcsc_datasheet_2206010116_UNI-ROYAL-Uniroyal-Elec-0603WAF5102T5E_C23196.pdf,base,0,2026-07-24 06:07:31,UNI-ROYAL(Uniroyal Elec),0603WAF5102T5E,0603,Chip Resistor - Surface Mount,-55℃~+155℃ 100mW 51kΩ 75V Thick Film Resistor ±1% ±100ppm/℃ 0603 Chip Resistor - Surface Mount ROHS,51kΩ ±1% 100mW 厚膜电阻,0.0073,1191995,1,Resistors,2026-06-07 09:28:36,20,0.146
C23197,23924-0603WAF510JT5E/C23197,https://www.lcsc.com/datasheet/lcsc_datasheet_2206010116_UNI-ROYAL-Uniroyal-Elec-0603WAF510JT5E_C23197.pdf,base,0,2026-07-24 06:07:31,UNI-ROYAL(Uniroyal Elec),0603WAF510JT5E,0603,Chip Resistor - Surface Mount,-55℃~+155℃ 100mW 51Ω 75V Thick Film Resistor ±1% ±100ppm/℃ 0603 Chip Resistor - Surface Mount ROHS,51Ω ±1% 100mW 厚膜电阻,0.0046,3379627,1,Resistors,2026-06-07 09:28:36,20,0.092
C23203,23930-0603WAF5603T5E/C23203,https://www.lcsc.com/datasheet/lcsc_datasheet_2206010116_UNI-ROYAL-Uniroyal-Elec-0603WAF5603T5E_C23203.pdf,expand,0,2026-07-24 06:07:31,UNI-ROYAL(Uniroyal Elec),0603WAF5603T5E,0603,Chip Resistor - Surface Mount,-55℃~+155℃ 100mW 560kΩ 75V Thick Film Resistor ±1% ±100ppm/℃ 0603 Chip Resistor - Surface Mount ROHS,560kΩ ±1% 100mW 厚膜电阻,0.003,622910,1,Resistors,2026-06-07 09:28:36,20,0.06
C23204,23931-0603WAF5600T5E/C23204,https://www.lcsc.com/datasheet/lcsc_datasheet_2206010116_UNI-ROYAL-Uniroyal-Elec-0603WAF5600T5E_C23204.pdf,base,0,2026-07-24 06:07:31,UNI-ROYAL(Uniroyal Elec),0603WAF5600T5E,0603,Chip Resistor - Surface Mount,-55℃~+155℃ 100mW 560Ω 75V Thick Film Resistor ±1% ±100ppm/℃ 0603 Chip Resistor - Surface Mount ROHS,560Ω ±1% 100mW 厚膜电阻,0.0069,3205095,1,Resistors,2026-06-07 09:28:36,20,0.138
C23206,23933-0603WAF5602T5E/C23206,https://www.lcsc.com/datasheet/lcsc_datasheet_2206010116_UNI-ROYAL-Uniroyal-Elec-0603WAF5602T5E_C23206.pdf,base,0,2026-07-24 06:07:31,UNI-ROYAL(Uniroyal Elec),0603WAF5602T5E,0603,Chip Resistor - Surface Mount,-55℃~+155℃ 100mW 56kΩ 75V Thick Film Resistor ±1% ±100ppm/℃ 0603 Chip Resistor - Surface Mount ROHS,56kΩ ±1% 100mW 厚膜电阻,0.0081,1183307,1,Resistors,2026-06-07 09:28:36,20,0.162
C23212,23939-0603WAF6801T5E/C23212,https://www.lcsc.com/datasheet/lcsc_datasheet_2206010116_UNI-ROYAL-Uniroyal-Elec-0603WAF6801T5E_C23212.pdf,base,0,2026-07-24 06:07:31,UNI-ROYAL(Uniroyal Elec),0603WAF6801T5E,0603,Chip Resistor - Surface Mount,-55℃~+155℃ 100mW 6.8kΩ 75V Thick Film Resistor ±1% ±100ppm/℃ 0603 Chip Resistor - Surface Mount ROHS,6.8kΩ ±1% 100mW 厚膜电阻,0.0029,657286,1,Resistors,2026-06-07 09:28:36,20,0.058
C23220,23947-0603WAF6200T5E/C23220,https://www.lcsc.com/datasheet/lcsc_datasheet_2206010116_UNI-ROYAL-Uniroyal-Elec-0603WAF6200T5E_C23220.pdf,expand,0,2026-07-24 06:07:31,UNI-ROYAL(Uniroyal Elec),0603WAF6200T5E,0603,Chip Resistor - Surface Mount,-55℃~+155℃ 100mW 620Ω 75V Thick Film Resistor ±1% ±100ppm/℃ 0603 Chip Resistor - Surface Mount ROHS,620Ω ±1% 100mW 厚膜电阻,0.011,50523,815,Resistors,2026-06-07 09:28:36,825,9.075
C23221,23948-0603WAF6202T5E/C23221,https://www.lcsc.com/datasheet/lcsc_datasheet_2206010116_UNI-ROYAL-Uniroyal-Elec-0603WAF6202T5E_C23221.pdf,expand,0,2026-07-24 06:07:31,UNI-ROYAL(Uniroyal Elec),0603WAF6202T5E,0603,Chip Resistor - Surface Mount,-55℃~+155℃ 100mW 62kΩ 75V Thick Film Resistor ±1% ±100ppm/℃ 0603 Chip Resistor - Surface Mount ROHS,62kΩ ±1% 100mW 厚膜电阻,0.0092,369488,1,Resistors,2026-06-07 09:28:36,20,0.184
C23228,23955-0603WAF6800T5E/C23228,https://www.lcsc.com/datasheet/lcsc_datasheet_2206010100_UNI-ROYAL-Uniroyal-Elec-0603WAF6800T5E_C23228.pdf,base,0,2026-07-24 06:07:31,UNI-ROYAL(Uniroyal Elec),0603WAF6800T5E,0603,Chip Resistor - Surface Mount,-55℃~+155℃ 100mW 680Ω 75V Thick Film Resistor ±1% ±100ppm/℃ 0603 Chip Resistor - Surface Mount ROHS,680Ω ±1% 100mW 厚膜电阻,0.0025,982241,1,Resistors,2026-06-07 09:28:36,20,0.05
C23231,23958-0603WAF6802T5E/C23231,https://www.lcsc.com/datasheet/lcsc_datasheet_2206010100_UNI-ROYAL-Uniroyal-Elec-0603WAF6802T5E_C23231.pdf,base,0,2026-07-24 06:07:31,UNI-ROYAL(Uniroyal Elec),0603WAF6802T5E,0603,Chip Resistor - Surface Mount,-55℃~+155℃ 100mW 68kΩ 75V Thick Film Resistor ±1% ±100ppm/℃ 0603 Chip Resistor - Surface Mount ROHS,68kΩ ±1% 100mW 厚膜电阻,0.0027,2100171,1,Resistors,2026-06-07 09:28:36,20,0.054
C23234,23961-0603WAF7501T5E/C23234,https://www.lcsc.com/datasheet/lcsc_datasheet_2206010100_UNI-ROYAL-Uniroyal-Elec-0603WAF7501T5E_C23234.pdf,base,0,2026-07-24 06:07:31,UNI-ROYAL(Uniroyal Elec),0603WAF7501T5E,0603,Chip Resistor - Surface Mount,-55℃~+155℃ 100mW 7.5kΩ 75V Thick Film Resistor ±1% ±100ppm/℃ 0603 Chip Resistor - Surface Mount ROHS,7.5kΩ ±1% 100mW 厚膜电阻,0.0075,826914,1,Resistors,2026-06-07 09:28:36,20,0.15
C23240,23967-0603WAF7503T5E/C23240,https://www.lcsc.com/datasheet/lcsc_datasheet_2206010100_UNI-ROYAL-Uniroyal-Elec-0603WAF7503T5E_C23240.pdf,expand,0,2026-07-24 06:07:31,UNI-ROYAL(Uniroyal Elec),0603WAF7503T5E,0603,Chip Resistor - Surface Mount,-55℃~+155℃ 100mW 750kΩ 75V Thick Film Resistor ±1% ±100ppm/℃ 0603 Chip Resistor - Surface Mount ROHS,750kΩ ±1% 100mW 厚膜电阻,0.0024,1561,3732,Resistors,2026-06-07 09:28:36,3742,8.9808
C23241,23968-0603WAF7500T5E/C23241,https://www.lcsc.com/datasheet/lcsc_datasheet_2206010100_UNI-ROYAL-Uniroyal-Elec-0603WAF7500T5E_C23241.pdf,expand,0,2026-07-24 06:07:31,UNI-ROYAL(Uniroyal Elec),0603WAF7500T5E,0603,Chip Resistor - Surface Mount,-55℃~+155℃ 100mW 750Ω 75V Thick Film Resistor ±1% ±100ppm/℃ 0603 Chip Resistor - Surface Mount ROHS,750Ω ±1% 100mW 厚膜电阻,0.0097,610108,1,Resistors,2026-06-07 09:28:36,20,0.194
C23242,23969-0603WAF7502T5E/C23242,https://www.lcsc.com/datasheet/lcsc_datasheet_2206010100_UNI-ROYAL-Uniroyal-Elec-0603WAF7502T5E_C23242.pdf,base,0,2026-07-24 06:07:31,UNI-ROYAL(Uniroyal Elec),0603WAF7502T5E,0603,Chip Resistor - Surface Mount,-55℃~+155℃ 100mW 75V 75kΩ Thick Film Resistor ±1% ±100ppm/℃ 0603 Chip Resistor - Surface Mount ROHS,75kΩ ±1% 100mW 厚膜电阻,0.005,803213,1,Resistors,2026-06-07 09:28:36,20,0.1
C23253,23980-0603WAF8200T5E/C23253,https://www.lcsc.com/datasheet/lcsc_datasheet_2206010100_UNI-ROYAL-Uniroyal-Elec-0603WAF8200T5E_C23253.pdf,base,0,2026-07-24 06:07:31,UNI-ROYAL(Uniroyal Elec),0603WAF8200T5E,0603,Chip Resistor - Surface Mount,-55℃~+155℃ 100mW 75V 820Ω Thick Film Resistor ±1% ±100ppm/℃ 0603 Chip Resistor - Surface Mount ROHS,820Ω ±1% 100mW 厚膜电阻,0.0025,1370796,1,Resistors,2026-06-07 09:28:36,20,0.05
C23254,23981-0603WAF8202T5E/C23254,https://www.lcsc.com/datasheet/lcsc_datasheet_2206010100_UNI-ROYAL-Uniroyal-Elec-0603WAF8202T5E_C23254.pdf,base,0,2026-07-24 06:07:31,UNI-ROYAL(Uniroyal Elec),0603WAF8202T5E,0603,Chip Resistor - Surface Mount,-55℃~+155℃ 100mW 75V 82kΩ Thick Film Resistor ±1% ±100ppm/℃ 0603 Chip Resistor - Surface Mount ROHS,82kΩ ±1% 100mW 厚膜电阻,0.0076,914242,1,Resistors,2026-06-07 09:28:36,20,0.152
C23255,23982-0603WAF820JT5E/C23255,https://www.lcsc.com/datasheet/lcsc_datasheet_2206010100_UNI-ROYAL-Uniroyal-Elec-0603WAF820JT5E_C23255.pdf,expand,0,2026-07-24 06:07:31,UNI-ROYAL(Uniroyal Elec),0603WAF820JT5E,0603,Chip Resistor - Surface Mount,-55℃~+155℃ 100mW 75V 82Ω Thick Film Resistor ±1% ±100ppm/℃ 0603 Chip Resistor - Surface Mount ROHS,82Ω ±1% 100mW 厚膜电阻,0.0023,0,3894,Resistors,2026-06-07 09:28:36,3906,8.9838
C23260,23987-0603WAF9101T5E/C23260,https://www.lcsc.com/datasheet/lcsc_datasheet_2206010100_UNI-ROYAL-Uniroyal-Elec-0603WAF9101T5E_C23260.pdf,base,0,2026-07-24 06:07:31,UNI-ROYAL(Uniroyal Elec),0603WAF9101T5E,0603,Chip Resistor - Surface Mount,-55℃~+155℃ 100mW 75V 9.1kΩ Thick Film Resistor ±1% ±100ppm/℃ 0603 Chip Resistor - Surface Mount ROHS,9.1kΩ ±1% 100mW 厚膜电阻,0.0086,903802,1,Resistors,2026-06-07 09:28:36,20,0.172
C23265,23992-0603WAF9102T5E/C23265,https://www.lcsc.com/datasheet/lcsc_datasheet_2206010100_UNI-ROYAL-Uniroyal-Elec-0603WAF9102T5E_C23265.pdf,expand,0,2026-07-24 06:07:31,UNI-ROYAL(Uniroyal Elec),0603WAF9102T5E,0603,Chip Resistor - Surface Mount,-55℃~+155℃ 100mW 75V 91kΩ Thick Film Resistor ±1% ±100ppm/℃ 0603 Chip Resistor - Surface Mount ROHS,91kΩ ±1% 100mW 厚膜电阻,0.0029,173297,1,Resistors,2026-06-07 09:28:36,20,0.058
C23345,24078-0603WAF220JT5E/C23345,https://www.lcsc.com/datasheet/lcsc_datasheet_2206010100_UNI-ROYAL-Uniroyal-Elec-0603WAF220JT5E_C23345.pdf,base,0,2026-07-24 06:07:31,UNI-ROYAL(Uniroyal Elec),0603WAF220JT5E,0603,Chip Resistor - Surface Mount,-55℃~+155℃ 100mW 22Ω 75V Thick Film Resistor ±1% ±100ppm/℃ 0603 Chip Resistor - Surface Mount ROHS,22Ω ±1% 100mW 厚膜电阻,0.0023,531542,3894,Resistors,2026-06-07 09:28:36,3904,8.9792
C23350,24083-0603WAF2400T5E/C23350,https://www.lcsc.com/datasheet/lcsc_datasheet_2206010100_UNI-ROYAL-Uniroyal-Elec-0603WAF2400T5E_C23350.pdf,expand,0,2026-07-24 06:07:31,UNI-ROYAL(Uniroyal Elec),0603WAF2400T5E,0603,Chip Resistor - Surface Mount,-55℃~+155℃ 100mW 240Ω 75V Thick Film Resistor ±1% ±100ppm/℃ 0603 Chip Resistor - Surface Mount ROHS,240Ω ±1% 100mW 厚膜电阻,0.0029,231615,1,Resistors,2026-06-07 09:28:36,20,0.058
C23352,24085-0603WAF2402T5E/C23352,https://www.lcsc.com/datasheet/lcsc_datasheet_2206010100_UNI-ROYAL-Uniroyal-Elec-0603WAF2402T5E_C23352.pdf,base,0,2026-07-24 06:07:31,UNI-ROYAL(Uniroyal Elec),0603WAF2402T5E,0603,Chip Resistor - Surface Mount,-55℃~+155℃ 100mW 24kΩ 75V Thick Film Resistor ±1% ±100ppm/℃ 0603 Chip Resistor - Surface Mount ROHS,24kΩ ±1% 100mW 厚膜电阻,0.0093,871998,1,Resistors,2026-06-07 09:28:36,20,0.186
C23630,24366-CL10A225KO8NNNC/C23630,https://www.lcsc.com/datasheet/lcsc_datasheet_2304140030_Samsung-Electro-Mechanics-CL10A225KO8NNNC_C23630.pdf,base,0,2026-07-24 06:07:31,Samsung Electro-Mechanics,CL10A225KO8NNNC,0603,Multilayer Ceramic Capacitors MLCC - SMD/SMT,16V 2.2uF X5R ±10% 0603 Multilayer Ceramic Capacitors MLCC - SMD/SMT ROHS,2.2uF ±10% 16V,0.0287,3869193,1,Capacitors,2026-06-07 09:28:36,20,0.574
C23733,24469-CL05A475MP5NRNC/C23733,https://www.lcsc.com/datasheet/lcsc_datasheet_2304140030_Samsung-Electro-Mechanics-CL05A475MP5NRNC_C23733.pdf,base,0,2026-07-24 06:07:31,Samsung Electro-Mechanics,CL05A475MP5NRNC,0402,Multilayer Ceramic Capacitors MLCC - SMD/SMT,10V 4.7uF X5R ±20% 0402 Multilayer Ceramic Capacitors MLCC - SMD/SMT ROHS,4.7uF ±20% 10V,0.0313,3915465,1,Capacitors,2026-06-07 09:28:36,20,0.626
C23922,STMicroelectronics-STM32F030C8T6/C23922,https://www.lcsc.com/datasheet/lcsc_datasheet_2304140030_STMicroelectronics-STM32F030C8T6_C23922.pdf,expand,0,2026-07-24 06:07:31,STMicroelectronics,STM32F030C8T6,LQFP-48(7x7),Microcontrollers (MCU/MPU/SOC),-40℃~+85℃ 12bit 2.4V~3.6V 32 Bit 39 48MHz 64KB 8KB ARM Cortex-M0 Built-in FLASH LQFP-48(7x7) Microcontrollers (MCU/MPU/SOC) ROHS,主流ARM Cortex-M0超值系列MCU，具有64 KB Flash和48 MHz CPU,1.3741,50643,1,Embedded Processors & Controllers,2026-06-07 09:28:36,1,1.3741
C24112,TDKInvenSense-MPU6050/C24112,https://www.lcsc.com/datasheet/lcsc_datasheet_1811071024_TDK-InvenSense-MPU-6050_C24112.pdf,expand,0,2026-07-24 06:07:31,TDK InvenSense,MPU-6050,QFN-24-EP(4x4),Accelerometers,"-40℃~+85℃ 16bit 1KB 2.375V~3.46V 5uA Accelerometer Gyroscope I2C X,Y,Z X,Y,Z ±16g ±2000dps QFN-24-EP(4x4) Accelerometers ROHS",MPU-6050,14.4814,19212,1,Sensors,2026-06-07 09:28:36,1,14.4814
C24278,25018-B772_RANGE_160_320/C24278,https://www.lcsc.com/datasheet/lcsc_datasheet_1809211023_Jiangsu-Changjing-Electronics-Technology-Co---Ltd--B772-RANGE-160-320_C24278.pdf,expand,0,2026-07-24 06:07:31,"Jiangsu Changjing Electronics Technology Co., Ltd.",B772(RANGE:160-320),SOT-89-3L,Bipolar (BJT),-55℃~+150℃ 1 PNP 160 1uA 30V 3A 500mV 500mW 50MHz 6V PNP SOT-89-3L Bipolar (BJT) ROHS,B772(RANGE:160-320),0.0804,99747,1,Transistors/Thyristors,2026-06-07 09:28:36,5,0.402
C24497,25237-CL31B104KBCNNNC/C24497,https://www.lcsc.com/datasheet/lcsc_datasheet_2304140030_Samsung-Electro-Mechanics-CL31B104KBCNNNC_C24497.pdf,base,0,2026-07-24 06:07:31,Samsung Electro-Mechanics,CL31B104KBCNNNC,1206,Multilayer Ceramic Capacitors MLCC - SMD/SMT,100nF 50V X7R ±10% 1206 Multilayer Ceramic Capacitors MLCC - SMD/SMT ROHS,100nF ±10% 50V,0.0369,2447256,1,Capacitors,2026-06-07 09:28:36,15,0.5535
C2480,MDD_Microdiode_Semiconductor-SS14/C2480,https://www.lcsc.com/datasheet/lcsc_datasheet_2407101109_MDD-Microdiode-Semiconductor-SS14_C2480.pdf,base,0,2026-07-24 06:07:31,MDD(Microdiode Semiconductor),SS14,SMA(DO-214AC),Schottky Diodes,-55℃~+150℃ 1A 25A 300uA@40V 40V 550mV@1A Independent SMA(DO-214AC) Schottky Diodes ROHS,SS14,0.0189,2078516,1,Diodes,2026-06-07 09:28:36,11,0.2079
C2488,2865-MB10S50MIL/C2488,https://www.lcsc.com/datasheet/lcsc_datasheet_2408090954_MDD-Microdiode-Semiconductor-MB10S_C2488.pdf,base,0,2026-07-24 06:07:31,MDD(Microdiode Semiconductor),MB10S-50MIL,MBS,Bridge Rectifiers,-55℃~+150℃ 1.1V@400mA 1A 1kV 35A 5uA@1kV Single-Phase Rectifier MBS Bridge Rectifiers ROHS,MB10S-50MIL,0.0268,798745,1,Diodes,2026-06-07 09:28:36,10,0.268
C2500,Nexperia-BAV99215/C2500,https://www.lcsc.com/datasheet/lcsc_datasheet_2407250951_Nexperia-BAV99-215_C2500.pdf,base,0,2026-07-24 06:07:31,Nexperia,"BAV99,215",SOT-23,Switching Diodes,1 Pair Series Connection 1.25V@150mA 100V 215mA 250mW 4A 4ns 500nA@80V SOT-23 Switching Diodes ROHS,"BAV99,215",0.0128,1255072,1,Diodes,2026-06-07 09:28:36,10,0.128
C25076,25819-0402WGF1000TCE/C25076,https://www.lcsc.com/datasheet/lcsc_datasheet_2205311900_UNI-ROYAL-Uniroyal-Elec-0402WGF1000TCE_C25076.pdf,base,0,2026-07-24 06:07:31,UNI-ROYAL(Uniroyal Elec),0402WGF1000TCE,0402,Chip Resistor - Surface Mount,-55℃~+155℃ 100Ω 50V 62.5mW Thick Film Resistor ±1% ±100ppm/℃ 0402 Chip Resistor - Surface Mount ROHS,100Ω ±1% 62.5mW 厚膜电阻,0.0015,1086560,5971,Resistors,2026-06-07 09:28:36,5981,8.9715
C25077,25820-0402WGF100JTCE/C25077,https://www.lcsc.com/datasheet/lcsc_datasheet_2411221126_UNI-ROYAL-Uniroyal-Elec-0402WGF100JTCE_C25077.pdf,base,0,2026-07-24 06:07:31,UNI-ROYAL(Uniroyal Elec),0402WGF100JTCE,0402,Chip Resistor - Surface Mount,-55℃~+155℃ 10Ω 50V 62.5mW Thick Film Resistor ±1% ±200ppm/℃ 0402 Chip Resistor - Surface Mount ROHS,10Ω ±1% 62.5mW 厚膜电阻,0.0012,513039,7463,Resistors,2026-06-07 09:28:36,7473,8.9676
C25079,25822-0402WGF1200TCE/C25079,https://www.lcsc.com/datasheet/lcsc_datasheet_2205311900_UNI-ROYAL-Uniroyal-Elec-0402WGF1200TCE_C25079.pdf,base,0,2026-07-24 06:07:31,UNI-ROYAL(Uniroyal Elec),0402WGF1200TCE,0402,Chip Resistor - Surface Mount,-55℃~+155℃ 120Ω 50V 62.5mW Thick Film Resistor ±1% ±100ppm/℃ 0402 Chip Resistor - Surface Mount ROHS,120Ω ±1% 62.5mW 厚膜电阻,0.0088,1365373,1,Resistors,2026-06-07 09:28:36,20,0.176
C25082,25825-0402WGF1500TCE/C25082,https://www.lcsc.com/datasheet/lcsc_datasheet_2205311900_UNI-ROYAL-Uniroyal-Elec-0402WGF1500TCE_C25082.pdf,expand,0,2026-07-24 06:07:31,UNI-ROYAL(Uniroyal Elec),0402WGF1500TCE,0402,Chip Resistor - Surface Mount,-55℃~+155℃ 150Ω 50V 62.5mW Thick Film Resistor ±1% ±100ppm/℃ 0402 Chip Resistor - Surface Mount ROHS,150Ω ±1% 62.5mW 厚膜电阻,0.0013,0,6889,Resistors,2026-06-07 09:28:36,6899,8.9687
C25086,25829-0402WGF100KTCE/C25086,https://www.lcsc.com/datasheet/lcsc_datasheet_2205311900_UNI-ROYAL-Uniroyal-Elec-0402WGF100KTCE_C25086.pdf,expand,0,2026-07-24 06:07:31,UNI-ROYAL(Uniroyal Elec),0402WGF100KTCE,0402,Chip Resistor - Surface Mount,-55℃~+155℃ 1Ω 50V 62.5mW Thick Film Resistor ±1% ±200ppm/℃ 0402 Chip Resistor - Surface Mount ROHS,1Ω ±1% 62.5mW 厚膜电阻,0.0127,0,706,Resistors,2026-06-07 09:28:36,716,9.0932
C25087,25830-0402WGF2000TCE/C25087,https://www.lcsc.com/datasheet/lcsc_datasheet_2205311900_UNI-ROYAL-Uniroyal-Elec-0402WGF2000TCE_C25087.pdf,base,0,2026-07-24 06:07:31,UNI-ROYAL(Uniroyal Elec),0402WGF2000TCE,0402,Chip Resistor - Surface Mount,-55℃~+155℃ 200Ω 50V 62.5mW Thick Film Resistor ±1% ±100ppm/℃ 0402 Chip Resistor - Surface Mount ROHS,200Ω ±1% 62.5mW 厚膜电阻,0.0053,223475,1690,Resistors,2026-06-07 09:28:36,1700,9.01
C25091,25834-0402WGF2200TCE/C25091,https://www.lcsc.com/datasheet/lcsc_datasheet_2205311900_UNI-ROYAL-Uniroyal-Elec-0402WGF2200TCE_C25091.pdf,base,0,2026-07-24 06:07:31,UNI-ROYAL(Uniroyal Elec),0402WGF2200TCE,0402,Chip Resistor - Surface Mount,-55℃~+155℃ 220Ω 50V 62.5mW Thick Film Resistor ±1% ±100ppm/℃ 0402 Chip Resistor - Surface Mount ROHS,220Ω ±1% 62.5mW 厚膜电阻,0.0014,1056374,1,Resistors,2026-06-07 09:28:36,20,0.028
C25092,25835-0402WGF220JTCE/C25092,https://www.lcsc.com/datasheet/lcsc_datasheet_2205311900_UNI-ROYAL-Uniroyal-Elec-0402WGF220JTCE_C25092.pdf,base,0,2026-07-24 06:07:31,UNI-ROYAL(Uniroyal Elec),0402WGF220JTCE,0402,Chip Resistor - Surface Mount,-55℃~+155℃ 22Ω 50V 62.5mW Thick Film Resistor ±1% ±100ppm/℃ 0402 Chip Resistor - Surface Mount ROHS,22Ω ±1% 62.5mW 厚膜电阻,0.0013,1245383,6889,Resistors,2026-06-07 09:28:36,6899,8.9687
C25102,25845-0402WGF3000TCE/C25102,https://www.lcsc.com/datasheet/lcsc_datasheet_2205311900_UNI-ROYAL-Uniroyal-Elec-0402WGF3000TCE_C25102.pdf,expand,0,2026-07-24 06:07:31,UNI-ROYAL(Uniroyal Elec),0402WGF3000TCE,0402,Chip Resistor - Surface Mount,-55℃~+155℃ 300Ω 50V 62.5mW Thick Film Resistor ±1% ±100ppm/℃ 0402 Chip Resistor - Surface Mount ROHS,300Ω ±1% 62.5mW 厚膜电阻,0.0292,46036,307,Resistors,2026-06-07 09:28:36,317,9.2564
C25104,25847-0402WGF3300TCE/C25104,https://www.lcsc.com/datasheet/lcsc_datasheet_2205311900_UNI-ROYAL-Uniroyal-Elec-0402WGF3300TCE_C25104.pdf,base,0,2026-07-24 06:07:31,UNI-ROYAL(Uniroyal Elec),0402WGF3300TCE,0402,Chip Resistor - Surface Mount,-55℃~+155℃ 330Ω 50V 62.5mW Thick Film Resistor ±1% ±100ppm/℃ 0402 Chip Resistor - Surface Mount ROHS,330Ω ±1% 62.5mW 厚膜电阻,0.0017,1388549,1,Resistors,2026-06-07 09:28:36,20,0.034
C25105,25848-0402WGF330JTCE/C25105,https://www.lcsc.com/datasheet/lcsc_datasheet_2205311900_UNI-ROYAL-Uniroyal-Elec-0402WGF330JTCE_C25105.pdf,base,0,2026-07-24 06:07:31,UNI-ROYAL(Uniroyal Elec),0402WGF330JTCE,0402,Chip Resistor - Surface Mount,-55℃~+155℃ 33Ω 50V 62.5mW Thick Film Resistor ±1% ±100ppm/℃ 0402 Chip Resistor - Surface Mount ROHS,33Ω ±1% 62.5mW 厚膜电阻,0.0059,207893,1518,Resistors,2026-06-07 09:28:36,1528,9.0152
C25117,25860-0402WGF4700TCE/C25117,https://www.lcsc.com/datasheet/lcsc_datasheet_2205311900_UNI-ROYAL-Uniroyal-Elec-0402WGF4700TCE_C25117.pdf,base,0,2026-07-24 06:07:31,UNI-ROYAL(Uniroyal Elec),0402WGF4700TCE,0402,Chip Resistor - Surface Mount,-55℃~+155℃ 470Ω 50V 62.5mW Thick Film Resistor ±1% ±100ppm/℃ 0402 Chip Resistor - Surface Mount ROHS,470Ω ±1% 62.5mW 厚膜电阻,0.0077,1357676,1,Resistors,2026-06-07 09:28:36,20,0.154
C25118,25861-0402WGF470JTCE/C25118,https://www.lcsc.com/datasheet/lcsc_datasheet_2205311900_UNI-ROYAL-Uniroyal-Elec-0402WGF470JTCE_C25118.pdf,expand,0,2026-07-24 06:07:31,UNI-ROYAL(Uniroyal Elec),0402WGF470JTCE,0402,Chip Resistor - Surface Mount,-55℃~+155℃ 47Ω 50V 62.5mW Thick Film Resistor ±1% ±100ppm/℃ 0402 Chip Resistor - Surface Mount ROHS,47Ω ±1% 62.5mW 厚膜电阻,0.001,2138,8956,Resistors,2026-06-07 09:28:36,8968,8.968
C25120,25863-0402WGF499JTCE/C25120,https://www.lcsc.com/datasheet/lcsc_datasheet_2205311900_UNI-ROYAL-Uniroyal-Elec-0402WGF499JTCE_C25120.pdf,base,0,2026-07-24 06:07:31,UNI-ROYAL(Uniroyal Elec),0402WGF499JTCE,0402,Chip Resistor - Surface Mount,-55℃~+155℃ 49.9Ω 50V 62.5mW Thick Film Resistor ±1% ±100ppm/℃ 0402 Chip Resistor - Surface Mount ROHS,49.9Ω ±1% 62.5mW 厚膜电阻,0.0015,931940,1,Resistors,2026-06-07 09:28:36,20,0.03
C25123,25866-0402WGF5100TCE/C25123,https://www.lcsc.com/datasheet/lcsc_datasheet_2205311900_UNI-ROYAL-Uniroyal-Elec-0402WGF5100TCE_C25123.pdf,base,0,2026-07-24 06:07:31,UNI-ROYAL(Uniroyal Elec),0402WGF5100TCE,0402,Chip Resistor - Surface Mount,-55℃~+155℃ 50V 510Ω 62.5mW Thick Film Resistor ±1% ±100ppm/℃ 0402 Chip Resistor - Surface Mount ROHS,510Ω ±1% 62.5mW 厚膜电阻,0.002,418026,4478,Resistors,2026-06-07 09:28:36,4490,8.98
C25125,25868-0402WGF510JTCE/C25125,https://www.lcsc.com/datasheet/lcsc_datasheet_2205311900_UNI-ROYAL-Uniroyal-Elec-0402WGF510JTCE_C25125.pdf,expand,0,2026-07-24 06:07:31,UNI-ROYAL(Uniroyal Elec),0402WGF510JTCE,0402,Chip Resistor - Surface Mount,-55℃~+155℃ 50V 51Ω 62.5mW Thick Film Resistor ±1% ±100ppm/℃ 0402 Chip Resistor - Surface Mount ROHS,51Ω ±1% 62.5mW 厚膜电阻,0.001,4,8956,Resistors,2026-06-07 09:28:36,8966,8.966
C25130,25873-0402WGF6800TCE/C25130,https://www.lcsc.com/datasheet/lcsc_datasheet_2205311900_UNI-ROYAL-Uniroyal-Elec-0402WGF6800TCE_C25130.pdf,expand,0,2026-07-24 06:07:31,UNI-ROYAL(Uniroyal Elec),0402WGF6800TCE,0402,Chip Resistor - Surface Mount,-55℃~+155℃ 50V 62.5mW 680Ω Thick Film Resistor ±1% ±100ppm/℃ 0402 Chip Resistor - Surface Mount ROHS,680Ω ±1% 62.5mW 厚膜电阻,0.0098,14061,914,Resistors,2026-06-07 09:28:36,924,9.0552
C25133,25876-0402WGF750JTCE/C25133,https://www.lcsc.com/datasheet/lcsc_datasheet_2205311900_UNI-ROYAL-Uniroyal-Elec-0402WGF750JTCE_C25133.pdf,expand,0,2026-07-24 06:07:31,UNI-ROYAL(Uniroyal Elec),0402WGF750JTCE,0402,Chip Resistor - Surface Mount,-55℃~+155℃ 50V 62.5mW 75Ω Thick Film Resistor ±1% ±100ppm/℃ 0402 Chip Resistor - Surface Mount ROHS,75Ω ±1% 62.5mW 厚膜电阻,0.0079,836455,1,Resistors,2026-06-07 09:28:36,20,0.158
C25190,25933-0603WAF270JT5E/C25190,https://www.lcsc.com/datasheet/lcsc_datasheet_2205311845_UNI-ROYAL-Uniroyal-Elec-0603WAF270JT5E_C25190.pdf,expand,0,2026-07-24 06:07:31,UNI-ROYAL(Uniroyal Elec),0603WAF270JT5E,0603,Chip Resistor - Surface Mount,-55℃~+155℃ 100mW 27Ω 75V Thick Film Resistor ±1% ±200ppm/℃ 0603 Chip Resistor - Surface Mount ROHS,27Ω ±1% 100mW 厚膜电阻,0.0043,511833,1,Resistors,2026-06-07 09:28:36,20,0.086
C25194,25937-0603WAF3600T5E/C25194,https://www.lcsc.com/datasheet/lcsc_datasheet_2205311845_UNI-ROYAL-Uniroyal-Elec-0603WAF3600T5E_C25194.pdf,expand,0,2026-07-24 06:07:31,UNI-ROYAL(Uniroyal Elec),0603WAF3600T5E,0603,Chip Resistor - Surface Mount,-55℃~+155℃ 100mW 360Ω 75V Thick Film Resistor ±1% ±100ppm/℃ 0603 Chip Resistor - Surface Mount ROHS,360Ω ±1% 100mW 厚膜电阻,0.0025,372128,1,Resistors,2026-06-07 09:28:36,20,0.05
C25196,25939-0603WAF560JT5E/C25196,https://www.lcsc.com/datasheet/lcsc_datasheet_2205311845_UNI-ROYAL-Uniroyal-Elec-0603WAF560JT5E_C25196.pdf,expand,0,2026-07-24 06:07:31,UNI-ROYAL(Uniroyal Elec),0603WAF560JT5E,0603,Chip Resistor - Surface Mount,-55℃~+155℃ 100mW 56Ω 75V Thick Film Resistor ±1% ±200ppm/℃ 0603 Chip Resistor - Surface Mount ROHS,56Ω ±1% 100mW 厚膜电阻,0.0089,119975,1,Resistors,2026-06-07 09:28:36,20,0.178
C25197,25940-0603WAF510KT5E/C25197,https://www.lcsc.com/datasheet/lcsc_datasheet_2205311845_UNI-ROYAL-Uniroyal-Elec-0603WAF510KT5E_C25197.pdf,base,0,2026-07-24 06:07:31,UNI-ROYAL(Uniroyal Elec),0603WAF510KT5E,0603,Chip Resistor - Surface Mount,-55℃~+155℃ 100mW 5.1Ω 75V Thick Film Resistor ±1% ±200ppm/℃ 0603 Chip Resistor - Surface Mount ROHS,5.1Ω ±1% 100mW 厚膜电阻,0.004,89152,2239,Resistors,2026-06-07 09:28:36,2249,8.996
C25270,26013-0805W8F1800T5E/C25270,https://www.lcsc.com/datasheet/lcsc_datasheet_2205311845_UNI-ROYAL-Uniroyal-Elec-0805W8F1800T5E_C25270.pdf,expand,0,2026-07-24 06:07:31,UNI-ROYAL(Uniroyal Elec),0805W8F1800T5E,0805,Chip Resistor - Surface Mount,-55℃~+155℃ 125mW 150V 180Ω Thick Film Resistor ±1% ±100ppm/℃ 0805 Chip Resistor - Surface Mount ROHS,180Ω ±1% 125mW 厚膜电阻,0.0161,135553,1,Resistors,2026-06-07 09:28:36,20,0.322
C25271,26014-0805W8F100KT5E/C25271,https://www.lcsc.com/datasheet/lcsc_datasheet_2205311845_UNI-ROYAL-Uniroyal-Elec-0805W8F100KT5E_C25271.pdf,base,0,2026-07-24 06:07:31,UNI-ROYAL(Uniroyal Elec),0805W8F100KT5E,0805,Chip Resistor - Surface Mount,-55℃~+155℃ 125mW 150V 1Ω Thick Film Resistor ±1% ±200ppm/℃ 0805 Chip Resistor - Surface Mount ROHS,1Ω ±1% 125mW 厚膜电阻,0.0294,513033,1,Resistors,2026-06-07 09:28:36,20,0.588
C25334,26077-1206W4F100LT5E/C25334,https://www.lcsc.com/datasheet/lcsc_datasheet_2205311900_UNI-ROYAL-Uniroyal-Elec-1206W4F100LT5E_C25334.pdf,base,0,2026-07-24 06:07:31,UNI-ROYAL(Uniroyal Elec),1206W4F100LT5E,1206,Chip Resistor - Surface Mount,-55℃~+155℃ 100mΩ 200V 250mW Thick Film Resistor ±1% ±800ppm/℃ 1206 Chip Resistor - Surface Mount ROHS,100mΩ ±1% 250mW 厚膜电阻,0.0098,710367,1,Resistors,2026-06-07 09:28:36,15,0.147
C25510,26253-4D03WGJ0471T5E/C25510,https://www.lcsc.com/datasheet/lcsc_datasheet_2409272301_UNI-ROYAL-Uniroyal-Elec-4D03WGJ0471T5E_C25510.pdf,expand,0,2026-07-24 06:07:31,UNI-ROYAL(Uniroyal Elec),4D03WGJ0471T5E,0603x4,"Resistor Networks, Arrays","4 470Ω 62.5mW 8 ±200ppm/℃ ±5% 0603x4 Resistor Networks, Arrays ROHS",470Ω ±5%,0.0247,41344,1,Resistors,2026-06-07 09:28:36,3,0.0741
C25725,26468-4D02WGJ0103TCE/C25725,https://www.lcsc.com/datasheet/lcsc_datasheet_2409272301_UNI-ROYAL-Uniroyal-Elec-4D02WGJ0103TCE_C25725.pdf,expand,0,2026-07-24 06:07:31,UNI-ROYAL(Uniroyal Elec),4D02WGJ0103TCE,0402x4,"Resistor Networks, Arrays","10kΩ 4 62.5mW 8 ±200ppm/℃ ±5% 0402x4 Resistor Networks, Arrays ROHS",10kΩ ±5%,0.0109,217564,1,Resistors,2026-06-07 09:28:36,20,0.218
C25741,26484-0402WGF1003TCE/C25741,https://www.lcsc.com/datasheet/lcsc_datasheet_2206010100_UNI-ROYAL-Uniroyal-Elec-0402WGF1003TCE_C25741.pdf,base,0,2026-07-24 06:07:31,UNI-ROYAL(Uniroyal Elec),0402WGF1003TCE,0402,Chip Resistor - Surface Mount,-55℃~+155℃ 100kΩ 50V 62.5mW Thick Film Resistor ±1% ±100ppm/℃ 0402 Chip Resistor - Surface Mount ROHS,100kΩ ±1% 62.5mW 厚膜电阻,0.0013,121894,6889,Resistors,2026-06-07 09:28:36,6899,8.9687
C25744,26487-0402WGF1002TCE/C25744,https://www.lcsc.com/datasheet/lcsc_datasheet_2411221126_UNI-ROYAL-Uniroyal-Elec-0402WGF1002TCE_C25744.pdf,base,0,2026-07-24 06:07:31,UNI-ROYAL(Uniroyal Elec),0402WGF1002TCE,0402,Chip Resistor - Surface Mount,-55℃~+155℃ 10kΩ 50V 62.5mW Thick Film Resistor ±1% ±100ppm/℃ 0402 Chip Resistor - Surface Mount ROHS,10kΩ ±1% 62.5mW 厚膜电阻,0.0017,178613,5268,Resistors,2026-06-07 09:28:36,5278,8.9726
C25750,26493-0402WGF1203TCE/C25750,https://www.lcsc.com/datasheet/lcsc_datasheet_2206010100_UNI-ROYAL-Uniroyal-Elec-0402WGF1203TCE_C25750.pdf,expand,0,2026-07-24 06:07:31,UNI-ROYAL(Uniroyal Elec),0402WGF1203TCE,0402,Chip Resistor - Surface Mount,-55℃~+155℃ 120kΩ 50V 62.5mW Thick Film Resistor ±1% ±100ppm/℃ 0402 Chip Resistor - Surface Mount ROHS,120kΩ ±1% 62.5mW 厚膜电阻,0.001,8446,8956,Resistors,2026-06-07 09:28:36,8966,8.966
C25752,26495-0402WGF1202TCE/C25752,https://www.lcsc.com/datasheet/lcsc_datasheet_2206010100_UNI-ROYAL-Uniroyal-Elec-0402WGF1202TCE_C25752.pdf,base,0,2026-07-24 06:07:31,UNI-ROYAL(Uniroyal Elec),0402WGF1202TCE,0402,Chip Resistor - Surface Mount,-55℃~+155℃ 12kΩ 50V 62.5mW Thick Film Resistor ±1% ±100ppm/℃ 0402 Chip Resistor - Surface Mount ROHS,12kΩ ±1% 62.5mW 厚膜电阻,0.0068,1108547,1,Resistors,2026-06-07 09:28:36,20,0.136
C25755,26498-0402WGF1503TCE/C25755,https://www.lcsc.com/datasheet/lcsc_datasheet_2206010100_UNI-ROYAL-Uniroyal-Elec-0402WGF1503TCE_C25755.pdf,expand,0,2026-07-24 06:07:31,UNI-ROYAL(Uniroyal Elec),0402WGF1503TCE,0402,Chip Resistor - Surface Mount,-55℃~+155℃ 150kΩ 50V 62.5mW Thick Film Resistor ±1% ±100ppm/℃ 0402 Chip Resistor - Surface Mount ROHS,150kΩ ±1% 62.5mW 厚膜电阻,0.0012,22,7463,Resistors,2026-06-07 09:28:36,7473,8.9676
C25756,26499-0402WGF1502TCE/C25756,https://www.lcsc.com/datasheet/lcsc_datasheet_2206010100_UNI-ROYAL-Uniroyal-Elec-0402WGF1502TCE_C25756.pdf,base,0,2026-07-24 06:07:31,UNI-ROYAL(Uniroyal Elec),0402WGF1502TCE,0402,Chip Resistor - Surface Mount,-55℃~+155℃ 15kΩ 50V 62.5mW Thick Film Resistor ±1% ±100ppm/℃ 0402 Chip Resistor - Surface Mount ROHS,15kΩ ±1% 62.5mW 厚膜电阻,0.0058,1466351,1,Resistors,2026-06-07 09:28:36,20,0.116
C25762,26505-0402WGF1802TCE/C25762,https://www.lcsc.com/datasheet/lcsc_datasheet_2206010100_UNI-ROYAL-Uniroyal-Elec-0402WGF1802TCE_C25762.pdf,expand,0,2026-07-24 06:07:31,UNI-ROYAL(Uniroyal Elec),0402WGF1802TCE,0402,Chip Resistor - Surface Mount,-55℃~+155℃ 18kΩ 50V 62.5mW Thick Film Resistor ±1% ±100ppm/℃ 0402 Chip Resistor - Surface Mount ROHS,18kΩ ±1% 62.5mW 厚膜电阻,0.008,51085,1120,Resistors,2026-06-07 09:28:36,1130,9.04
C25764,26507-0402WGF2003TCE/C25764,https://www.lcsc.com/datasheet/lcsc_datasheet_2206010100_UNI-ROYAL-Uniroyal-Elec-0402WGF2003TCE_C25764.pdf,base,0,2026-07-24 06:07:31,UNI-ROYAL(Uniroyal Elec),0402WGF2003TCE,0402,Chip Resistor - Surface Mount,-55℃~+155℃ 200kΩ 50V 62.5mW Thick Film Resistor ±1% ±100ppm/℃ 0402 Chip Resistor - Surface Mount ROHS,200kΩ ±1% 62.5mW 厚膜电阻,0.0018,1875840,1,Resistors,2026-06-07 09:28:36,20,0.036
C25765,26508-0402WGF2002TCE/C25765,https://www.lcsc.com/datasheet/lcsc_datasheet_2206010100_UNI-ROYAL-Uniroyal-Elec-0402WGF2002TCE_C25765.pdf,base,0,2026-07-24 06:07:31,UNI-ROYAL(Uniroyal Elec),0402WGF2002TCE,0402,Chip Resistor - Surface Mount,-55℃~+155℃ 20kΩ 50V 62.5mW Thick Film Resistor ±1% ±100ppm/℃ 0402 Chip Resistor - Surface Mount ROHS,20kΩ ±1% 62.5mW 厚膜电阻,0.0305,428991,294,Resistors,2026-06-07 09:28:36,304,9.272
C25767,26510-0402WGF2203TCE/C25767,https://www.lcsc.com/datasheet/lcsc_datasheet_2206010100_UNI-ROYAL-Uniroyal-Elec-0402WGF2203TCE_C25767.pdf,expand,0,2026-07-24 06:07:31,UNI-ROYAL(Uniroyal Elec),0402WGF2203TCE,0402,Chip Resistor - Surface Mount,-55℃~+155℃ 220kΩ 50V 62.5mW Thick Film Resistor ±1% ±100ppm/℃ 0402 Chip Resistor - Surface Mount ROHS,220kΩ ±1% 62.5mW 厚膜电阻,0.0011,5011,8142,Resistors,2026-06-07 09:28:36,8152,8.9672
C25768,26511-0402WGF2202TCE/C25768,https://www.lcsc.com/datasheet/lcsc_datasheet_2206010100_UNI-ROYAL-Uniroyal-Elec-0402WGF2202TCE_C25768.pdf,base,0,2026-07-24 06:07:31,UNI-ROYAL(Uniroyal Elec),0402WGF2202TCE,0402,Chip Resistor - Surface Mount,-55℃~+155℃ 22kΩ 50V 62.5mW Thick Film Resistor ±1% ±100ppm/℃ 0402 Chip Resistor - Surface Mount ROHS,22kΩ ±1% 62.5mW 厚膜电阻,0.0074,1511739,1,Resistors,2026-06-07 09:28:36,20,0.148
C25769,26512-0402WGF2402TCE/C25769,https://www.lcsc.com/datasheet/lcsc_datasheet_2206010100_UNI-ROYAL-Uniroyal-Elec-0402WGF2402TCE_C25769.pdf,expand,0,2026-07-24 06:07:31,UNI-ROYAL(Uniroyal Elec),0402WGF2402TCE,0402,Chip Resistor - Surface Mount,-55℃~+155℃ 24kΩ 50V 62.5mW Thick Film Resistor ±1% ±100ppm/℃ 0402 Chip Resistor - Surface Mount ROHS,24kΩ ±1% 62.5mW 厚膜电阻,0.001,122,8956,Resistors,2026-06-07 09:28:36,8966,8.966
C25771,26514-0402WGF2702TCE/C25771,https://www.lcsc.com/datasheet/lcsc_datasheet_2206010100_UNI-ROYAL-Uniroyal-Elec-0402WGF2702TCE_C25771.pdf,expand,0,2026-07-24 06:07:31,UNI-ROYAL(Uniroyal Elec),0402WGF2702TCE,0402,Chip Resistor - Surface Mount,-55℃~+155℃ 27kΩ 50V 62.5mW Thick Film Resistor ±1% ±100ppm/℃ 0402 Chip Resistor - Surface Mount ROHS,27kΩ ±1% 62.5mW 厚膜电阻,0.0054,92127,1659,Resistors,2026-06-07 09:28:36,1669,9.0126
C25774,26517-0402WGF3003TCE/C25774,https://www.lcsc.com/datasheet/lcsc_datasheet_2206010100_UNI-ROYAL-Uniroyal-Elec-0402WGF3003TCE_C25774.pdf,expand,0,2026-07-24 06:07:31,UNI-ROYAL(Uniroyal Elec),0402WGF3003TCE,0402,Chip Resistor - Surface Mount,-55℃~+155℃ 300kΩ 50V 62.5mW Thick Film Resistor ±1% ±100ppm/℃ 0402 Chip Resistor - Surface Mount ROHS,300kΩ ±1% 62.5mW 厚膜电阻,0.001,41546,8956,Resistors,2026-06-07 09:28:36,8966,8.966
C25778,26521-0402WGF3303TCE/C25778,https://www.lcsc.com/datasheet/lcsc_datasheet_2206010100_UNI-ROYAL-Uniroyal-Elec-0402WGF3303TCE_C25778.pdf,expand,0,2026-07-24 06:07:31,UNI-ROYAL(Uniroyal Elec),0402WGF3303TCE,0402,Chip Resistor - Surface Mount,-55℃~+155℃ 330kΩ 50V 62.5mW Thick Film Resistor ±1% ±100ppm/℃ 0402 Chip Resistor - Surface Mount ROHS,330kΩ ±1% 62.5mW 厚膜电阻,0.0014,94252,6397,Resistors,2026-06-07 09:28:36,6407,8.9698
C25779,26522-0402WGF3302TCE/C25779,https://www.lcsc.com/datasheet/lcsc_datasheet_2206010100_UNI-ROYAL-Uniroyal-Elec-0402WGF3302TCE_C25779.pdf,base,0,2026-07-24 06:07:31,UNI-ROYAL(Uniroyal Elec),0402WGF3302TCE,0402,Chip Resistor - Surface Mount,-55℃~+155℃ 33kΩ 50V 62.5mW Thick Film Resistor ±1% ±100ppm/℃ 0402 Chip Resistor - Surface Mount ROHS,33kΩ ±1% 62.5mW 厚膜电阻,0.0057,1543460,1,Resistors,2026-06-07 09:28:36,20,0.114
C25783,26526-0402WGF3902TCE/C25783,https://www.lcsc.com/datasheet/lcsc_datasheet_2206010100_UNI-ROYAL-Uniroyal-Elec-0402WGF3902TCE_C25783.pdf,expand,0,2026-07-24 06:07:31,UNI-ROYAL(Uniroyal Elec),0402WGF3902TCE,0402,Chip Resistor - Surface Mount,-55℃~+155℃ 39kΩ 50V 62.5mW Thick Film Resistor ±1% ±100ppm/℃ 0402 Chip Resistor - Surface Mount ROHS,39kΩ ±1% 62.5mW 厚膜电阻,0.0068,288856,1,Resistors,2026-06-07 09:28:36,20,0.136
C25790,26533-0402WGF4703TCE/C25790,https://www.lcsc.com/datasheet/lcsc_datasheet_2206010100_UNI-ROYAL-Uniroyal-Elec-0402WGF4703TCE_C25790.pdf,expand,0,2026-07-24 06:07:31,UNI-ROYAL(Uniroyal Elec),0402WGF4703TCE,0402,Chip Resistor - Surface Mount,-55℃~+155℃ 470kΩ 50V 62.5mW Thick Film Resistor ±1% ±100ppm/℃ 0402 Chip Resistor - Surface Mount ROHS,470kΩ ±1% 62.5mW 厚膜电阻,0.001,0,8956,Resistors,2026-06-07 09:28:36,8966,8.966
C25792,26535-0402WGF4702TCE/C25792,https://www.lcsc.com/datasheet/lcsc_datasheet_2206010100_UNI-ROYAL-Uniroyal-Elec-0402WGF4702TCE_C25792.pdf,base,0,2026-07-24 06:07:31,UNI-ROYAL(Uniroyal Elec),0402WGF4702TCE,0402,Chip Resistor - Surface Mount,-55℃~+155℃ 47kΩ 50V 62.5mW Thick Film Resistor ±1% ±100ppm/℃ 0402 Chip Resistor - Surface Mount ROHS,47kΩ ±1% 62.5mW 厚膜电阻,0.0065,1607040,1,Resistors,2026-06-07 09:28:36,20,0.13
C25794,26537-0402WGF5102TCE/C25794,https://www.lcsc.com/datasheet/lcsc_datasheet_2411221126_UNI-ROYAL-Uniroyal-Elec-0402WGF5102TCE_C25794.pdf,base,0,2026-07-24 06:07:31,UNI-ROYAL(Uniroyal Elec),0402WGF5102TCE,0402,Chip Resistor - Surface Mount,-55℃~+155℃ 50V 51kΩ 62.5mW Thick Film Resistor ±1% ±100ppm/℃ 0402 Chip Resistor - Surface Mount ROHS,51kΩ ±1% 62.5mW 厚膜电阻,0.0011,157379,8142,Resistors,2026-06-07 09:28:36,8152,8.9672
C25796,26539-0402WGF5602TCE/C25796,https://www.lcsc.com/datasheet/lcsc_datasheet_2411221126_UNI-ROYAL-Uniroyal-Elec-0402WGF5602TCE_C25796.pdf,expand,0,2026-07-24 06:07:31,UNI-ROYAL(Uniroyal Elec),0402WGF5602TCE,0402,Chip Resistor - Surface Mount,-55℃~+155℃ 50V 56kΩ 62.5mW Thick Film Resistor ±1% ±100ppm/℃ 0402 Chip Resistor - Surface Mount ROHS,56kΩ ±1% 62.5mW 厚膜电阻,0.0068,42069,1317,Resistors,2026-06-07 09:28:36,1327,9.0236
C25798,26541-0402WGF7502TCE/C25798,https://www.lcsc.com/datasheet/lcsc_datasheet_2206010045_UNI-ROYAL-Uniroyal-Elec-0402WGF7502TCE_C25798.pdf,expand,0,2026-07-24 06:07:31,UNI-ROYAL(Uniroyal Elec),0402WGF7502TCE,0402,Chip Resistor - Surface Mount,-55℃~+155℃ 50V 62.5mW 75kΩ Thick Film Resistor ±1% ±100ppm/℃ 0402 Chip Resistor - Surface Mount ROHS,75kΩ ±1% 62.5mW 厚膜电阻,0.0011,1338,8142,Resistors,2026-06-07 09:28:36,8152,8.9672
C25803,26546-0603WAF1003T5E/C25803,https://www.lcsc.com/datasheet/lcsc_datasheet_2206010045_UNI-ROYAL-Uniroyal-Elec-0603WAF1003T5E_C25803.pdf,base,0,2026-07-24 06:07:31,UNI-ROYAL(Uniroyal Elec),0603WAF1003T5E,0603,Chip Resistor - Surface Mount,-55℃~+155℃ 100kΩ 100mW 75V Thick Film Resistor ±1% ±100ppm/℃ 0603 Chip Resistor - Surface Mount ROHS,100kΩ ±1% 100mW 厚膜电阻,0.0025,7491684,1,Resistors,2026-06-07 09:28:36,20,0.05
C25804,26547-0603WAF1002T5E/C25804,https://www.lcsc.com/datasheet/lcsc_datasheet_2206010045_UNI-ROYAL-Uniroyal-Elec-0603WAF1002T5E_C25804.pdf,base,0,2026-07-24 06:07:31,UNI-ROYAL(Uniroyal Elec),0603WAF1002T5E,0603,Chip Resistor - Surface Mount,-55℃~+155℃ 100mW 10kΩ 75V Thick Film Resistor ±1% ±100ppm/℃ 0603 Chip Resistor - Surface Mount ROHS,厚膜电阻 10kΩ ±1% 100mW,0.0068,5959064,1317,Resistors,2026-06-07 09:28:36,1327,9.0236
C25805,26548-0603WAF1103T5E/C25805,https://www.lcsc.com/datasheet/lcsc_datasheet_2206010045_UNI-ROYAL-Uniroyal-Elec-0603WAF1103T5E_C25805.pdf,expand,0,2026-07-24 06:07:31,UNI-ROYAL(Uniroyal Elec),0603WAF1103T5E,0603,Chip Resistor - Surface Mount,-55℃~+155℃ 100mW 110kΩ 75V Thick Film Resistor ±1% ±100ppm/℃ 0603 Chip Resistor - Surface Mount ROHS,110kΩ ±1% 100mW 厚膜电阻,0.0071,462906,1,Resistors,2026-06-07 09:28:36,20,0.142
C25808,26551-0603WAF1203T5E/C25808,https://www.lcsc.com/datasheet/lcsc_datasheet_2206010045_UNI-ROYAL-Uniroyal-Elec-0603WAF1203T5E_C25808.pdf,base,0,2026-07-24 06:07:31,UNI-ROYAL(Uniroyal Elec),0603WAF1203T5E,0603,Chip Resistor - Surface Mount,-55℃~+155℃ 100mW 120kΩ 75V Thick Film Resistor ±1% ±100ppm/℃ 0603 Chip Resistor - Surface Mount ROHS,120kΩ ±1% 100mW 厚膜电阻,0.0025,1232600,1,Resistors,2026-06-07 09:28:36,20,0.05
C25810,26553-0603WAF1802T5E/C25810,https://www.lcsc.com/datasheet/lcsc_datasheet_2206010045_UNI-ROYAL-Uniroyal-Elec-0603WAF1802T5E_C25810.pdf,base,0,2026-07-24 06:07:31,UNI-ROYAL(Uniroyal Elec),0603WAF1802T5E,0603,Chip Resistor - Surface Mount,-55℃~+155℃ 100mW 18kΩ 75V Thick Film Resistor ±1% ±100ppm/℃ 0603 Chip Resistor - Surface Mount ROHS,18kΩ ±1% 100mW 厚膜电阻,0.0076,1389292,1,Resistors,2026-06-07 09:28:36,20,0.152
C25811,26554-0603WAF2003T5E/C25811,https://www.lcsc.com/datasheet/lcsc_datasheet_2206010045_UNI-ROYAL-Uniroyal-Elec-0603WAF2003T5E_C25811.pdf,base,0,2026-07-24 06:07:31,UNI-ROYAL(Uniroyal Elec),0603WAF2003T5E,0603,Chip Resistor - Surface Mount,-55℃~+155℃ 100mW 200kΩ 75V Thick Film Resistor ±1% ±100ppm/℃ 0603 Chip Resistor - Surface Mount ROHS,200kΩ ±1% 100mW 厚膜电阻,0.0027,1444474,1,Resistors,2026-06-07 09:28:36,20,0.054
C25819,26562-0603WAF4702T5E/C25819,https://www.lcsc.com/datasheet/lcsc_datasheet_2206010045_UNI-ROYAL-Uniroyal-Elec-0603WAF4702T5E_C25819.pdf,base,0,2026-07-24 06:07:31,UNI-ROYAL(Uniroyal Elec),0603WAF4702T5E,0603,Chip Resistor - Surface Mount,-55℃~+155℃ 100mW 47kΩ 75V Thick Film Resistor ±1% ±100ppm/℃ 0603 Chip Resistor - Surface Mount ROHS,47kΩ ±1% 100mW 厚膜电阻,0.0112,714933,800,Resistors,2026-06-07 09:28:36,810,9.072
C25822,26565-0603WAF6803T5E/C25822,https://www.lcsc.com/datasheet/lcsc_datasheet_2206010045_UNI-ROYAL-Uniroyal-Elec-0603WAF6803T5E_C25822.pdf,expand,0,2026-07-24 06:07:31,UNI-ROYAL(Uniroyal Elec),0603WAF6803T5E,0603,Chip Resistor - Surface Mount,-55℃~+155℃ 100mW 680kΩ 75V Thick Film Resistor ±1% ±100ppm/℃ 0603 Chip Resistor - Surface Mount ROHS,680kΩ ±1% 100mW 厚膜电阻,0.0123,67252,1,Resistors,2026-06-07 09:28:36,20,0.246
C25826,26569-0805W8F3902T5E/C25826,https://www.lcsc.com/datasheet/lcsc_datasheet_2206010045_UNI-ROYAL-Uniroyal-Elec-0805W8F3902T5E_C25826.pdf,expand,0,2026-07-24 06:07:31,UNI-ROYAL(Uniroyal Elec),0805W8F3902T5E,0805,Chip Resistor - Surface Mount,-55℃~+155℃ 125mW 150V 39kΩ Thick Film Resistor ±1% ±100ppm/℃ 0805 Chip Resistor - Surface Mount ROHS,39kΩ ±1% 125mW 厚膜电阻,0.0194,20337,462,Resistors,2026-06-07 09:28:36,472,9.1568
C25862,26605-0402WGF1201TCE/C25862,https://www.lcsc.com/datasheet/lcsc_datasheet_2206010045_UNI-ROYAL-Uniroyal-Elec-0402WGF1201TCE_C25862.pdf,expand,0,2026-07-24 06:07:31,UNI-ROYAL(Uniroyal Elec),0402WGF1201TCE,0402,Chip Resistor - Surface Mount,-55℃~+155℃ 1.2kΩ 50V 62.5mW Thick Film Resistor ±1% ±100ppm/℃ 0402 Chip Resistor - Surface Mount ROHS,1.2kΩ ±1% 62.5mW 厚膜电阻,0.0012,10,7463,Resistors,2026-06-07 09:28:36,7473,8.9676
C25867,26610-0402WGF1501TCE/C25867,https://www.lcsc.com/datasheet/lcsc_datasheet_2206010045_UNI-ROYAL-Uniroyal-Elec-0402WGF1501TCE_C25867.pdf,base,0,2026-07-24 06:07:31,UNI-ROYAL(Uniroyal Elec),0402WGF1501TCE,0402,Chip Resistor - Surface Mount,-55℃~+155℃ 1.5kΩ 50V 62.5mW Thick Film Resistor ±1% ±100ppm/℃ 0402 Chip Resistor - Surface Mount ROHS,1.5kΩ ±1% 62.5mW 厚膜电阻,0.0014,233998,6397,Resistors,2026-06-07 09:28:36,6407,8.9698
C25879,26622-0402WGF2201TCE/C25879,https://www.lcsc.com/datasheet/lcsc_datasheet_2206010045_UNI-ROYAL-Uniroyal-Elec-0402WGF2201TCE_C25879.pdf,base,0,2026-07-24 06:07:31,UNI-ROYAL(Uniroyal Elec),0402WGF2201TCE,0402,Chip Resistor - Surface Mount,-55℃~+155℃ 2.2kΩ 50V 62.5mW Thick Film Resistor ±1% ±100ppm/℃ 0402 Chip Resistor - Surface Mount ROHS,2.2kΩ ±1% 62.5mW 厚膜电阻,0.0018,1406409,1,Resistors,2026-06-07 09:28:36,20,0.036
C25882,26625-0402WGF2401TCE/C25882,https://www.lcsc.com/datasheet/lcsc_datasheet_2206010045_UNI-ROYAL-Uniroyal-Elec-0402WGF2401TCE_C25882.pdf,expand,0,2026-07-24 06:07:31,UNI-ROYAL(Uniroyal Elec),0402WGF2401TCE,0402,Chip Resistor - Surface Mount,-55℃~+155℃ 2.4kΩ 50V 62.5mW Thick Film Resistor ±1% ±100ppm/℃ 0402 Chip Resistor - Surface Mount ROHS,2.4kΩ ±1% 62.5mW 厚膜电阻,0.0058,54709,1544,Resistors,2026-06-07 09:28:36,1554,9.0132
C25890,26633-0402WGF3301TCE/C25890,https://www.lcsc.com/datasheet/lcsc_datasheet_2206010045_UNI-ROYAL-Uniroyal-Elec-0402WGF3301TCE_C25890.pdf,base,0,2026-07-24 06:07:31,UNI-ROYAL(Uniroyal Elec),0402WGF3301TCE,0402,Chip Resistor - Surface Mount,-55℃~+155℃ 3.3kΩ 50V 62.5mW Thick Film Resistor ±1% ±100ppm/℃ 0402 Chip Resistor - Surface Mount ROHS,3.3kΩ ±1% 62.5mW 厚膜电阻,0.0013,98603,6889,Resistors,2026-06-07 09:28:36,6899,8.9687
C25897,26640-0402WGF4992TCE/C25897,https://www.lcsc.com/datasheet/lcsc_datasheet_2206010045_UNI-ROYAL-Uniroyal-Elec-0402WGF4992TCE_C25897.pdf,expand,0,2026-07-24 06:07:31,UNI-ROYAL(Uniroyal Elec),0402WGF4992TCE,0402,Chip Resistor - Surface Mount,-55℃~+155℃ 49.9kΩ 50V 62.5mW Thick Film Resistor ±1% ±100ppm/℃ 0402 Chip Resistor - Surface Mount ROHS,49.9kΩ ±1% 62.5mW 厚膜电阻,0.001,0,8956,Resistors,2026-06-07 09:28:36,8966,8.966
C25900,26643-0402WGF4701TCE/C25900,https://www.lcsc.com/datasheet/lcsc_datasheet_2206010045_UNI-ROYAL-Uniroyal-Elec-0402WGF4701TCE_C25900.pdf,base,0,2026-07-24 06:07:31,UNI-ROYAL(Uniroyal Elec),0402WGF4701TCE,0402,Chip Resistor - Surface Mount,-55℃~+155℃ 4.7kΩ 50V 62.5mW Thick Film Resistor ±1% ±100ppm/℃ 0402 Chip Resistor - Surface Mount ROHS,4.7kΩ ±1% 62.5mW 厚膜电阻,0.0015,14595,5971,Resistors,2026-06-07 09:28:36,5981,8.9715
C25905,26648-0402WGF5101TCE/C25905,https://www.lcsc.com/datasheet/lcsc_datasheet_2206010045_UNI-ROYAL-Uniroyal-Elec-0402WGF5101TCE_C25905.pdf,base,0,2026-07-24 06:07:31,UNI-ROYAL(Uniroyal Elec),0402WGF5101TCE,0402,Chip Resistor - Surface Mount,-55℃~+155℃ 5.1kΩ 50V 62.5mW Thick Film Resistor ±1% ±100ppm/℃ 0402 Chip Resistor - Surface Mount ROHS,5.1kΩ ±1% 62.5mW 厚膜电阻,0.0014,1484732,1,Resistors,2026-06-07 09:28:36,20,0.028
C25908,26651-0402WGF5601TCE/C25908,https://www.lcsc.com/datasheet/lcsc_datasheet_2206010045_UNI-ROYAL-Uniroyal-Elec-0402WGF5601TCE_C25908.pdf,expand,0,2026-07-24 06:07:31,UNI-ROYAL(Uniroyal Elec),0402WGF5601TCE,0402,Chip Resistor - Surface Mount,-55℃~+155℃ 5.6kΩ 50V 62.5mW Thick Film Resistor ±1% ±100ppm/℃ 0402 Chip Resistor - Surface Mount ROHS,5.6kΩ ±1% 62.5mW 厚膜电阻,0.0013,154962,1,Resistors,2026-06-07 09:28:36,20,0.026
C25917,26660-0402WGF6801TCE/C25917,https://www.lcsc.com/datasheet/lcsc_datasheet_2206010045_UNI-ROYAL-Uniroyal-Elec-0402WGF6801TCE_C25917.pdf,expand,0,2026-07-24 06:07:31,UNI-ROYAL(Uniroyal Elec),0402WGF6801TCE,0402,Chip Resistor - Surface Mount,-55℃~+155℃ 50V 6.8kΩ 62.5mW Thick Film Resistor ±1% ±100ppm/℃ 0402 Chip Resistor - Surface Mount ROHS,6.8kΩ ±1% 62.5mW 厚膜电阻,0.0055,5326,1629,Resistors,2026-06-07 09:28:36,1639,9.0145
C25918,26661-0402WGF7501TCE/C25918,https://www.lcsc.com/datasheet/lcsc_datasheet_2206010045_UNI-ROYAL-Uniroyal-Elec-0402WGF7501TCE_C25918.pdf,expand,0,2026-07-24 06:07:31,UNI-ROYAL(Uniroyal Elec),0402WGF7501TCE,0402,Chip Resistor - Surface Mount,-55℃~+155℃ 50V 62.5mW 7.5kΩ Thick Film Resistor ±1% ±100ppm/℃ 0402 Chip Resistor - Surface Mount ROHS,7.5kΩ ±1% 62.5mW 厚膜电阻,0.0013,4,6889,Resistors,2026-06-07 09:28:36,6899,8.9687
C25924,26667-0402WGF8201TCE/C25924,https://www.lcsc.com/datasheet/lcsc_datasheet_2206010045_UNI-ROYAL-Uniroyal-Elec-0402WGF8201TCE_C25924.pdf,expand,0,2026-07-24 06:07:31,UNI-ROYAL(Uniroyal Elec),0402WGF8201TCE,0402,Chip Resistor - Surface Mount,-55℃~+155℃ 50V 62.5mW 8.2kΩ Thick Film Resistor ±1% ±100ppm/℃ 0402 Chip Resistor - Surface Mount ROHS,8.2kΩ ±1% 62.5mW 厚膜电阻,0.0078,0,1149,Resistors,2026-06-07 09:28:36,1159,9.0402
C25950,26693-0603WAF1102T5E/C25950,https://www.lcsc.com/datasheet/lcsc_datasheet_2206010045_UNI-ROYAL-Uniroyal-Elec-0603WAF1102T5E_C25950.pdf,expand,0,2026-07-24 06:07:31,UNI-ROYAL(Uniroyal Elec),0603WAF1102T5E,0603,Chip Resistor - Surface Mount,-55℃~+155℃ 100mW 11kΩ 75V Thick Film Resistor ±1% ±100ppm/℃ 0603 Chip Resistor - Surface Mount ROHS,11kΩ ±1% 100mW 厚膜电阻,0.0072,90055,1,Resistors,2026-06-07 09:28:36,20,0.144
C25969,26712-0603WAF4303T5E/C25969,https://www.lcsc.com/datasheet/lcsc_datasheet_2206010045_UNI-ROYAL-Uniroyal-Elec-0603WAF4303T5E_C25969.pdf,expand,0,2026-07-24 06:07:31,UNI-ROYAL(Uniroyal Elec),0603WAF4303T5E,0603,Chip Resistor - Surface Mount,-55℃~+155℃ 100mW 430kΩ 75V Thick Film Resistor ±1% ±100ppm/℃ 0603 Chip Resistor - Surface Mount ROHS,430kΩ ±1% 100mW 厚膜电阻,0.0128,24612,700,Resistors,2026-06-07 09:28:36,710,9.088
C25981,26724-0603WAF8201T5E/C25981,https://www.lcsc.com/datasheet/lcsc_datasheet_2206010045_UNI-ROYAL-Uniroyal-Elec-0603WAF8201T5E_C25981.pdf,base,0,2026-07-24 06:07:31,UNI-ROYAL(Uniroyal Elec),0603WAF8201T5E,0603,Chip Resistor - Surface Mount,-55℃~+155℃ 100mW 75V 8.2kΩ Thick Film Resistor ±1% ±100ppm/℃ 0603 Chip Resistor - Surface Mount ROHS,8.2kΩ ±1% 100mW 厚膜电阻,0.008,1278728,1,Resistors,2026-06-07 09:28:36,20,0.16
C26010,26753-0805W8F3301T5E/C26010,https://www.lcsc.com/datasheet/lcsc_datasheet_2206010045_UNI-ROYAL-Uniroyal-Elec-0805W8F3301T5E_C26010.pdf,base,0,2026-07-24 06:07:31,UNI-ROYAL(Uniroyal Elec),0805W8F3301T5E,0805,Chip Resistor - Surface Mount,-55℃~+155℃ 125mW 150V 3.3kΩ Thick Film Resistor ±1% ±100ppm/℃ 0805 Chip Resistor - Surface Mount ROHS,3.3kΩ ±1% 125mW 厚膜电阻,0.0143,1522430,1,Resistors,2026-06-07 09:28:36,20,0.286
C26082,26825-0402WGF1005TCE/C26082,https://www.lcsc.com/datasheet/lcsc_datasheet_2411221126_UNI-ROYAL-Uniroyal-Elec-0402WGF1005TCE_C26082.pdf,expand,0,2026-07-24 06:07:31,UNI-ROYAL(Uniroyal Elec),0402WGF1005TCE,0402,Chip Resistor - Surface Mount,-55℃~+155℃ 10MΩ 50V 62.5mW Thick Film Resistor ±1% ±200ppm/℃ 0402 Chip Resistor - Surface Mount ROHS,10MΩ ±1% 62.5mW 厚膜电阻,0.0005,7,10000,Resistors,2026-06-07 09:28:36,10010,5.005
C26083,26826-0402WGF1004TCE/C26083,https://www.lcsc.com/datasheet/lcsc_datasheet_2206010030_UNI-ROYAL-Uniroyal-Elec-0402WGF1004TCE_C26083.pdf,base,0,2026-07-24 06:07:31,UNI-ROYAL(Uniroyal Elec),0402WGF1004TCE,0402,Chip Resistor - Surface Mount,-55℃~+155℃ 1MΩ 50V 62.5mW Thick Film Resistor ±1% ±100ppm/℃ 0402 Chip Resistor - Surface Mount ROHS,1MΩ ±1% 62.5mW 厚膜电阻,0.0069,934304,1,Resistors,2026-06-07 09:28:36,20,0.138
C26108,26851-0805W8F1005T5E/C26108,https://www.lcsc.com/datasheet/lcsc_datasheet_2206010030_UNI-ROYAL-Uniroyal-Elec-0805W8F1005T5E_C26108.pdf,expand,0,2026-07-24 06:07:31,UNI-ROYAL(Uniroyal Elec),0805W8F1005T5E,0805,Chip Resistor - Surface Mount,-55℃~+155℃ 10MΩ 125mW 150V Thick Film Resistor ±1% ±100ppm/℃ 0805 Chip Resistor - Surface Mount ROHS,10MΩ ±1% 125mW 厚膜电阻,0.0059,3408,1518,Resistors,2026-06-07 09:28:36,1528,9.0152
C26112,26855-0805W8F2004T5E/C26112,https://www.lcsc.com/datasheet/lcsc_datasheet_2206010030_UNI-ROYAL-Uniroyal-Elec-0805W8F2004T5E_C26112.pdf,expand,0,2026-07-24 06:07:31,UNI-ROYAL(Uniroyal Elec),0805W8F2004T5E,0805,Chip Resistor - Surface Mount,-55℃~+155℃ 125mW 150V 2MΩ Thick Film Resistor ±1% ±100ppm/℃ 0805 Chip Resistor - Surface Mount ROHS,2MΩ ±1% 125mW 厚膜电阻,0.0134,155767,1,Resistors,2026-06-07 09:28:36,20,0.268
C26113,26856-0805W8F2204T5E/C26113,https://www.lcsc.com/datasheet/lcsc_datasheet_2206010030_UNI-ROYAL-Uniroyal-Elec-0805W8F2204T5E_C26113.pdf,expand,0,2026-07-24 06:07:31,UNI-ROYAL(Uniroyal Elec),0805W8F2204T5E,0805,Chip Resistor - Surface Mount,-55℃~+155℃ 125mW 150V 2.2MΩ Thick Film Resistor ±1% ±100ppm/℃ 0805 Chip Resistor - Surface Mount ROHS,2.2MΩ ±1% 125mW 厚膜电阻,0.0165,98592,1,Resistors,2026-06-07 09:28:36,20,0.33
C26404,27148-CL05B332KB5NNNC/C26404,https://www.lcsc.com/datasheet/lcsc_datasheet_2304140030_Samsung-Electro-Mechanics-CL05B332KB5NNNC_C26404.pdf,expand,0,2026-07-24 06:07:31,Samsung Electro-Mechanics,CL05B332KB5NNNC,0402,Multilayer Ceramic Capacitors MLCC - SMD/SMT,3.3nF 50V X7R ±10% 0402 Multilayer Ceramic Capacitors MLCC - SMD/SMT ROHS,3.3nF ±10% 50V,0.0077,184105,1,Capacitors,2026-06-07 09:28:36,20,0.154
C26860,27608-MAX232ESET/C26860,https://www.lcsc.com/datasheet/lcsc_datasheet_1809301135_Analog-Devices-Inc--Maxim-Integrated-MAX232ESE-T_C26860.pdf,expand,0,2026-07-24 06:07:31,Analog Devices Inc./Maxim Integrated,MAX232ESE+T,SOIC-16,RS232 ICs,-40℃~+85℃ 120Kbps 2 2 4.5V~5.5V 5mA Transceiver SOIC-16 RS232 ICs ROHS,MAX232ESE+T,1.5609,17629,1,Interface,2026-06-07 09:28:36,1,1.5609
C27143,Sunlord-SDCL1005C15NJTDF/C27143,https://www.lcsc.com/datasheet/lcsc_datasheet_2310301641_Sunlord-SDCL1005C15NJTDF_C27143.pdf,expand,0,2026-07-24 06:07:31,Sunlord,SDCL1005C15NJTDF,0402,Inductors (SMD),15nH 2.3GHz 300mA 500mΩ 8@100MHz ±5% 0402 Inductors (SMD) ROHS,15nH ±5%,0.0063,155103,1,"Inductors, Coils, Chokes",2026-06-07 09:28:36,20,0.126
C27147,Sunlord-SDCL1005C10NJTDF/C27147,https://www.lcsc.com/datasheet/lcsc_datasheet_2310301641_Sunlord-SDCL1005C10NJTDF_C27147.pdf,expand,0,2026-07-24 06:07:31,Sunlord,SDCL1005C10NJTDF,0402,Inductors (SMD),10nH 3.2GHz 300mA 400mΩ 8@100MHz ±5% 0402 Inductors (SMD) ROHS,10nH ±5%,0.0054,103766,1,"Inductors, Coils, Chokes",2026-06-07 09:28:36,20,0.108
C27592,28341-0603WAF680JT5E/C27592,https://www.lcsc.com/datasheet/lcsc_datasheet_2206010030_UNI-ROYAL-Uniroyal-Elec-0603WAF680JT5E_C27592.pdf,expand,0,2026-07-24 06:07:31,UNI-ROYAL(Uniroyal Elec),0603WAF680JT5E,0603,Chip Resistor - Surface Mount,-55℃~+155℃ 100mW 68Ω 75V Thick Film Resistor ±1% ±100ppm/℃ 0603 Chip Resistor - Surface Mount ROHS,68Ω ±1% 100mW 厚膜电阻,0.0025,2863179,1,Resistors,2026-06-07 09:28:36,20,0.05
C27834,28584-0805W8F5101T5E/C27834,https://www.lcsc.com/datasheet/lcsc_datasheet_2206010030_UNI-ROYAL-Uniroyal-Elec-0805W8F5101T5E_C27834.pdf,base,0,2026-07-24 06:07:31,UNI-ROYAL(Uniroyal Elec),0805W8F5101T5E,0805,Chip Resistor - Surface Mount,-55℃~+155℃ 125mW 150V 5.1kΩ Thick Film Resistor ±1% ±100ppm/℃ 0805 Chip Resistor - Surface Mount ROHS,5.1kΩ ±1% 125mW 厚膜电阻,0.0135,5476950,1,Resistors,2026-06-07 09:28:36,20,0.27
C27920,28670-CL10B822KB8NNNC/C27920,https://www.lcsc.com/datasheet/lcsc_datasheet_2304140030_Samsung-Electro-Mechanics-CL10B822KB8NNNC_C27920.pdf,expand,0,2026-07-24 06:07:31,Samsung Electro-Mechanics,CL10B822KB8NNNC,0603,Multilayer Ceramic Capacitors MLCC - SMD/SMT,50V 8.2nF X7R ±10% 0603 Multilayer Ceramic Capacitors MLCC - SMD/SMT ROHS,停产 8.2nF ±10% 50V【停产，替代料C1322360】,0.0035,0,2559,Capacitors,2026-06-07 09:28:36,2569,8.9915
C28233,28983-CL21B104KCFNNNE/C28233,https://www.lcsc.com/datasheet/lcsc_datasheet_2304140030_Samsung-Electro-Mechanics-CL21B104KCFNNNE_C28233.pdf,base,0,2026-07-24 06:07:31,Samsung Electro-Mechanics,CL21B104KCFNNNE,0805,Multilayer Ceramic Capacitors MLCC - SMD/SMT,100V 100nF X7R ±10% 0805 Multilayer Ceramic Capacitors MLCC - SMD/SMT ROHS,100nF ±10% 100V,0.0658,2248577,1,Capacitors,2026-06-07 09:28:36,20,1.316
C28260,29010-CL21C222JBFNNNE/C28260,https://www.lcsc.com/datasheet/lcsc_datasheet_2304140030_Samsung-Electro-Mechanics-CL21C222JBFNNNE_C28260.pdf,base,0,2026-07-24 06:07:31,Samsung Electro-Mechanics,CL21C222JBFNNNE,0805,Multilayer Ceramic Capacitors MLCC - SMD/SMT,2.2nF 50V C0G ±5% 0805 Multilayer Ceramic Capacitors MLCC - SMD/SMT ROHS,2.2nF ±5% 50V,0.0418,296713,1,Capacitors,2026-06-07 09:28:36,5,0.209
C28262,29012-CL10C680JB8NNNC/C28262,https://www.lcsc.com/datasheet/lcsc_datasheet_2304140030_Samsung-Electro-Mechanics-CL10C680JB8NNNC_C28262.pdf,expand,0,2026-07-24 06:07:31,Samsung Electro-Mechanics,CL10C680JB8NNNC,0603,Multilayer Ceramic Capacitors MLCC - SMD/SMT,50V 68pF C0G ±5% 0603 Multilayer Ceramic Capacitors MLCC - SMD/SMT ROHS,68pF ±5% 50V,0.0156,162091,1,Capacitors,2026-06-07 09:28:36,20,0.312
C28323,29074-CL21B105KBFNNNE/C28323,https://www.lcsc.com/datasheet/lcsc_datasheet_2304140030_Samsung-Electro-Mechanics-CL21B105KBFNNNE_C28323.pdf,base,0,2026-07-24 06:07:31,Samsung Electro-Mechanics,CL21B105KBFNNNE,0805,Multilayer Ceramic Capacitors MLCC - SMD/SMT,1uF 50V X7R ±10% 0805 Multilayer Ceramic Capacitors MLCC - SMD/SMT ROHS,1uF ±10% 50V,0.0864,5634411,1,Capacitors,2026-06-07 09:28:36,20,1.728
C28636,29388-0805W8F5600T5E/C28636,https://www.lcsc.com/datasheet/lcsc_datasheet_2206010030_UNI-ROYAL-Uniroyal-Elec-0805W8F5600T5E_C28636.pdf,base,0,2026-07-24 06:07:31,UNI-ROYAL(Uniroyal Elec),0805W8F5600T5E,0805,Chip Resistor - Surface Mount,-55℃~+155℃ 125mW 150V 560Ω Thick Film Resistor ±1% ±100ppm/℃ 0805 Chip Resistor - Surface Mount ROHS,560Ω ±1% 125mW 厚膜电阻,0.0094,386245,1,Resistors,2026-06-07 09:28:36,20,0.188
C28646260,hongjiacheng-BAS40WS/C28646260,https://wmsc.lcsc.com/wmsc/upload/file/pdf/v2/lcsc/2407121623_hongjiacheng-BAS40WS_C28646260.pdf,expand,0,2026-07-24 06:07:31,hongjiacheng,BAS40WS,SOD-323,Schottky Diodes,1V@40mA 200mA 20nA@30V 40V 600mA Standalone SOD-323 Schottky Diodes ROHS,BAS40WS,0.0273,75351,1,Diodes,2026-06-07 09:28:36,20,0.546
C28646261,hongjiacheng-HL2305/C28646261,https://wmsc.lcsc.com/wmsc/upload/file/pdf/v2/lcsc/2407121631_hongjiacheng-HL2305_C28646261.pdf,expand,0,2026-07-24 06:07:31,hongjiacheng,HL2305,SOT-23,MOSFETs,-55℃~+150℃ 1 P-Channel 1.25W 12V 190pF 26mΩ@4.5V、40mΩ@2.5V、52mΩ@1.8V 290pF 3.3nC@2.5V 3.6A 740pF 900mV P-Channel SOT-23 MOSFETs ROHS,HL2305,0.0653,27719,1,Transistors/Thyristors,2026-06-07 09:28:36,10,0.653
C28646262,hongjiacheng-HL2306/C28646262,https://wmsc.lcsc.com/wmsc/upload/file/pdf/v2/lcsc/2408141456_hongjiacheng-HL2306_C28646262.pdf,expand,0,2026-07-24 06:07:31,hongjiacheng,HL2306,SOT-23,MOSFETs,-55℃~+150℃ 1 N-channel 1.25W 2.2V 29.5mΩ@10V 3.5A 30V 363pF 39pF 49pF 7.2nC@10V N-Channel SOT-23 MOSFETs ROHS,HL2306,0.0348,15428,1,Transistors/Thyristors,2026-06-07 09:28:36,10,0.348
C28646263,hongjiacheng-HL2309/C28646263,https://wmsc.lcsc.com/wmsc/upload/file/pdf/v2/lcsc/2407151447_hongjiacheng-HL2309_C28646263.pdf,expand,0,2026-07-24 06:07:31,hongjiacheng,HL2309,SOT-23,MOSFETs,-55℃~+150℃ 1 P-Channel 1.25A 1.25W 275mΩ@10V 32pF 380pF 3V 5.4nC@10V 60V 6pF P-Channel SOT-23 MOSFETs ROHS,HL2309,0.0732,33434,1,Transistors/Thyristors,2026-06-07 09:28:36,5,0.366
C28646264,hongjiacheng-HL6042/C28646264,https://wmsc.lcsc.com/wmsc/upload/file/pdf/v2/lcsc/2407151447_hongjiacheng-HL6042_C28646264.pdf,expand,0,2026-07-24 06:07:31,hongjiacheng,HL6042,SOT-23,MOSFETs,-55℃~+150℃ 1 P-Channel 1.5W 115pF 11nC@4.5V 150pF 20V 43mΩ@4.5V 5A 900mV 905pF P-Channel SOT-23 MOSFETs ROHS,HL6042,0.0287,316030,1,Transistors/Thyristors,2026-06-07 09:28:36,10,0.287
C28646265,hongjiacheng-BSS138W/C28646265,https://wmsc.lcsc.com/wmsc/upload/file/pdf/v2/lcsc/2407151447_hongjiacheng-BSS138W_C28646265.pdf,expand,0,2026-07-24 06:07:31,hongjiacheng,BSS138W,SOT-323,MOSFETs,-55℃~+150℃ 1 N-channel 1.5V 13pF 220mA 27pF 3.5Ω@10V、6Ω@4.5V 300mW 50V 6pF N-Channel SOT-323 MOSFETs ROHS,BSS138W,0.0249,181016,1,Transistors/Thyristors,2026-06-07 09:28:36,10,0.249
C28646266,hongjiacheng-2SC3356/C28646266,https://wmsc.lcsc.com/wmsc/upload/file/pdf/v2/lcsc/2407121631_hongjiacheng-2SC3356_C28646266.pdf,expand,0,2026-07-24 06:07:31,hongjiacheng,2SC3356,SOT-23,Bipolar (BJT),-55℃~+150℃ 1 NPN 100mA 12V 1uA 200mW 250 300mV 3V 7GHz NPN SOT-23 Bipolar (BJT) ROHS,2SC3356,0.036,30247,1,Transistors/Thyristors,2026-06-07 09:28:36,10,0.36
C28646267,hongjiacheng-2SC4672/C28646267,https://wmsc.lcsc.com/wmsc/upload/file/pdf/v2/lcsc/2407121629_hongjiacheng-2SC4672_C28646267.pdf,expand,0,2026-07-24 06:07:31,hongjiacheng,2SC4672,SOT-89,Bipolar (BJT),-55℃~+150℃ 1 NPN 100nA 210MHz 2A 350mV 390 500mW 50V 6V NPN SOT-89 Bipolar (BJT) ROHS,2SC4672,0.0754,2941,1,Transistors/Thyristors,2026-06-07 09:28:36,5,0.377
C28646268,hongjiacheng-HL2302/C28646268,https://wmsc.lcsc.com/wmsc/upload/file/pdf/v2/lcsc/2407121629_hongjiacheng-HL2302_C28646268.pdf,expand,0,2026-07-24 06:07:31,hongjiacheng,HL2302,SOT-23,MOSFETs,-55℃~+150℃ 1 N-channel 120pF 20V 25pF 30pF 3A 4.5nC@4.5V 45mΩ@4.5V 700mW 750mV N-Channel SOT-23 MOSFETs ROHS,HL2302,0.0241,43628,1,Transistors/Thyristors,2026-06-07 09:28:36,10,0.241
C28646269,hongjiacheng-HL3407A/C28646269,https://wmsc.lcsc.com/wmsc/upload/file/pdf/v2/lcsc/2407121628_hongjiacheng-HL3407A_C28646269.pdf,expand,0,2026-07-24 06:07:31,hongjiacheng,HL3407A,SOT-23,MOSFETs,-55℃~+150℃ 1 P-Channel 1.2W 1.5V 12nC@10V 30V 4.1A 40mΩ@10V 572pF 70pF P-Channel SOT-23 MOSFETs ROHS,HL3407A,0.0479,4400,1,Transistors/Thyristors,2026-06-07 09:28:36,5,0.2395
C28646270,hongjiacheng-HL3415A/C28646270,https://wmsc.lcsc.com/wmsc/upload/file/pdf/v2/lcsc/2407121622_hongjiacheng-HL3415A_C28646270.pdf,expand,0,2026-07-24 06:07:31,hongjiacheng,HL3415A,SOT-23,MOSFETs,-55℃~+150℃ 1 P-Channel 1.18nF 1.3W 11nC@4.5V 125pF 20V 31mΩ@4.5V、41mΩ@2.5V 5.6A 620mV 88pF P-Channel SOT-23 MOSFETs ROHS,HL3415A,0.0403,51480,1,Transistors/Thyristors,2026-06-07 09:28:36,5,0.2015
C28646271,hongjiacheng-HL3402/C28646271,https://wmsc.lcsc.com/wmsc/upload/file/pdf/v2/lcsc/2407121628_hongjiacheng-HL3402_C28646271.pdf,expand,0,2026-07-24 06:07:31,hongjiacheng,HL3402,SOT-23,MOSFETs,-55℃~+150℃ 1 N-channel 1W 2.5A 30V 35mΩ@10V 390pF 41pF 55pF 5nC@10V 900mV N-Channel SOT-23 MOSFETs ROHS,HL3402,0.039,180718,1,Transistors/Thyristors,2026-06-07 09:28:36,5,0.195
C28646272,hongjiacheng-HL2312/C28646272,https://wmsc.lcsc.com/wmsc/upload/file/pdf/v2/lcsc/2407121622_hongjiacheng-HL2312_C28646272.pdf,expand,0,2026-07-24 06:07:31,hongjiacheng,HL2312,SOT-23,MOSFETs,-55℃~+150℃ 1 N-channel 1.2W 19.5mΩ@4.5V 20V 418pF 5.5A 620mV 6nC@4.5V 70pF 82pF N-Channel SOT-23 MOSFETs ROHS,HL2312,0.0434,29660,1,Transistors/Thyristors,2026-06-07 09:28:36,10,0.434
C28646273,hongjiacheng-HL3416/C28646273,https://wmsc.lcsc.com/wmsc/upload/file/pdf/v2/lcsc/2407121626_hongjiacheng-HL3416_C28646273.pdf,expand,0,2026-07-24 06:07:31,hongjiacheng,HL3416,SOT-23,MOSFETs,-55℃~+150℃ 1 N-channel 1.3W 11nC@4.5V 120pF 133pF 16mΩ@4.5V 20V 6.5A 620mV 890pF N-Channel SOT-23 MOSFETs ROHS,HL3416,0.0629,121604,1,Transistors/Thyristors,2026-06-07 09:28:36,5,0.3145
C28646274,hongjiacheng-HL2307/C28646274,https://wmsc.lcsc.com/wmsc/upload/file/pdf/v2/lcsc/2407121628_hongjiacheng-HL2307_C28646274.pdf,expand,0,2026-07-24 06:07:31,hongjiacheng,HL2307,SOT-23,MOSFETs,-55℃~+150℃ 1 P-Channel 1.6V 1W 2.6A 200pF 30V 30pF 45pF 4nC@15V 77mΩ@10V、125mΩ@4.5V P-Channel SOT-23 MOSFETs ROHS,HL2307,0.0282,52807,1,Transistors/Thyristors,2026-06-07 09:28:36,5,0.141
C28646275,hongjiacheng-FMMT493/C28646275,https://wmsc.lcsc.com/wmsc/upload/file/pdf/v2/lcsc/2407120922_hongjiacheng-FMMT493_C28646275.pdf,expand,0,2026-07-24 06:07:31,hongjiacheng,FMMT493,SOT-23,Bipolar (BJT),-55℃~+150℃ 1 NPN 100 100V 100nA 150MHz 1A 250mW 5V 600mV NPN SOT-23 Bipolar (BJT) ROHS,FMMT493,0.0643,90520,1,Transistors/Thyristors,2026-06-07 09:28:36,5,0.3215
C28646276,hongjiacheng-2SC2884/C28646276,https://wmsc.lcsc.com/wmsc/upload/file/pdf/v2/lcsc/2407121630_hongjiacheng-2SC2884_C28646276.pdf,expand,0,2026-07-24 06:07:31,hongjiacheng,2SC2884,SOT-89,Bipolar (BJT),1 NPN 100nA 120MHz 30V 320 500mV 500mW 5V 800mA NPN SOT-89 Bipolar (BJT) ROHS,2SC2884,0.0429,3572,1,Transistors/Thyristors,2026-06-07 09:28:36,5,0.2145
C28646277,hongjiacheng-SSL34B/C28646277,https://www.lcsc.com/datasheet/lcsc_datasheet_2407121627_hongjiacheng-SSL34B_C28646277.pdf,expand,0,2026-07-24 06:07:31,hongjiacheng,SSL34B,SMB,Schottky Diodes,-55℃~+125℃ 300uA@40V 3A 40V 450mV@3A 80A Standalone SMB Schottky Diodes ROHS,SSL34B,0.098,2573,1,Diodes,2026-06-07 09:28:36,5,0.49
C28646278,hongjiacheng-SSL54B/C28646278,https://www.lcsc.com/datasheet/lcsc_datasheet_2407121628_hongjiacheng-SSL54B_C28646278.pdf,expand,0,2026-07-24 06:07:31,hongjiacheng,SSL54B,SMB,Schottky Diodes,-55℃~+150℃ 150A 1mA@40V 40V 450mV@5A 5A Standalone SMB Schottky Diodes ROHS,SSL54B,0.1199,18764,1,Diodes,2026-06-07 09:28:36,5,0.5995
C28646279,hongjiacheng-SSL56B/C28646279,https://www.lcsc.com/datasheet/lcsc_datasheet_2407121623_hongjiacheng-SSL56B_C28646279.pdf,expand,0,2026-07-24 06:07:31,hongjiacheng,SSL56B,SMB,Schottky Diodes,-55℃~+150℃ 150A 1mA@60V 500mV@5A 5A 60V Standalone SMB Schottky Diodes ROHS,SSL56B,0.167,20668,1,Diodes,2026-06-07 09:28:36,5,0.835
C28646280,hongjiacheng-SSL24B/C28646280,https://www.lcsc.com/datasheet/lcsc_datasheet_2407151447_hongjiacheng-SSL24B_C28646280.pdf,expand,0,2026-07-24 06:07:31,hongjiacheng,SSL24B,SMB,Schottky Diodes,-55℃~+125℃ 2A 40V 450mV@2A 500uA@40V 50A Standalone SMB Schottky Diodes ROHS,SSL24B,0.0695,0,129,Diodes,2026-06-07 09:28:36,131,9.1045
C28646281,hongjiacheng-SSL36F/C28646281,https://www.lcsc.com/datasheet/lcsc_datasheet_2407151526_hongjiacheng-SSL36F_C28646281.pdf,expand,0,2026-07-24 06:07:31,hongjiacheng,SSL36F,SMAF,Schottky Diodes,-55℃~+125℃ 300uA@60V 3A 500mV@3A 60V 80A Standalone SMAF Schottky Diodes ROHS,SSL36F,0.0822,2453,1,Diodes,2026-06-07 09:28:36,5,0.411
C28646282,hongjiacheng-SSL34F/C28646282,https://www.lcsc.com/datasheet/lcsc_datasheet_2407151532_hongjiacheng-SSL34F_C28646282.pdf,expand,0,2026-07-24 06:07:31,hongjiacheng,SSL34F,SMAF,Schottky Diodes,-55℃~+125℃ 300uA@40V 3A 40V 450mV@3A 80A Standalone SMAF Schottky Diodes ROHS,SSL34F,0.0801,10801,1,Diodes,2026-06-07 09:28:36,5,0.4005
C28646283,hongjiacheng-SSL54F/C28646283,https://www.lcsc.com/datasheet/lcsc_datasheet_2407151528_hongjiacheng-SSL54F_C28646283.pdf,expand,0,2026-07-24 06:07:31,hongjiacheng,SSL54F,SMAF,Schottky Diodes,-55℃~+150℃ 120A 300uA@40V 40V 450mV@5A 5A Standalone SMAF Schottky Diodes ROHS,SSL54F,0.121,3645,1,Diodes,2026-06-07 09:28:36,5,0.605
C28646284,hongjiacheng-SSL345F/C28646284,https://www.lcsc.com/datasheet/lcsc_datasheet_2407151527_hongjiacheng-SSL345F_C28646284.pdf,expand,0,2026-07-24 06:07:31,hongjiacheng,SSL345F,SMAF,Schottky Diodes,300uA@45V 3A 450mV@3A 45V 80A Standalone SMAF Schottky Diodes ROHS,SSL345F,0.0769,1686,1,Diodes,2026-06-07 09:28:36,5,0.3845
C28646286,hongjiacheng-SSL36/C28646286,https://www.lcsc.com/datasheet/lcsc_datasheet_2407121626_hongjiacheng-SSL36_C28646286.pdf,expand,0,2026-07-24 06:07:31,hongjiacheng,SSL36,SMA,Schottky Diodes,-55℃~+125℃ 300uA@60V 3A 500mV@3A 60V 80A Standalone SMA Schottky Diodes ROHS,SSL36,0.1039,2445,1,Diodes,2026-06-07 09:28:36,5,0.5195
C28646287,hongjiacheng-DSK115/C28646287,https://www.lcsc.com/datasheet/lcsc_datasheet_2407121626_hongjiacheng-DSK115_C28646287.pdf,expand,0,2026-07-24 06:07:31,hongjiacheng,DSK115,SOD-123FL,Schottky Diodes,-55℃~+150℃ 150V 1A 25A 50uA@150V 850mV@1A Standalone SOD-123FL Schottky Diodes ROHS,DSK115,0.0223,43044,1,Diodes,2026-06-07 09:28:36,15,0.3345
C28646288,hongjiacheng-DSK220/C28646288,https://wmsc.lcsc.com/wmsc/upload/file/pdf/v2/lcsc/2407121626_hongjiacheng-DSK220_C28646288.pdf,expand,0,2026-07-24 06:07:31,hongjiacheng,DSK220,SOD-123FL,Schottky Diodes,-55℃~+150℃ 200V 2A 50A 50uA@200V 950mV@2A Standalone SOD-123FL Schottky Diodes ROHS,DSK220,0.0366,140319,1,Diodes,2026-06-07 09:28:36,5,0.183
C28646289,hongjiacheng-DSK310/C28646289,https://wmsc.lcsc.com/wmsc/upload/file/pdf/v2/lcsc/2407121631_hongjiacheng-DSK310_C28646289.pdf,expand,0,2026-07-24 06:07:31,hongjiacheng,DSK310,SOD-123FL,Schottky Diodes,-55℃~+150℃ 1 Independent 100V 3A 50uA@100V 80A 850mV@3A SOD-123FL Schottky Diodes ROHS,DSK310,0.0355,488526,1,Diodes,2026-06-07 09:28:36,5,0.1775
C28646290,hongjiacheng-DSK22/C28646290,https://wmsc.lcsc.com/wmsc/upload/file/pdf/v2/lcsc/2407121626_hongjiacheng-DSK22_C28646290.pdf,expand,0,2026-07-24 06:07:31,hongjiacheng,DSK22,SOD-123FL,Schottky Diodes,-55℃~+125℃ 200uA@20V 20V 2A 50A 550mV@2A Standalone SOD-123FL Schottky Diodes ROHS,DSK22,0.0261,389798,1,Diodes,2026-06-07 09:28:36,15,0.3915
C28646291,hongjiacheng-DSK38/C28646291,https://wmsc.lcsc.com/wmsc/upload/file/pdf/v2/lcsc/2407121626_hongjiacheng-DSK38_C28646291.pdf,expand,0,2026-07-24 06:07:31,hongjiacheng,DSK38,SOD-123FL,Schottky Diodes,-55℃~+150℃ 3A 50uA@80V 80A 80V 850mV@3A Standalone SOD-123FL Schottky Diodes ROHS,DSK38,0.035,88857,1,Diodes,2026-06-07 09:28:36,15,0.525
C28646292,hongjiacheng-DSK320/C28646292,https://www.lcsc.com/datasheet/lcsc_datasheet_2407121627_hongjiacheng-DSK320_C28646292.pdf,expand,0,2026-07-24 06:07:31,hongjiacheng,DSK320,SOD-123FL,Schottky Diodes,200V 3A 50uA@200V 950mV@3A Standalone SOD-123FL Schottky Diodes ROHS,DSK320,0.0569,58238,1,Diodes,2026-06-07 09:28:36,5,0.2845
C28646293,hongjiacheng-SK84C/C28646293,https://wmsc.lcsc.com/wmsc/upload/file/pdf/v2/lcsc/2407151526_hongjiacheng-SK84C_C28646293.pdf,expand,0,2026-07-24 06:07:31,hongjiacheng,SK84C,SMC,Schottky Diodes,-55℃~+125℃ 150A 40V 500uA@40V 550mV@8A 8A Standalone SMC Schottky Diodes ROHS,SK84C,0.1695,5832,1,Diodes,2026-06-07 09:28:36,2,0.339
C28646294,hongjiacheng-SS33/C28646294,https://wmsc.lcsc.com/wmsc/upload/file/pdf/v2/lcsc/2407121626_hongjiacheng-SS33_C28646294.pdf,expand,0,2026-07-24 06:07:31,hongjiacheng,SS33,SMA,Schottky Diodes,-55℃~+150℃ 200uA@30V 30V 3A 550mV@3A 80A Standalone SMA Schottky Diodes ROHS,SS33,0.0371,2607,1,Diodes,2026-06-07 09:28:36,5,0.1855
C28646295,hongjiacheng-SS215/C28646295,https://www.lcsc.com/datasheet/lcsc_datasheet_2407121628_hongjiacheng-SS215_C28646295.pdf,expand,0,2026-07-24 06:07:31,hongjiacheng,SS215,SMA,Schottky Diodes,150V 2A 50uA@150V 950mV@2A Standalone SMA Schottky Diodes ROHS,SS215,0.0231,18857,1,Diodes,2026-06-07 09:28:36,5,0.1155
C28646296,hongjiacheng-SS515C/C28646296,https://www.lcsc.com/datasheet/lcsc_datasheet_2407121629_hongjiacheng-SS515C_C28646296.pdf,expand,0,2026-07-24 06:07:31,hongjiacheng,SS515C,SMC,Schottky Diodes,-55℃~+150℃ 120A 150V 50uA@150V 5A 950mV@5A Standalone SMC Schottky Diodes ROHS,SS515C,0.1233,1080,1,Diodes,2026-06-07 09:28:36,2,0.2466
C28646297,hongjiacheng-SS320C/C28646297,https://wmsc.lcsc.com/wmsc/upload/file/pdf/v2/lcsc/2407121629_hongjiacheng-SS320C_C28646297.pdf,expand,0,2026-07-24 06:07:31,hongjiacheng,SS320C,SMC,Schottky Diodes,-55℃~+150℃ 200V 3A 50uA@200V 80A 950mV@3A Standalone SMC Schottky Diodes ROHS,SS320C,0.0801,6038,1,Diodes,2026-06-07 09:28:36,2,0.1602
C28646298,hongjiacheng-SS28/C28646298,https://wmsc.lcsc.com/wmsc/upload/file/pdf/v2/lcsc/2407121623_hongjiacheng-SS28_C28646298.pdf,expand,0,2026-07-24 06:07:31,hongjiacheng,SS28,SMA,Schottky Diodes,-55℃~+150℃ 2A 50A 50uA@80V 80V 850mV@2A Standalone SMA Schottky Diodes ROHS,SS28,0.0191,33205,1,Diodes,2026-06-07 09:28:36,15,0.2865
C28646299,hongjiacheng-SK810B/C28646299,https://www.lcsc.com/datasheet/lcsc_datasheet_2407151528_hongjiacheng-SK810B_C28646299.pdf,expand,0,2026-07-24 06:07:31,hongjiacheng,SK810B,SMB,Schottky Diodes,-55℃~+125℃ 100V 150A 20uA@100V 850mV@8A 8A Standalone SMB Schottky Diodes ROHS,SK810B,0.1302,13462,1,Diodes,2026-06-07 09:28:36,5,0.651
C28646300,hongjiacheng-SK1045B/C28646300,https://wmsc.lcsc.com/wmsc/upload/file/pdf/v2/lcsc/2407151528_hongjiacheng-SK1045B_C28646300.pdf,expand,0,2026-07-24 06:07:31,hongjiacheng,SK1045B,SMB,Schottky Diodes,-55℃~+150℃ 100uA@45V 10A 250A 45V 550mV@10A Standalone SMB Schottky Diodes ROHS,SK1045B,0.1213,0,74,Diodes,2026-06-07 09:28:36,76,9.2188
C28646301,hongjiacheng-SK106B/C28646301,https://wmsc.lcsc.com/wmsc/upload/file/pdf/v2/lcsc/2407151527_hongjiacheng-SK106B_C28646301.pdf,expand,0,2026-07-24 06:07:31,hongjiacheng,SK106B,SMB,Schottky Diodes,100uA@60V 10A 60V 700mV@10A Standalone SMB Schottky Diodes ROHS,SK106B,0.1573,16676,1,Diodes,2026-06-07 09:28:36,5,0.7865
C28646302,hongjiacheng-SS220B/C28646302,https://www.lcsc.com/datasheet/lcsc_datasheet_2407151354_hongjiacheng-SS220B_C28646302.pdf,expand,0,2026-07-24 06:07:31,hongjiacheng,SS220B,SMB,Schottky Diodes,-55℃~+150℃ 200V 200uA@200V 2A 50A 950mV@2A Standalone SMB Schottky Diodes ROHS,SS220B,0.04,8663,1,Diodes,2026-06-07 09:28:36,5,0.2
C28646303,hongjiacheng-SS18/C28646303,https://wmsc.lcsc.com/wmsc/upload/file/pdf/v2/lcsc/2407121630_hongjiacheng-SS18_C28646303.pdf,expand,0,2026-07-24 06:07:31,hongjiacheng,SS18,SMA,Schottky Diodes,-55℃~+150℃ 1A 30A 50uA@80V 80V 850mV@1A Standalone SMA Schottky Diodes ROHS,SS18,0.0212,21548,1,Diodes,2026-06-07 09:28:36,15,0.318
C2925441,Liown-SMBJ30CA/C2925441,https://wmsc.lcsc.com/wmsc/upload/file/pdf/v2/lcsc/2312271606_Liown-SMBJ30CA_C2925441.pdf,expand,0,2026-07-24 06:07:31,Liown,SMBJ30CA,SMB(DO-214AA),ESD and Surge Protection (TVS/ESD),-55℃~+150℃ 12.4A 1uA 30V 33.3V 48.4V 600W Bidirectional IEC 61000-4-2 TVS SMB(DO-214AA) ESD and Surge Protection (TVS/ESD) ROHS,双向TVS 30V截止 峰值浪涌电流：12.4A,0.045,163554,1,Circuit Protection,2026-06-07 09:28:36,5,0.225
C2925443,Liown-SMAJ50A/C2925443,https://wmsc.lcsc.com/wmsc/upload/file/pdf/v2/lcsc/2312271606_Liown-SMAJ5-0A_C2925443.pdf,expand,0,2026-07-24 06:07:31,Liown,SMAJ5.0A,SMA(DO-214AC),ESD and Surge Protection (TVS/ESD),-55℃~+150℃ 400W 43.5A 5V 6.4V 800uA 9.2V IEC 61000-4-2 TVS Unidirectional SMA(DO-214AC) ESD and Surge Protection (TVS/ESD) ROHS,单向TVS 5V截止 峰值脉冲电流：43.5A,0.0384,56488,1,Circuit Protection,2026-06-07 09:28:36,9,0.3456
C2925451,Liown-SMBJ60CA/C2925451,https://wmsc.lcsc.com/wmsc/upload/file/pdf/v2/lcsc/2312271606_Liown-SMBJ6-0CA_C2925451.pdf,expand,0,2026-07-24 06:07:31,Liown,SMBJ6.0CA,SMB(DO-214AA),ESD and Surge Protection (TVS/ESD),10.3V 58.3A 6.67V 600W 6V 800uA Bidirectional IEC 61000-4-2 TVS SMB(DO-214AA) ESD and Surge Protection (TVS/ESD) ROHS,双向TVS 6V截止 峰值浪涌电流：58.3A,0.0485,74708,1,Circuit Protection,2026-06-07 09:28:36,5,0.2425
C29718,30472-4D03WGJ0103T5E/C29718,https://www.lcsc.com/datasheet/lcsc_datasheet_2304140030_UNI-ROYAL-Uniroyal-Elec-4D03WGJ0103T5E_C29718.pdf,base,0,2026-07-24 06:07:31,UNI-ROYAL(Uniroyal Elec),4D03WGJ0103T5E,0603x4,"Resistor Networks, Arrays","10kΩ 4 62.5mW 8 ±200ppm/℃ ±5% 0603x4 Resistor Networks, Arrays ROHS",10kΩ ±5%,0.0148,2605022,1,Resistors,2026-06-07 09:28:36,3,0.0444
C29823,30577-1206B475K500NT/C29823,https://www.lcsc.com/datasheet/lcsc_datasheet_2304140030_FH--Guangdong-Fenghua-Advanced-Tech-1206B475K500NT_C29823.pdf,base,0,2026-07-24 06:07:31,FH (Guangdong Fenghua Advanced Tech),1206B475K500NT,1206,Multilayer Ceramic Capacitors MLCC - SMD/SMT,4.7uF 50V X7R ±10% 1206 Multilayer Ceramic Capacitors MLCC - SMD/SMT ROHS,4.7uF ±10% 50V,0.1896,1052095,1,Capacitors,2026-06-07 09:28:36,9,1.7064
C2990124,Liown-SMCJ65CA/C2990124,https://wmsc.lcsc.com/wmsc/upload/file/pdf/v2/lcsc/2312271607_Liown-SMCJ6-5CA_C2990124.pdf,expand,0,2026-07-24 06:07:31,Liown,SMCJ6.5CA,SMC(DO-214AB),ESD and Surge Protection (TVS/ESD),-55℃~+150℃ 1.5kW 11.2V 134A 500uA 6.5V 7.22V Bidirectional IEC 61000-4-2 TVS SMC(DO-214AB) ESD and Surge Protection (TVS/ESD) ROHS,双向TVS 6.5V截止 峰值浪涌电流：134A,0.135,2626,1,Circuit Protection,2026-06-07 09:28:36,2,0.27
C2990261,Liown-SMDJ64CA/C2990261,https://wmsc.lcsc.com/wmsc/upload/file/pdf/v2/lcsc/2312271608_Liown-SMDJ64CA_C2990261.pdf,expand,0,2026-07-24 06:07:31,Liown,SMDJ64CA,SMC(DO-214AB),ESD and Surge Protection (TVS/ESD),-55℃~+150℃ 103V 1uA 29.1A 3kW 64V 71.1V Bidirectional IEC 61000-4-2 TVS SMC(DO-214AB) ESD and Surge Protection (TVS/ESD) ROHS,双向TVS 64V截止 峰值浪涌电流：29.1A,0.2153,991,1,Circuit Protection,2026-06-07 09:28:36,2,0.4306
C2990414,Liown-50SMDJ64CA/C2990414,https://wmsc.lcsc.com/wmsc/upload/file/pdf/v2/lcsc/2312271608_Liown-5-0SMDJ64CA_C2990414.pdf,expand,0,2026-07-24 06:07:31,Liown,5.0SMDJ64CA,SMC(DO-214AB),ESD and Surge Protection (TVS/ESD),-55℃~+150℃ 103V 2uA 48.6A 5kW 64V 71.1V Bidirectional IEC 61000-4-2 TVS SMC(DO-214AB) ESD and Surge Protection (TVS/ESD) ROHS,双向TVS 64V截止 峰值浪涌电流：48.6A,0.4169,3509,1,Circuit Protection,2026-06-07 09:28:36,2,0.8338
C2990416,Liown-50SMDJ75CA/C2990416,https://wmsc.lcsc.com/wmsc/upload/file/pdf/v2/lcsc/2312271608_Liown-5-0SMDJ75CA_C2990416.pdf,expand,0,2026-07-24 06:07:31,Liown,5.0SMDJ75CA,SMC(DO-214AB),ESD and Surge Protection (TVS/ESD),-55℃~+150℃ 121V 2uA 41.4A 5kW 75V 83.3V Bidirectional IEC 61000-4-2 TVS SMC(DO-214AB) ESD and Surge Protection (TVS/ESD) ROHS,双向TVS 75V截止 峰值浪涌电流：41.4A,0.3512,7242,1,Circuit Protection,2026-06-07 09:28:36,2,0.7024
C2990473,Liown-SMF60CA/C2990473,https://wmsc.lcsc.com/wmsc/upload/file/pdf/v2/lcsc/2312271608_Liown-SMF6-0CA_C2990473.pdf,expand,0,2026-07-24 06:07:31,Liown,SMF6.0CA,SOD-123FL,ESD and Surge Protection (TVS/ESD),-55℃~+150℃ 10.3V 19.4A 200W 400uA 6.67V 6V Bidirectional IEC 61000-4-2 TVS SOD-123FL ESD and Surge Protection (TVS/ESD) ROHS,双向TVS 6V截止 峰值浪涌电流：19.4A,0.0377,193155,1,Circuit Protection,2026-06-07 09:28:36,15,0.5655
C2990493,Liown-SMF30CA/C2990493,https://wmsc.lcsc.com/wmsc/upload/file/pdf/v2/lcsc/2312271608_Liown-SMF30CA_C2990493.pdf,expand,0,2026-07-24 06:07:31,Liown,SMF30CA,SOD-123FL,ESD and Surge Protection (TVS/ESD),1kW@8/20us 1uA 30V 36.8V 4.2A@10/1000us 48.4V Bidirectional IEC 61000-4-2 TVS SOD-123FL ESD and Surge Protection (TVS/ESD) ROHS,双向TVS 30V截止 峰值浪涌电流：4.2A@10/1000us,0.0319,121811,1,Circuit Protection,2026-06-07 09:28:36,15,0.4785
C3019524,Liown-P6SMAJ33CA/C3019524,https://wmsc.lcsc.com/wmsc/upload/file/pdf/v2/lcsc/2312271608_Liown-P6SMAJ33CA_C3019524.pdf,expand,0,2026-07-24 06:07:31,Liown,P6SMAJ33CA,DO-214AC(SMA),ESD and Surge Protection (TVS/ESD),-55℃~+150℃ 11.3A 1uA 33V 40.6V 53.3V 600W@10/1000us Bidirectional IEC 61000-4-2 TVS DO-214AC(SMA) ESD and Surge Protection (TVS/ESD) ROHS,双向TVS 33V截止 峰值脉冲电流：11.3A,0.0545,12252,1,Circuit Protection,2026-06-07 09:28:36,5,0.2725
C30274,31031-0402CG6R0C500NT_SMTonly/C30274,https://datasheet.lcsc.com/lcsc/1811141733_FH-Guangdong-Fenghua-Advanced-Tech-0402CG6R0C500NT_C30274.pdf,expand,0,2026-07-24 06:07:31,FH (Guangdong Fenghua Advanced Tech),0402CG6R0C500NT (SMTonly),0402,Multilayer Ceramic Capacitors MLCC - SMD/SMT,50V 6pF C0G 0402 Multilayer Ceramic Capacitors MLCC - SMD/SMT ROHS,±0.25pF 6pF 50V,0.0019,354347,1,Capacitors,2026-06-07 09:28:36,20,0.038
C307331,291005-CL05B104KB54PNC/C307331,https://www.lcsc.com/datasheet/lcsc_datasheet_2304140030_Samsung-Electro-Mechanics-CL05B104KB54PNC_C307331.pdf,base,0,2026-07-24 06:07:31,Samsung Electro-Mechanics,CL05B104KB54PNC,0402,Multilayer Ceramic Capacitors MLCC - SMD/SMT,100nF 50V X7R ±10% 0402 Multilayer Ceramic Capacitors MLCC - SMD/SMT ROHS,100nF ±10% 50V,0.0101,29453327,1,Capacitors,2026-06-07 09:28:36,20,0.202
C3113,3500-CJ431/C3113,https://www.lcsc.com/datasheet/lcsc_datasheet_2304140030_Jiangsu-Changjing-Electronics-Technology-Co---Ltd--CJ431_C3113.pdf,base,0,2026-07-24 06:07:31,"Jiangsu Changjing Electronics Technology Co., Ltd.",CJ431,SOT-23,Voltage Reference,-25℃~+85℃@(Ta) 100mA 1mA 2.5V~36V 50ppm/℃ Adjustable Parallel ±0.5% SOT-23 Voltage Reference ROHS,并联 50ppm/℃,0.0453,314922,1,Power Management (PMIC),2026-06-07 09:28:36,5,0.2265
C31658,32617-CL10B683KB8NNNC/C31658,https://www.lcsc.com/datasheet/lcsc_datasheet_2304140030_Samsung-Electro-Mechanics-CL10B683KB8NNNC_C31658.pdf,expand,0,2026-07-24 06:07:31,Samsung Electro-Mechanics,CL10B683KB8NNNC,0603,Multilayer Ceramic Capacitors MLCC - SMD/SMT,50V 68nF X7R ±10% 0603 Multilayer Ceramic Capacitors MLCC - SMD/SMT ROHS,68nF ±10% 50V,0.0247,126172,1,Capacitors,2026-06-07 09:28:36,20,0.494
C31850,32812-0603WAF2202T5E/C31850,https://www.lcsc.com/datasheet/lcsc_datasheet_2206010030_UNI-ROYAL-Uniroyal-Elec-0603WAF2202T5E_C31850.pdf,base,0,2026-07-24 06:07:31,UNI-ROYAL(Uniroyal Elec),0603WAF2202T5E,0603,Chip Resistor - Surface Mount,-55℃~+155℃ 100mW 22kΩ 75V Thick Film Resistor ±1% ±100ppm/℃ 0603 Chip Resistor - Surface Mount ROHS,22kΩ ±1% 100mW 厚膜电阻,0.0024,1641189,1,Resistors,2026-06-07 09:28:36,20,0.048
C318884,XKBConnection-TS_1187A_B_AB/C318884,https://www.lcsc.com/datasheet/lcsc_datasheet_2304140030_XKB-Connection-TS-1187A-B-A-B_C318884.pdf,base,0,2026-07-24 06:07:31,XKB Connection,TS-1187A-B-A-B,"SMD-4P,5.1x5.1mm",Tactile Switches,"-30℃~+85℃ 1.5mm 1.6N 100,000 cycles 12V 5.1mm 5.1mm 50mA Gold No Round Button SPST Surface Mount,Vertical Without Bracket SMD-4P,5.1x5.1mm Tactile Switches ROHS",5.1*5.1*1.5mm 立贴 轻触开关,0.0203,1397388,1,Switches,2026-06-07 09:28:36,6,0.1218
C32078,onsemi-MC34063ADR2G/C32078,https://www.lcsc.com/datasheet/lcsc_datasheet_1809171620_onsemi-MC34063ADR2G_C32078.pdf,expand,0,2026-07-24 06:07:31,onsemi,MC34063ADR2G,SOIC-8,DC-DC Converters,0℃~+70℃@(TA) 1 1.25V~40V 1.5A 100kHz 3V~40V Adjustable Boost、Buck Buck、Boost Built-in No SOIC-8 DC-DC Converters ROHS,降压型 1.5A 3V~40V,0.522,113738,1,Power Management (PMIC),2026-06-07 09:28:36,1,0.522
C32346,SeikoEpson-Q13FC13500004/C32346,https://www.lcsc.com/datasheet/lcsc_datasheet_2404180925_Seiko-Epson-Q13FC13500004_C32346.pdf,base,0,2026-07-24 06:07:31,Seiko Epson,Q13FC13500004,SMD3215-2P,Crystals,-40℃~+85℃ 12.5pF 32.768kHz 70kΩ Crystal Oscillator ±20ppm SMD3215-2P Crystals ROHS,32.768kHz ±20ppm 12.5pF,0.1712,425416,1,"Crystals, Oscillators, Resonators",2026-06-07 09:28:36,5,0.856
C32375,Sunlord-SDFL2012T220KTF/C32375,https://www.lcsc.com/datasheet/lcsc_datasheet_2310301641_Sunlord-SDFL2012T220KTF_C32375.pdf,expand,0,2026-07-24 06:07:31,Sunlord,SDFL2012T220KTF,0805,Inductors (SMD),1.1Ω 16MHz 22uH 30@1MHz 5mA Multilayer inductor ±10% 0805 Inductors (SMD) ROHS,22uH ±10%,0.0688,25097,1,"Inductors, Coils, Chokes",2026-06-07 09:28:36,20,1.376
C32574,33539-TP4054_42SOT25R/C32574,https://www.lcsc.com/datasheet/lcsc_datasheet_1809261814_TOPPOWER-Nanjing-Extension-Microelectronics-TP4054-42-SOT25R_C32574.pdf,expand,0,2026-07-24 06:07:31,TOPPOWER(Nanjing Extension Microelectronics),TP4054-42-SOT25R,SOT-23-5,Battery Management,-40℃~+85℃ 1 4.2V 450mA 45uA 4V~9V Charging IC Lithium Battery Not supported Not supported SOT-23-5 Battery Management ROHS,单节锂离子电池线性充电器,0.162,53796,1,Power Management (PMIC),2026-06-07 09:28:36,5,0.81
C32677,ProTekDevices-PSM712_LFT7/C32677,https://www.lcsc.com/datasheet/lcsc_datasheet_1811061632_ProTek-Devices-PSM712-LF-T7_C32677.pdf,base,0,2026-07-24 06:07:31,ProTek Devices,PSM712-LF-T7,SOT-23,ESD and Surge Protection (TVS/ESD),-55℃~+150℃ 12V 13.3V 19V 1uA、20uA 30A@8/20us、34A@8/20us 600W@8/20us 75pF IEC 61000-4-2、IEC 61000-4-5、IEC 61000-4-4 TVS Unidirectional SOT-23 ESD and Surge Protection (TVS/ESD) ROHS,单向TVS 12V截止 峰值浪涌电流：34A@8/20us 30A@8/20us,0.3201,219230,1,Circuit Protection,2026-06-07 09:28:36,5,1.6005
C32949,33914-CL05C100JB5NNNC/C32949,https://www.lcsc.com/datasheet/lcsc_datasheet_2304140030_Samsung-Electro-Mechanics-CL05C100JB5NNNC_C32949.pdf,base,0,2026-07-24 06:07:31,Samsung Electro-Mechanics,CL05C100JB5NNNC,0402,Multilayer Ceramic Capacitors MLCC - SMD/SMT,10pF 50V C0G ±5% 0402 Multilayer Ceramic Capacitors MLCC - SMD/SMT ROHS,10pF ±5% 50V,0.0053,1436709,1,Capacitors,2026-06-07 09:28:36,20,0.106
C34465,TexasInstruments-LM2576SX_5_0NOPB/C34465,https://www.lcsc.com/datasheet/lcsc_datasheet_1806140314_Texas-Instruments-LM2576SX-5-0-NOPB_C34465.pdf,expand,0,2026-07-24 06:07:31,Texas Instruments,LM2576SX-5.0/NOPB,TO-263-5,DC-DC Converters,-40℃~+125℃@(TJ) 1 3A 4V~40V 52kHz 5V 5mA Buck Buck Built-in Fixed No TO-263-5 DC-DC Converters ROHS,降压型 3A 4V~40V,2.7578,3192,1,Power Management (PMIC),2026-06-07 09:28:36,1,2.7578
C34499,Hubei_KENTOElec-KT0805W/C34499,https://www.lcsc.com/datasheet/lcsc_datasheet_2305091500_Hubei-KENTO-Elec-KT-0805W_C34499.pdf,base,0,2026-07-24 06:07:31,Hubei KENTO Elec,KT-0805W,0805,LED Indication - Discrete,-30℃~+85℃ 120° 13172K~100000K 2.6V~3.2V 25mA 350mcd 80mW Discrete Diode Top-mount White Yellow Lens 0805 LED Indication - Discrete ROHS,0805 白灯 高亮,0.02,769773,1,Optoelectronics,2026-06-07 09:28:36,20,0.4
C35216,36187-CL31B102KGFNNNE/C35216,https://www.lcsc.com/datasheet/lcsc_datasheet_2304140030_Samsung-Electro-Mechanics-CL31B102KGFNNNE_C35216.pdf,expand,0,2026-07-24 06:07:31,Samsung Electro-Mechanics,CL31B102KGFNNNE,1206,Multilayer Ceramic Capacitors MLCC - SMD/SMT,1nF 500V X7R ±10% 1206 Multilayer Ceramic Capacitors MLCC - SMD/SMT ROHS,1nF ±10% 500V【停产】,0.0529,11224,170,Capacitors,2026-06-07 09:28:36,174,9.2046
C35722,VishayIntertech-SS36_E357T/C35722,https://www.lcsc.com/datasheet/lcsc_datasheet_1809042323_Vishay-Intertech-SS36-E3-57T_C35722.pdf,expand,0,2026-07-24 06:07:31,Vishay Intertech,SS36-E3/57T,SMC(DO-214AB),Schottky Diodes,-55℃~+150℃ 1 Independent 100A 3A 500uA@60V 60V 750mV@3A SMC(DO-214AB) Schottky Diodes ROHS,SS36-E3/57T,0.3291,10926,1,Diodes,2026-06-07 09:28:36,2,0.6582
C364310,338622-MMBT3904_1AM_RANGE_100_300/C364310,https://www.lcsc.com/datasheet/lcsc_datasheet_2308231034_MDD-Microdiode-Semiconductor-MMBT3904-1AM-RANGE-100-300_C364310.pdf,expand,0,2026-07-24 06:07:31,MDD(Microdiode Semiconductor),MMBT3904-1AM(RANGE:100-300),SOT-23,Bipolar (BJT),-55℃~+150℃ 1 NPN 100nA 200mA 200mW 300 300MHz 300mV 40V 6V NPN SOT-23 Bipolar (BJT) ROHS,MMBT3904-1AM(RANGE:100-300),0.0098,157414,1,Transistors/Thyristors,2026-06-07 09:28:36,10,0.098
C364312,MDD_Microdiode_Semiconductor-S8050/C364312,https://www.lcsc.com/datasheet/lcsc_datasheet_2407101108_MDD-Microdiode-Semiconductor-S8050-J3Y_C364312.pdf,expand,0,2026-07-24 06:07:31,MDD(Microdiode Semiconductor),S8050,SOT-23,Bipolar (BJT),-55℃~+150℃ 1 NPN 100nA 150MHz 25V 300mW 400 500mA 5V 600mV NPN SOT-23 Bipolar (BJT) ROHS,S8050,0.0126,479127,1,Transistors/Thyristors,2026-06-07 09:28:36,10,0.126
C36871,37849-0402WGF6802TCE/C36871,https://www.lcsc.com/datasheet/lcsc_datasheet_2206010030_UNI-ROYAL-Uniroyal-Elec-0402WGF6802TCE_C36871.pdf,expand,0,2026-07-24 06:07:31,UNI-ROYAL(Uniroyal Elec),0402WGF6802TCE,0402,Chip Resistor - Surface Mount,-55℃~+155℃ 50V 62.5mW 68kΩ Thick Film Resistor ±1% ±100ppm/℃ 0402 Chip Resistor - Surface Mount ROHS,68kΩ ±1% 62.5mW 厚膜电阻,0.0013,0,6889,Resistors,2026-06-07 09:28:36,6899,8.9687
C37474,38453-0603CG6R0C500NT/C37474,https://www.lcsc.com/datasheet/lcsc_datasheet_2304140030_FH--Guangdong-Fenghua-Advanced-Tech-0603CG6R0C500NT_C37474.pdf,expand,0,2026-07-24 06:07:31,FH (Guangdong Fenghua Advanced Tech),0603CG6R0C500NT,0603,Multilayer Ceramic Capacitors MLCC - SMD/SMT,50V 6pF C0G 0603 Multilayer Ceramic Capacitors MLCC - SMD/SMT ROHS,±0.25pF 6pF 50V,0.0071,786874,1,Capacitors,2026-06-07 09:28:36,20,0.142
C37704,Nexperia-BAT54C215/C37704,https://www.lcsc.com/datasheet/lcsc_datasheet_2407241028_Nexperia-BAT54C-215_C37704.pdf,expand,0,2026-07-24 06:07:31,Nexperia,"BAT54C,215",SOT-23,Schottky Diodes,1 Pair Common Cathode 200mA 2uA@25V 30V 600mA 800mV@100mA SOT-23 Schottky Diodes ROHS,"BAT54C,215",0.0187,316515,1,Diodes,2026-06-07 09:28:36,10,0.187
C377773,350246-CL21A225KBQNNNE/C377773,https://wmsc.lcsc.com/wmsc/upload/file/pdf/v2/lcsc/2304140030_Samsung-Electro-Mechanics-CL21A225KBQNNNE_C377773.pdf,base,0,2026-07-24 06:07:31,Samsung Electro-Mechanics,CL21A225KBQNNNE,0805,Multilayer Ceramic Capacitors MLCC - SMD/SMT,2.2uF 50V X5R ±10% 0805 Multilayer Ceramic Capacitors MLCC - SMD/SMT ROHS,2.2uF ±10% 50V,0.0292,386361,1,Capacitors,2026-06-07 09:28:36,20,0.584
C38523,39506-CL10C120JB8NNNC/C38523,https://www.lcsc.com/datasheet/lcsc_datasheet_2304140030_Samsung-Electro-Mechanics-CL10C120JB8NNNC_C38523.pdf,base,0,2026-07-24 06:07:31,Samsung Electro-Mechanics,CL10C120JB8NNNC,0603,Multilayer Ceramic Capacitors MLCC - SMD/SMT,12pF 50V C0G ±5% 0603 Multilayer Ceramic Capacitors MLCC - SMD/SMT ROHS,12pF ±5% 50V,0.0061,1149636,1,Capacitors,2026-06-07 09:28:36,20,0.122
C39148,40131-CL10C560JB8NNNC/C39148,https://www.lcsc.com/datasheet/lcsc_datasheet_2304140030_Samsung-Electro-Mechanics-CL10C560JB8NNNC_C39148.pdf,expand,0,2026-07-24 06:07:31,Samsung Electro-Mechanics,CL10C560JB8NNNC,0603,Multilayer Ceramic Capacitors MLCC - SMD/SMT,50V 56pF C0G ±5% 0603 Multilayer Ceramic Capacitors MLCC - SMD/SMT ROHS,56pF ±5% 50V,0.0112,151576,1,Capacitors,2026-06-07 09:28:36,20,0.224
C408396,397621-MMBT5551/C408396,https://www.lcsc.com/datasheet/lcsc_datasheet_2407261641_MDD-Microdiode-Semiconductor-MMBT5551_C408396.pdf,expand,0,2026-07-24 06:07:31,MDD(Microdiode Semiconductor),MMBT5551,SOT-23,Bipolar (BJT),-55℃~+150℃ 1 NPN 160V 200mV 300 300MHz 300mW 50nA 600mA 6V NPN SOT-23 Bipolar (BJT) ROHS,MMBT5551,0.0136,1142777,1,Transistors/Thyristors,2026-06-07 09:28:36,10,0.136
C4109,4516-0402WGF2001TCE/C4109,https://www.lcsc.com/datasheet/lcsc_datasheet_2206010230_UNI-ROYAL-Uniroyal-Elec-0402WGF2001TCE_C4109.pdf,base,0,2026-07-24 06:07:31,UNI-ROYAL(Uniroyal Elec),0402WGF2001TCE,0402,Chip Resistor - Surface Mount,-55℃~+155℃ 2kΩ 50V 62.5mW Thick Film Resistor ±1% ±100ppm/℃ 0402 Chip Resistor - Surface Mount ROHS,2kΩ ±1% 62.5mW 厚膜电阻,0.0015,2421529,1,Resistors,2026-06-07 09:28:36,20,0.03
C412437,MDD_Microdiode_Semiconductor-US1M/C412437,https://www.lcsc.com/datasheet/lcsc_datasheet_2407101111_MDD-Microdiode-Semiconductor-US1M_C412437.pdf,base,0,2026-07-24 06:07:31,MDD(Microdiode Semiconductor),US1M,SMA,Fast Recovery / High Efficiency Diodes,-55℃~+150℃ 1 Independent 1.65V@1A 1A 1kV 30A 5uA@1kV 75ns SMA Fast Recovery / High Efficiency Diodes ROHS,US1M,0.0132,2453954,1,Diodes,2026-06-07 09:28:36,11,0.1452
C41375109,hongjiacheng-BCP5616/C41375109,https://www.lcsc.com/datasheet/lcsc_datasheet_2409041457_hongjiacheng-BCP56-16_C41375109.pdf,expand,0,2026-07-24 06:07:31,hongjiacheng,BCP56-16,SOT-223,Bipolar (BJT),1 NPN 1.33W 100nA 130MHz 1A 25 500mV 5V 80V NPN SOT-223 Bipolar (BJT) ROHS,BCP56-16,0.0857,1847,1,Transistors/Thyristors,2026-06-07 09:28:36,2,0.1714
C41375110,hongjiacheng-BCP5316/C41375110,https://www.lcsc.com/datasheet/lcsc_datasheet_2409041457_hongjiacheng-BCP53-16_C41375110.pdf,expand,0,2026-07-24 06:07:31,hongjiacheng,BCP53-16,SOT-223,Bipolar (BJT),1 PNP 1.5W 100MHz 100V 100nA 1A 250 500mV 5V PNP SOT-223 Bipolar (BJT) ROHS,BCP53-16,0.0671,2,134,Transistors/Thyristors,2026-06-07 09:28:36,134,8.9914
C41375111,hongjiacheng-BCP5116/C41375111,https://www.lcsc.com/datasheet/lcsc_datasheet_2409041457_hongjiacheng-BCP51-16_C41375111.pdf,expand,0,2026-07-24 06:07:31,hongjiacheng,BCP51-16,SOT-223,Bipolar (BJT),1 PNP 1.5W 100MHz 100nA 1A 250 45V 500mV 5V PNP SOT-223 Bipolar (BJT) ROHS,BCP51-16,0.0735,1670,1,Transistors/Thyristors,2026-06-07 09:28:36,2,0.147
C41375112,hongjiacheng-FZT955/C41375112,https://www.lcsc.com/datasheet/lcsc_datasheet_2409041457_hongjiacheng-FZT955_C41375112.pdf,expand,0,2026-07-24 06:07:31,hongjiacheng,FZT955,SOT-223,Bipolar (BJT),1 PNP 110MHz 140V 300 370mV 3W 4A 50nA 6V PNP SOT-223 Bipolar (BJT) ROHS,FZT955,0.1697,2499,1,Transistors/Thyristors,2026-06-07 09:28:36,2,0.3394
C41375113,hongjiacheng-MMBTA94/C41375113,https://www.lcsc.com/datasheet/lcsc_datasheet_2411041730_hongjiacheng-MMBTA94_C41375113.pdf,expand,0,2026-07-24 06:07:31,hongjiacheng,MMBTA94,SOT-23,Bipolar (BJT),-55℃~+150℃ 1 PNP 100nA 200mA 200mV 300 350mW 400V 50MHz 5V PNP SOT-23 Bipolar (BJT) ROHS,MMBTA94,0.0493,34834,1,Transistors/Thyristors,2026-06-07 09:28:36,5,0.2465
C41375114,hongjiacheng-MMBTA05/C41375114,https://www.lcsc.com/datasheet/lcsc_datasheet_2410161104_hongjiacheng-MMBTA05_C41375114.pdf,expand,0,2026-07-24 06:07:31,hongjiacheng,MMBTA05,SOT-23,Bipolar (BJT),1 NPN 100MHz 100nA 250mV 300mW 400 4V 500mA 60V NPN SOT-23 Bipolar (BJT) ROHS,MMBTA05,0.0295,12432,1,Transistors/Thyristors,2026-06-07 09:28:36,10,0.295
C41375115,hongjiacheng-MMBTA55/C41375115,https://www.lcsc.com/datasheet/lcsc_datasheet_2411041730_hongjiacheng-MMBTA55_C41375115.pdf,expand,0,2026-07-24 06:07:31,hongjiacheng,MMBTA55,SOT-23,Bipolar (BJT),1 PNP 100nA 225mW 250mV 400 4V 500mA 50MHz 60V PNP SOT-23 Bipolar (BJT) ROHS,MMBTA55,0.0305,36070,1,Transistors/Thyristors,2026-06-07 09:28:36,10,0.305
C41375116,hongjiacheng-MMDT5551/C41375116,https://www.lcsc.com/datasheet/lcsc_datasheet_2409051048_hongjiacheng-MMDT5551_C41375116.pdf,expand,0,2026-07-24 06:07:31,hongjiacheng,MMDT5551,SOT-363,Bipolar (BJT),160V 2 NPN 200mA 200mV 200mW 300 300MHz 50nA 6V NPN SOT-363 Bipolar (BJT) ROHS,MMDT5551,0.0503,29036,1,Transistors/Thyristors,2026-06-07 09:28:36,5,0.2515
C41375117,hongjiacheng-MMDT2227/C41375117,https://www.lcsc.com/datasheet/lcsc_datasheet_2409051048_hongjiacheng-MMDT2227_C41375117.pdf,expand,0,2026-07-24 06:07:31,hongjiacheng,MMDT2227,SOT-363,Bipolar (BJT),1 NPN + 1 PNP 10nA 200mW 300 300MHz 300mV 600mA 60V 6V NPN+PNP SOT-363 Bipolar (BJT) ROHS,MMDT2227,0.069,47758,1,Transistors/Thyristors,2026-06-07 09:28:36,5,0.345
C41375118,hongjiacheng-2SD1898/C41375118,https://www.lcsc.com/datasheet/lcsc_datasheet_2501071555_hongjiacheng-2SD1898_C41375118.pdf,expand,0,2026-07-24 06:07:31,hongjiacheng,2SD1898,SOT-89,Bipolar (BJT),-55℃~+155℃ 1 NPN 100MHz 1A 1uA 390 400mV 500mW 5V 80V NPN SOT-89 Bipolar (BJT) ROHS,2SD1898,0.0466,11157,1,Transistors/Thyristors,2026-06-07 09:28:36,5,0.233
C41375119,hongjiacheng-2SD1664/C41375119,https://www.lcsc.com/datasheet/lcsc_datasheet_2411041735_hongjiacheng-2SD1664_C41375119.pdf,expand,0,2026-07-24 06:07:31,hongjiacheng,2SD1664,SOT-89,Bipolar (BJT),-55℃~+155℃ 0.5mW 1 NPN 120MHz 1A 32V 390 400mV 500nA 5V NPN SOT-89 Bipolar (BJT) ROHS,2SD1664,0.0542,2781,1,Transistors/Thyristors,2026-06-07 09:28:36,5,0.271
C41375120,hongjiacheng-BCX5516/C41375120,https://www.lcsc.com/datasheet/lcsc_datasheet_2411041735_hongjiacheng-BCX55-16_C41375120.pdf,expand,0,2026-07-24 06:07:31,hongjiacheng,BCX55-16,SOT-89,Bipolar (BJT),1 NPN 130MHz 1A 250 500mV 500mW 5V 5nA 60V NPN SOT-89 Bipolar (BJT) ROHS,BCX55-16,0.0704,21368,1,Transistors/Thyristors,2026-06-07 09:28:36,5,0.352
C41375121,hongjiacheng-2SA1201/C41375121,https://www.lcsc.com/datasheet/lcsc_datasheet_2411041735_hongjiacheng-2SA1201_C41375121.pdf,expand,0,2026-07-24 06:07:31,hongjiacheng,2SA1201,SOT-89,Bipolar (BJT),1 PNP 100nA 120MHz 120V 1V 240 500mW 5V 800mA PNP SOT-89 Bipolar (BJT) ROHS,2SA1201,0.0814,4949,1,Transistors/Thyristors,2026-06-07 09:28:36,5,0.407
C41375123,hongjiacheng-D882H/C41375123,https://www.lcsc.com/datasheet/lcsc_datasheet_2411041735_hongjiacheng-D882H_C41375123.pdf,expand,0,2026-07-24 06:07:31,hongjiacheng,D882H,SOT-89,Bipolar (BJT),1 NPN 1uA 320 3A 500mV 500mW 50MHz 6V 70V NPN SOT-89 Bipolar (BJT) ROHS,D882H,0.068,17004,1,Transistors/Thyristors,2026-06-07 09:28:36,5,0.34
C41375125,hongjiacheng-MMDT3904/C41375125,https://www.lcsc.com/datasheet/lcsc_datasheet_2409051048_hongjiacheng-MMDT3904_C41375125.pdf,expand,0,2026-07-24 06:07:31,hongjiacheng,MMDT3904,SOT-363,Bipolar (BJT),100nA 2 NPN 200mA 200mW 300 300MHz 300mV 40V 6V NPN SOT-363 Bipolar (BJT) ROHS,MMDT3904,0.0329,71399,1,Transistors/Thyristors,2026-06-07 09:28:36,10,0.329
C41375126,hongjiacheng-BC847BS/C41375126,https://www.lcsc.com/datasheet/lcsc_datasheet_2409041457_hongjiacheng-BC847BS_C41375126.pdf,expand,0,2026-07-24 06:07:31,hongjiacheng,BC847BS,SOT-363,Bipolar (BJT),100MHz 100mA 100nA 2 NPN 200mW 45V 500mV 6V 800 NPN SOT-363 Bipolar (BJT) ROHS,BC847BS,0.0282,29562,1,Transistors/Thyristors,2026-06-07 09:28:36,10,0.282
C41375127,hongjiacheng-2SD2391/C41375127,https://www.lcsc.com/datasheet/lcsc_datasheet_2411041735_hongjiacheng-2SD2391_C41375127.pdf,expand,0,2026-07-24 06:07:31,hongjiacheng,2SD2391,SOT-89,Bipolar (BJT),-55℃~+155℃ 1 NPN 100nA 210MHz 2A 350mV 390 500mW 60V 6V NPN SOT-89 Bipolar (BJT) ROHS,2SD2391,0.1017,2824,1,Transistors/Thyristors,2026-06-07 09:28:36,5,0.5085
C41375128,hongjiacheng-FMMT491/C41375128,https://www.lcsc.com/datasheet/lcsc_datasheet_2408301021_hongjiacheng-FMMT491_C41375128.pdf,expand,0,2026-07-24 06:07:31,hongjiacheng,FMMT491,SOT-23,Bipolar (BJT),1 NPN 100nA 150MHz 1A 250mW 300 500mV 5V 60V NPN SOT-23 Bipolar (BJT) ROHS,FMMT491,0.0511,5984,1,Transistors/Thyristors,2026-06-07 09:28:36,5,0.2555
C41375129,hongjiacheng-A1015/C41375129,https://www.lcsc.com/datasheet/lcsc_datasheet_2408301021_hongjiacheng-A1015_C41375129.pdf,expand,0,2026-07-24 06:07:31,hongjiacheng,A1015,SOT-23,Bipolar (BJT),1 PNP 100nA 150mA 200mW 300mV 400 50V 5V 80MHz PNP SOT-23 Bipolar (BJT) ROHS,A1015,0.0144,18174,1,Transistors/Thyristors,2026-06-07 09:28:36,10,0.144
C41375130,hongjiacheng-S9018/C41375130,https://www.lcsc.com/datasheet/lcsc_datasheet_2410161104_hongjiacheng-S9018_C41375130.pdf,expand,0,2026-07-24 06:07:31,hongjiacheng,S9018,SOT-23,Bipolar (BJT),1 NPN 15V 200 200mW 500mV 50mA 50nA 5V 800MHz NPN SOT-23 Bipolar (BJT) ROHS,S9018,0.015,56853,1,Transistors/Thyristors,2026-06-07 09:28:36,10,0.15
C41375131,hongjiacheng-2SC2412/C41375131,https://www.lcsc.com/datasheet/lcsc_datasheet_2408301021_hongjiacheng-2SC2412_C41375131.pdf,expand,0,2026-07-24 06:07:31,hongjiacheng,2SC2412,SOT-23,Bipolar (BJT),1 NPN 100nA 150mA 180MHz 200mW 400mV 50V 560 7V NPN SOT-23 Bipolar (BJT) ROHS,2SC2412,0.0124,2184,1,Transistors/Thyristors,2026-06-07 09:28:36,10,0.124
C41375132,hongjiacheng-FMMT591/C41375132,https://www.lcsc.com/datasheet/lcsc_datasheet_2408301021_hongjiacheng-FMMT591_C41375132.pdf,expand,0,2026-07-24 06:07:31,hongjiacheng,FMMT591,SOT-23,Bipolar (BJT),1 PNP 100nA 150MHz 1A 250mW 300 5V 600mV 60V PNP SOT-23 Bipolar (BJT) ROHS,FMMT591,0.0413,29980,1,Transistors/Thyristors,2026-06-07 09:28:36,5,0.2065
C41375133,hongjiacheng-BC80716/C41375133,https://www.lcsc.com/datasheet/lcsc_datasheet_2409051048_hongjiacheng-BC807-16_C41375133.pdf,expand,0,2026-07-24 06:07:31,hongjiacheng,BC807-16,SOT-23,Bipolar (BJT),1 PNP 100MHz 100nA 250 300mW 45V 500mA 5V 700mV PNP SOT-23 Bipolar (BJT) ROHS,BC807-16,0.0195,18541,1,Transistors/Thyristors,2026-06-07 09:28:36,10,0.195
C41375134,hongjiacheng-B772/C41375134,https://www.lcsc.com/datasheet/lcsc_datasheet_2411041735_hongjiacheng-B772_C41375134.pdf,expand,0,2026-07-24 06:07:31,hongjiacheng,B772,SOT-89,Bipolar (BJT),1 PNP 100nA 30V 3A 400 500mV 500mW 6V 80MHz PNP SOT-89 Bipolar (BJT) ROHS,B772,0.0677,56397,1,Transistors/Thyristors,2026-06-07 09:28:36,5,0.3385
C41375135,hongjiacheng-BCX5316/C41375135,https://www.lcsc.com/datasheet/lcsc_datasheet_2411041735_hongjiacheng-BCX53-16_C41375135.pdf,expand,0,2026-07-24 06:07:31,hongjiacheng,BCX53-16,SOT-89,Bipolar (BJT),1 PNP 100 100nA 1A 500mV 500mW 50MHz 5V 80V PNP SOT-89 Bipolar (BJT) ROHS,BCX53-16,0.0671,27310,1,Transistors/Thyristors,2026-06-07 09:28:36,5,0.3355
C41375136,hongjiacheng-PXT8050/C41375136,https://www.lcsc.com/datasheet/lcsc_datasheet_2411041735_hongjiacheng-PXT8050_C41375136.pdf,expand,0,2026-07-24 06:07:31,hongjiacheng,PXT8050,SOT-89,Bipolar (BJT),-55℃~+155℃ 1 NPN 1.5A 100MHz 100nA 25V 400 500mV 500mW 5V NPN SOT-89 Bipolar (BJT) ROHS,PXT8050,0.031,9720,1,Transistors/Thyristors,2026-06-07 09:28:36,5,0.155
C41375138,hongjiacheng-CXT5551/C41375138,https://www.lcsc.com/datasheet/lcsc_datasheet_2411041735_hongjiacheng-CXT5551_C41375138.pdf,expand,0,2026-07-24 06:07:31,hongjiacheng,CXT5551,SOT-89,Bipolar (BJT),1 NPN 100nA 150mV 160V 300 300MHz 500mW 600mA 6V NPN SOT-89 Bipolar (BJT) ROHS,CXT5551,0.0381,350430,1,Transistors/Thyristors,2026-06-07 09:28:36,5,0.1905
C41375139,hongjiacheng-2SA1013/C41375139,https://www.lcsc.com/datasheet/lcsc_datasheet_2408301021_hongjiacheng-2SA1013_C41375139.pdf,expand,0,2026-07-24 06:07:31,hongjiacheng,2SA1013,SOT-89,Bipolar (BJT),1 PNP 1.5V 15MHz 160V 1A 1uA 320 500mW 6V PNP SOT-89 Bipolar (BJT) ROHS,2SA1013,0.0882,12791,1,Transistors/Thyristors,2026-06-07 09:28:36,5,0.441
C41375140,hongjiacheng-2SD965A/C41375140,https://www.lcsc.com/datasheet/lcsc_datasheet_2411041735_hongjiacheng-2SD965A_C41375140.pdf,expand,0,2026-07-24 06:07:31,hongjiacheng,2SD965A,SOT-89,Bipolar (BJT),1 NPN 100nA 150MHz 1V 30V 5A 750mW 7V 800 NPN SOT-89 Bipolar (BJT) ROHS,2SD965A,0.1117,15120,1,Transistors/Thyristors,2026-06-07 09:28:36,5,0.5585
C41376085,hongjiacheng-BCP5516/C41376085,https://www.lcsc.com/datasheet/lcsc_datasheet_2412061047_hongjiacheng-BCP55-16_C41376085.pdf,expand,0,2026-07-24 06:07:31,hongjiacheng,BCP55-16,SOT-223,Bipolar (BJT),1 NPN 1.5W 100nA 130MHz 1A 25 500mV 5V 60V NPN SOT-223 Bipolar (BJT) ROHS,BCP55-16,0.0632,10728,1,Transistors/Thyristors,2026-06-07 09:28:36,2,0.1264
C41376086,hongjiacheng-SMF36A/C41376086,https://www.lcsc.com/datasheet/lcsc_datasheet_2411041728_hongjiacheng-SMF36A_C41376086.pdf,expand,0,2026-07-24 06:07:31,hongjiacheng,SMF36A,SOD-123FL,ESD and Surge Protection (TVS/ESD),-55℃~+150℃ 1 1uA 200W 3.44A 36V 44.2V 58.1V IEC 61000-4-2 TVS Unidirectional SOD-123FL ESD and Surge Protection (TVS/ESD) ROHS,单向TVS 36V截止 峰值浪涌电流：3.44A,0.03,42870,1,Circuit Protection,2026-06-07 09:28:36,15,0.45
C41376087,hongjiacheng-SMF13A/C41376087,https://www.lcsc.com/datasheet/lcsc_datasheet_2409191648_hongjiacheng-SMF13A_C41376087.pdf,expand,0,2026-07-24 06:07:31,hongjiacheng,SMF13A,SOD-123FL,ESD and Surge Protection (TVS/ESD),1 13V 15.9V 1uA 200W 21.5V 9.3A IEC 61000-4-2 TVS Unidirectional SOD-123FL ESD and Surge Protection (TVS/ESD) ROHS,单向TVS 13V截止 峰值浪涌电流：9.3A,0.0197,37110,1,Circuit Protection,2026-06-07 09:28:36,15,0.2955
C41376088,hongjiacheng-SMF70A/C41376088,https://www.lcsc.com/datasheet/lcsc_datasheet_2411041728_hongjiacheng-SMF7-0A_C41376088.pdf,expand,0,2026-07-24 06:07:31,hongjiacheng,SMF7.0A,SOD-123FL,ESD and Surge Protection (TVS/ESD),-55℃~+150℃ 1 100uA 12V 16.67A 200W 7V 8.6V IEC 61000-4-2 TVS Unidirectional SOD-123FL ESD and Surge Protection (TVS/ESD) ROHS,单向TVS 7V截止 峰值浪涌电流：16.67A,0.0315,40763,1,Circuit Protection,2026-06-07 09:28:36,15,0.4725
C41376089,hongjiacheng-SMF65A/C41376089,https://www.lcsc.com/datasheet/lcsc_datasheet_2501071555_hongjiacheng-SMF6-5A_C41376089.pdf,expand,0,2026-07-24 06:07:31,hongjiacheng,SMF6.5A,SOD-123FL,ESD and Surge Protection (TVS/ESD),-55℃~+150℃ 1 11.2V 17.86A 200W 250uA 6.5V 7.98V IEC 61000-4-2 TVS Unidirectional SOD-123FL ESD and Surge Protection (TVS/ESD) ROHS,单向TVS 6.5V截止 峰值浪涌电流：17.86A,0.0228,16102,1,Circuit Protection,2026-06-07 09:28:36,15,0.342
C41376090,hongjiacheng-SMF26A/C41376090,https://www.lcsc.com/datasheet/lcsc_datasheet_2501071555_hongjiacheng-SMF26A_C41376090.pdf,expand,0,2026-07-24 06:07:31,hongjiacheng,SMF26A,SOD-123FL,ESD and Surge Protection (TVS/ESD),-55℃~+150℃ 1 1uA 200W 26V 31.9V 4.8A 42.1V IEC 61000-4-2 TVS Unidirectional SOD-123FL ESD and Surge Protection (TVS/ESD) ROHS,单向TVS 26V截止 峰值浪涌电流：4.8A,0.0319,57482,1,Circuit Protection,2026-06-07 09:28:36,15,0.4785
C41376091,hongjiacheng-SMF28A/C41376091,https://www.lcsc.com/datasheet/lcsc_datasheet_2501071555_hongjiacheng-SMF28A_C41376091.pdf,expand,0,2026-07-24 06:07:31,hongjiacheng,SMF28A,SOD-123FL,ESD and Surge Protection (TVS/ESD),1 1uA 200W 28V 34.4V 4.41A 45.4V IEC 61000-4-2 TVS Unidirectional SOD-123FL ESD and Surge Protection (TVS/ESD) ROHS,单向TVS 28V截止 峰值浪涌电流：4.41A,0.0303,127833,1,Circuit Protection,2026-06-07 09:28:36,15,0.4545
C41376092,hongjiacheng-SMF60CA/C41376092,https://www.lcsc.com/datasheet/lcsc_datasheet_2501071555_hongjiacheng-SMF60CA_C41376092.pdf,expand,0,2026-07-24 06:07:31,hongjiacheng,SMF60CA,SOD-123FL,ESD and Surge Protection (TVS/ESD),-55℃~+150℃ 1uA 2 2.1A 200W 60V 73.7V 96.8V Bidirectional IEC 61000-4-2 TVS SOD-123FL ESD and Surge Protection (TVS/ESD) ROHS,双向TVS 60V截止 峰值浪涌电流：2.1A,0.0308,75113,1,Circuit Protection,2026-06-07 09:28:36,15,0.462
C41376094,hongjiacheng-SMCJ60CA/C41376094,https://www.lcsc.com/datasheet/lcsc_datasheet_2501071555_hongjiacheng-SMCJ6-0CA_C41376094.pdf,expand,0,2026-07-24 06:07:31,hongjiacheng,SMCJ6.0CA,SMC(DO-214AB),ESD and Surge Protection (TVS/ESD),-55℃~+150℃ 1.5kW 10.3V 145.7A 2 6V 7.37V 800uA Bidirectional IEC 61000-4-2 TVS SMC(DO-214AB) ESD and Surge Protection (TVS/ESD) ROHS,双向TVS 6V截止 峰值浪涌电流：145.7A,0.1191,4985,1,Circuit Protection,2026-06-07 09:28:36,2,0.2382
C41376097,hongjiacheng-SMBJ14CA/C41376097,https://www.lcsc.com/datasheet/lcsc_datasheet_2411041728_hongjiacheng-SMBJ14CA_C41376097.pdf,expand,0,2026-07-24 06:07:31,hongjiacheng,SMBJ14CA,DO-214AA(SMB),ESD and Surge Protection (TVS/ESD),-55℃~+150℃ 14V 17.2V 2 23.2V 25.86A 5uA 600W Bidirectional IEC 61000-4-2 TVS DO-214AA(SMB) ESD and Surge Protection (TVS/ESD) ROHS,双向TVS 14V截止 峰值浪涌电流：25.86A,0.054,19389,1,Circuit Protection,2026-06-07 09:28:36,5,0.27
C41376098,hongjiacheng-SMBJ43CA/C41376098,https://www.lcsc.com/datasheet/lcsc_datasheet_2411041728_hongjiacheng-SMBJ43CA_C41376098.pdf,expand,0,2026-07-24 06:07:31,hongjiacheng,SMBJ43CA,DO-214AA(SMB),ESD and Surge Protection (TVS/ESD),-55℃~+150℃ 2 43V 52.8V 5uA 600W 69.4V 8.65A Bidirectional IEC 61000-4-2 TVS DO-214AA(SMB) ESD and Surge Protection (TVS/ESD) ROHS,双向TVS 43V截止 峰值浪涌电流：8.65A,0.0461,24849,1,Circuit Protection,2026-06-07 09:28:36,5,0.2305
C41376099,hongjiacheng-SMBJ64CA/C41376099,https://www.lcsc.com/datasheet/lcsc_datasheet_2411041728_hongjiacheng-SMBJ64CA_C41376099.pdf,expand,0,2026-07-24 06:07:31,hongjiacheng,SMBJ64CA,DO-214AA(SMB),ESD and Surge Protection (TVS/ESD),103V 2 5.83A 5uA 600W 64V 78.6V Bidirectional IEC 61000-4-2 TVS DO-214AA(SMB) ESD and Surge Protection (TVS/ESD) ROHS,双向TVS 64V截止 峰值浪涌电流：5.83A,0.0331,23705,1,Circuit Protection,2026-06-07 09:28:36,5,0.1655
C41376100,hongjiacheng-SMBJ80CA/C41376100,https://www.lcsc.com/datasheet/lcsc_datasheet_2409191648_hongjiacheng-SMBJ8-0CA_C41376100.pdf,expand,0,2026-07-24 06:07:31,hongjiacheng,SMBJ8.0CA,DO-214AA(SMB),ESD and Surge Protection (TVS/ESD),-55℃~+150℃ 13.6V 2 44.12A 50uA 600W 8V 9.83V Bidirectional IEC 61000-4-2 TVS DO-214AA(SMB) ESD and Surge Protection (TVS/ESD) ROHS,双向TVS 8V截止 峰值浪涌电流：44.12A,0.0492,1006,1,Circuit Protection,2026-06-07 09:28:36,5,0.246
C41376101,hongjiacheng-SMBJ51CA/C41376101,https://www.lcsc.com/datasheet/lcsc_datasheet_2409191648_hongjiacheng-SMBJ51CA_C41376101.pdf,expand,0,2026-07-24 06:07:31,hongjiacheng,SMBJ51CA,DO-214AA(SMB),ESD and Surge Protection (TVS/ESD),-55℃~+150℃ 2 51V 5uA 600W 62.7V 7.28A 82.4V Bidirectional IEC 61000-4-2 TVS DO-214AA(SMB) ESD and Surge Protection (TVS/ESD) ROHS,双向TVS 51V截止 峰值浪涌电流：7.28A,0.0461,9430,1,Circuit Protection,2026-06-07 09:28:36,5,0.2305
C41376102,hongjiacheng-SMBJ58A/C41376102,https://www.lcsc.com/datasheet/lcsc_datasheet_2409191648_hongjiacheng-SMBJ58A_C41376102.pdf,expand,0,2026-07-24 06:07:31,hongjiacheng,SMBJ58A,DO-214AA(SMB),ESD and Surge Protection (TVS/ESD),-55℃~+150℃ 1 58V 5uA 6.41A 600W 71.2V 93.6V IEC 61000-4-2 TVS Unidirectional DO-214AA(SMB) ESD and Surge Protection (TVS/ESD) ROHS,单向TVS 58V截止 峰值浪涌电流：6.41A,0.041,16901,1,Circuit Protection,2026-06-07 09:28:36,5,0.205
C41376104,hongjiacheng-SMBJ170A/C41376104,https://www.lcsc.com/datasheet/lcsc_datasheet_2501071555_hongjiacheng-SMBJ170A_C41376104.pdf,expand,0,2026-07-24 06:07:31,hongjiacheng,SMBJ170A,DO-214AA(SMB),ESD and Surge Protection (TVS/ESD),-55℃~+150℃ 1 170V 2.18A 209V 275V 5uA 600W IEC 61000-4-2 TVS Unidirectional DO-214AA(SMB) ESD and Surge Protection (TVS/ESD) ROHS,单向TVS 170V截止 峰值浪涌电流：2.18A,0.0484,35941,1,Circuit Protection,2026-06-07 09:28:36,5,0.242
C41376398,hongjiacheng-SMBJ90CA/C41376398,https://www.lcsc.com/datasheet/lcsc_datasheet_2409191648_hongjiacheng-SMBJ90CA_C41376398.pdf,expand,0,2026-07-24 06:07:31,hongjiacheng,SMBJ90CA,DO-214AA(SMB),ESD and Surge Protection (TVS/ESD),-55℃~+150℃ 111V 146V 2 4.11A 5uA 600W 90V Bidirectional IEC 61000-4-2 TVS DO-214AA(SMB) ESD and Surge Protection (TVS/ESD) ROHS,双向TVS 90V截止 峰值浪涌电流：4.11A,0.0461,4197,1,Circuit Protection,2026-06-07 09:28:36,5,0.2305
C41376399,hongjiacheng-SMAJ33A/C41376399,https://www.lcsc.com/datasheet/lcsc_datasheet_2411041728_hongjiacheng-SMAJ33A_C41376399.pdf,expand,0,2026-07-24 06:07:31,hongjiacheng,SMAJ33A,DO-214AC(SMA),ESD and Surge Protection (TVS/ESD),1 1uA 33V 40.6V 400W 53.3V 7.5A@10/1000us IEC 61000-4-2 TVS Unidirectional DO-214AC(SMA) ESD and Surge Protection (TVS/ESD) ROHS,单向TVS 33V截止 峰值浪涌电流：7.5A@10/1000us,0.0411,9456,1,Circuit Protection,2026-06-07 09:28:36,5,0.2055
C41376400,hongjiacheng-SMAJ43CA/C41376400,https://www.lcsc.com/datasheet/lcsc_datasheet_2411041728_hongjiacheng-SMAJ43CA_C41376400.pdf,expand,0,2026-07-24 06:07:31,hongjiacheng,SMAJ43CA,DO-214AC(SMA),ESD and Surge Protection (TVS/ESD),1uA 2 400W 43V 5.8A@10/1000us 52.8V 69.4V Bidirectional IEC 61000-4-2 TVS DO-214AC(SMA) ESD and Surge Protection (TVS/ESD) ROHS,双向TVS 43V截止 峰值浪涌电流：5.8A@10/1000us,0.0414,44165,1,Circuit Protection,2026-06-07 09:28:36,5,0.207
C41376401,hongjiacheng-SMAJ48A/C41376401,https://www.lcsc.com/datasheet/lcsc_datasheet_2411041728_hongjiacheng-SMAJ48A_C41376401.pdf,expand,0,2026-07-24 06:07:31,hongjiacheng,SMAJ48A,DO-214AC(SMA),ESD and Surge Protection (TVS/ESD),1 1uA 400W 48V 5.2A@10/1000us 58.9V 77.4V IEC 61000-4-2 TVS Unidirectional DO-214AC(SMA) ESD and Surge Protection (TVS/ESD) ROHS,单向TVS 48V截止 峰值浪涌电流：5.2A@10/1000us,0.0369,60344,1,Circuit Protection,2026-06-07 09:28:36,5,0.1845
C41376402,hongjiacheng-SMAJ43A/C41376402,https://www.lcsc.com/datasheet/lcsc_datasheet_2411041728_hongjiacheng-SMAJ43A_C41376402.pdf,expand,0,2026-07-24 06:07:31,hongjiacheng,SMAJ43A,DO-214AC(SMA),ESD and Surge Protection (TVS/ESD),-55℃~+150℃ 1 1uA 400W 43V 5.8A@10/1000us 52.8V 69.4V IEC 61000-4-2 TVS Unidirectional DO-214AC(SMA) ESD and Surge Protection (TVS/ESD) ROHS,单向TVS 43V截止 峰值浪涌电流：5.8A@10/1000us,0.0376,998,1,Circuit Protection,2026-06-07 09:28:36,5,0.188
C41376403,hongjiacheng-SMAJ22A/C41376403,https://www.lcsc.com/datasheet/lcsc_datasheet_2411041728_hongjiacheng-SMAJ22A_C41376403.pdf,expand,0,2026-07-24 06:07:31,hongjiacheng,SMAJ22A,DO-214AC(SMA),ESD and Surge Protection (TVS/ESD),1 11.3A 1uA 22V 26.9V 35.5V 400W IEC 61000-4-2 TVS Unidirectional DO-214AC(SMA) ESD and Surge Protection (TVS/ESD) ROHS,单向TVS 22V截止 峰值浪涌电流：11.3A,0.0426,195187,1,Circuit Protection,2026-06-07 09:28:36,5,0.213
C41376404,hongjiacheng-SMAJ51CA/C41376404,https://www.lcsc.com/datasheet/lcsc_datasheet_2411041728_hongjiacheng-SMAJ51CA_C41376404.pdf,expand,0,2026-07-24 06:07:31,hongjiacheng,SMAJ51CA,DO-214AC(SMA),ESD and Surge Protection (TVS/ESD),-55℃~+150℃ 1uA 2 4.9A 400W 51V 62.7V 82.4V Bidirectional IEC 61000-4-2 TVS DO-214AC(SMA) ESD and Surge Protection (TVS/ESD) ROHS,双向TVS 51V截止 峰值浪涌电流：4.9A,0.0414,4930,1,Circuit Protection,2026-06-07 09:28:36,5,0.207
C41376405,hongjiacheng-SMAJ16A/C41376405,https://www.lcsc.com/datasheet/lcsc_datasheet_2411041728_hongjiacheng-SMAJ16A_C41376405.pdf,expand,0,2026-07-24 06:07:31,hongjiacheng,SMAJ16A,DO-214AC(SMA),ESD and Surge Protection (TVS/ESD),-55℃~+150℃ 1 15.4A 16V 19.7V 1uA 26V 400W IEC 61000-4-2 TVS Unidirectional DO-214AC(SMA) ESD and Surge Protection (TVS/ESD) ROHS,单向TVS 16V截止 峰值浪涌电流：15.4A,0.0442,36210,1,Circuit Protection,2026-06-07 09:28:36,5,0.221
C41376406,hongjiacheng-SMAJ14A/C41376406,https://www.lcsc.com/datasheet/lcsc_datasheet_2411041728_hongjiacheng-SMAJ14A_C41376406.pdf,expand,0,2026-07-24 06:07:31,hongjiacheng,SMAJ14A,DO-214AC(SMA),ESD and Surge Protection (TVS/ESD),-55℃~+150℃ 1 14V 17.2A@10/1000us 17.2V 1uA 23.2V 400W IEC 61000-4-2 TVS Unidirectional DO-214AC(SMA) ESD and Surge Protection (TVS/ESD) ROHS,单向TVS 14V截止 峰值浪涌电流：17.2A@10/1000us,0.0414,5655,1,Circuit Protection,2026-06-07 09:28:36,5,0.207
C41376407,hongjiacheng-SMAJ10A/C41376407,https://www.lcsc.com/datasheet/lcsc_datasheet_2409191648_hongjiacheng-SMAJ10A_C41376407.pdf,expand,0,2026-07-24 06:07:31,hongjiacheng,SMAJ10A,DO-214AC(SMA),ESD and Surge Protection (TVS/ESD),-55℃~+150℃ 1 10V 12.3V 17V 23.5A 400W 5uA IEC 61000-4-2 TVS Unidirectional DO-214AC(SMA) ESD and Surge Protection (TVS/ESD) ROHS,单向TVS 10V截止 峰值浪涌电流：23.5A,0.0414,14697,1,Circuit Protection,2026-06-07 09:28:36,5,0.207
C41376408,hongjiacheng-SMAJ20A/C41376408,https://www.lcsc.com/datasheet/lcsc_datasheet_2411041728_hongjiacheng-SMAJ20A_C41376408.pdf,expand,0,2026-07-24 06:07:31,hongjiacheng,SMAJ20A,DO-214AC(SMA),ESD and Surge Protection (TVS/ESD),-55℃~+150℃ 1 12.3A@10/1000us 1uA 20V 24.5V 32.4V 400W IEC 61000-4-2 TVS Unidirectional DO-214AC(SMA) ESD and Surge Protection (TVS/ESD) ROHS,单向TVS 20V截止 峰值浪涌电流：12.3A@10/1000us,0.0319,13816,1,Circuit Protection,2026-06-07 09:28:36,5,0.1595
C41376409,hongjiacheng-SMAJ200A/C41376409,https://www.lcsc.com/datasheet/lcsc_datasheet_2409191648_hongjiacheng-SMAJ200A_C41376409.pdf,expand,0,2026-07-24 06:07:31,hongjiacheng,SMAJ200A,DO-214AC(SMA),ESD and Surge Protection (TVS/ESD),-55℃~+150℃ 1 1.2A 1uA 200V 247V 324V 400W IEC 61000-4-2 TVS Unidirectional DO-214AC(SMA) ESD and Surge Protection (TVS/ESD) ROHS,单向TVS 200V截止 峰值浪涌电流：1.2A,0.031,23222,1,Circuit Protection,2026-06-07 09:28:36,5,0.155
C41410770,hongjiacheng-SSL54/C41410770,https://www.lcsc.com/datasheet/lcsc_datasheet_2409200954_hongjiacheng-SSL54_C41410770.pdf,expand,0,2026-07-24 06:07:31,hongjiacheng,SSL54,SMA,Schottky Diodes,-55℃~+150℃ 120A 40V 480mV@5A 500uA@40V 5A Standalone SMA Schottky Diodes ROHS,SSL54,0.1305,347,1,Diodes,2026-06-07 09:28:36,5,0.6525
C41410771,hongjiacheng-SSL34/C41410771,https://www.lcsc.com/datasheet/lcsc_datasheet_2501211645_hongjiacheng-SSL34_C41410771.pdf,expand,0,2026-07-24 06:07:31,hongjiacheng,SSL34,SMA,Schottky Diodes,-55℃~+125℃ 300uA@40V 3A 40V 500mV@3A 80A Standalone SMA Schottky Diodes ROHS,SSL34,0.0891,24394,1,Diodes,2026-06-07 09:28:36,5,0.4455
C41410772,hongjiacheng-SK810C/C41410772,https://www.lcsc.com/datasheet/lcsc_datasheet_2409200954_hongjiacheng-SK810C_C41410772.pdf,expand,0,2026-07-24 06:07:31,hongjiacheng,SK810C,SMC,Schottky Diodes,-55℃~+150℃ 100V 150A 50uA@100V 8A 950mV@8A Standalone SMC Schottky Diodes ROHS,SK810C,0.1571,2093,1,Diodes,2026-06-07 09:28:36,2,0.3142
C41410773,hongjiacheng-SSL310/C41410773,https://www.lcsc.com/datasheet/lcsc_datasheet_2501211645_hongjiacheng-SSL310_C41410773.pdf,expand,0,2026-07-24 06:07:31,hongjiacheng,SSL310,SMA,Schottky Diodes,100V 3A 500uA@100V 600mV@3A 80A Standalone SMA Schottky Diodes ROHS,SSL310,0.0832,3182,1,Diodes,2026-06-07 09:28:36,5,0.416
C41410774,hongjiacheng-SK84B/C41410774,https://www.lcsc.com/datasheet/lcsc_datasheet_2501211645_hongjiacheng-SK84B_C41410774.pdf,expand,0,2026-07-24 06:07:31,hongjiacheng,SK84B,SMB,Schottky Diodes,-55℃~+125℃ 100uA@40V 150A 40V 550mV@8A 8A Standalone SMB Schottky Diodes ROHS,SK84B,0.1233,6166,1,Diodes,2026-06-07 09:28:36,5,0.6165
C41410776,hongjiacheng-SSL510B/C41410776,https://www.lcsc.com/datasheet/lcsc_datasheet_2501211645_hongjiacheng-SSL510B_C41410776.pdf,expand,0,2026-07-24 06:07:31,hongjiacheng,SSL510B,SMB,Schottky Diodes,-55℃~+150℃ 100V 150A 1mA@100V 5A 600mV@5A Standalone SMB Schottky Diodes ROHS,SSL510B,0.0978,60924,1,Diodes,2026-06-07 09:28:36,5,0.489
C41410779,hongjiacheng-SS32C/C41410779,https://www.lcsc.com/datasheet/lcsc_datasheet_2409200954_hongjiacheng-SS32C_C41410779.pdf,expand,0,2026-07-24 06:07:31,hongjiacheng,SS32C,SMC,Schottky Diodes,-55℃~+125℃ 20V 3A 500uA@20V 550mV@3A 80A Standalone SMC Schottky Diodes ROHS,SS32C,0.0683,237,1,Diodes,2026-06-07 09:28:36,2,0.1366
C41410780,hongjiacheng-SSL310B/C41410780,https://www.lcsc.com/datasheet/lcsc_datasheet_2501211645_hongjiacheng-SSL310B_C41410780.pdf,expand,0,2026-07-24 06:07:31,hongjiacheng,SSL310B,SMB,Schottky Diodes,-55℃~+150℃ 100V 300uA@100V 3A 600mV@3A 80A Standalone SMB Schottky Diodes ROHS,SSL310B,0.0898,5992,1,Diodes,2026-06-07 09:28:36,5,0.449
C41410781,hongjiacheng-SS52B/C41410781,https://www.lcsc.com/datasheet/lcsc_datasheet_2409200954_hongjiacheng-SS52B_C41410781.pdf,expand,0,2026-07-24 06:07:31,hongjiacheng,SS52B,SMB,Schottky Diodes,-55℃~+125℃ 120A 200uA@20V 20V 550mV@5A 5A Standalone SMB Schottky Diodes ROHS,SS52B,0.079,786,1,Diodes,2026-06-07 09:28:36,5,0.395
C41410782,hongjiacheng-SS58B/C41410782,https://www.lcsc.com/datasheet/lcsc_datasheet_2409200954_hongjiacheng-SS58B_C41410782.pdf,expand,0,2026-07-24 06:07:31,hongjiacheng,SS58B,SMB,Schottky Diodes,-55℃~+150℃ 120A 50uA@80V 5A 80V 950mV@5A Standalone SMB Schottky Diodes ROHS,SS58B,0.0838,26339,1,Diodes,2026-06-07 09:28:36,5,0.419
C41410783,hongjiacheng-SS38B/C41410783,https://www.lcsc.com/datasheet/lcsc_datasheet_2501211645_hongjiacheng-SS38B_C41410783.pdf,expand,0,2026-07-24 06:07:31,hongjiacheng,SS38B,SMB,Schottky Diodes,-55℃~+150℃ 200uA@80V 3A 80A 80V 850mV@3A Standalone SMB Schottky Diodes ROHS,SS38B,0.0476,2701,1,Diodes,2026-06-07 09:28:36,5,0.238
C41410784,hongjiacheng-SS52C/C41410784,https://www.lcsc.com/datasheet/lcsc_datasheet_2501211645_hongjiacheng-SS52C_C41410784.pdf,expand,0,2026-07-24 06:07:31,hongjiacheng,SS52C,SMC,Schottky Diodes,-55℃~+125℃ 120A 150uA@20V 20V 550mV@5A 5A Standalone SMC Schottky Diodes ROHS,SS52C,0.0806,127,1,Diodes,2026-06-07 09:28:36,2,0.1612
C41410785,hongjiacheng-SS58C/C41410785,https://www.lcsc.com/datasheet/lcsc_datasheet_2501211645_hongjiacheng-SS58C_C41410785.pdf,expand,0,2026-07-24 06:07:31,hongjiacheng,SS58C,SMC,Schottky Diodes,-55℃~+150℃ 120A 150uA@80V 5A 80V 850mV@5A Standalone SMC Schottky Diodes ROHS,SS58C,0.0907,3189,1,Diodes,2026-06-07 09:28:36,2,0.1814
C41410788,hongjiacheng-SS22B/C41410788,https://www.lcsc.com/datasheet/lcsc_datasheet_2501211645_hongjiacheng-SS22B_C41410788.pdf,expand,0,2026-07-24 06:07:31,hongjiacheng,SS22B,SMB,Schottky Diodes,-55℃~+125℃ 1mA@20V 20V 2A 50A 550mV@2A Standalone SMB Schottky Diodes ROHS,SS22B,0.0369,527,1,Diodes,2026-06-07 09:28:36,5,0.1845
C41410789,hongjiacheng-SS32B/C41410789,https://www.lcsc.com/datasheet/lcsc_datasheet_2501211645_hongjiacheng-SS32B_C41410789.pdf,expand,0,2026-07-24 06:07:31,hongjiacheng,SS32B,SMB,Schottky Diodes,-55℃~+125℃ 200uA@20V 20V 3A 550mV@3A 80A Standalone SMB Schottky Diodes ROHS,SS32B,0.044,5886,1,Diodes,2026-06-07 09:28:36,5,0.22
C41410793,hongjiacheng-SSL510C/C41410793,https://www.lcsc.com/datasheet/lcsc_datasheet_2409200954_hongjiacheng-SSL510C_C41410793.pdf,expand,0,2026-07-24 06:07:31,hongjiacheng,SSL510C,SMC,Schottky Diodes,-55℃~+150℃ 100V 120A 200uA@100V 5A 700mV@5A Standalone SMC Schottky Diodes ROHS,SSL510C,0.1141,3353,1,Diodes,2026-06-07 09:28:36,2,0.2282
C41410794,hongjiacheng-SSL545B/C41410794,https://www.lcsc.com/datasheet/lcsc_datasheet_2501211645_hongjiacheng-SSL545B_C41410794.pdf,expand,0,2026-07-24 06:07:31,hongjiacheng,SSL545B,SMB,Schottky Diodes,-55℃~+150℃ 150A 1mA@45V 450mV@5A 45V 5A Standalone SMB Schottky Diodes ROHS,SSL545B,0.1513,503,1,Diodes,2026-06-07 09:28:36,5,0.7565
C41410795,hongjiacheng-BZT52C2V0/C41410795,https://www.lcsc.com/datasheet/lcsc_datasheet_2409200954_hongjiacheng-BZT52C2V0_C41410795.pdf,expand,0,2026-07-24 06:07:31,hongjiacheng,BZT52C2V0,SOD-123,Zener Diodes,-55℃~+150℃ 1 Independent 1.8V~2.15V 100uA@1V 150Ω 2V 350mW 600Ω SOD-123 Zener Diodes ROHS,BZT52C2V0,0.0281,25342,1,Diodes,2026-06-07 09:28:36,15,0.4215
C41410796,hongjiacheng-MMSZ4693/C41410796,https://www.lcsc.com/datasheet/lcsc_datasheet_2501071555_hongjiacheng-MMSZ4693_C41410796.pdf,expand,0,2026-07-24 06:07:31,hongjiacheng,MMSZ4693,SOD-123,Zener Diodes,-55℃~+150℃ 1 Independent 10uA@5.7V 500mW 7.13V~7.88V 7.5V SOD-123 Zener Diodes ROHS,MMSZ4693,0.0197,5435,1,Diodes,2026-06-07 09:28:36,15,0.2955
C41410797,hongjiacheng-MMSZ5251BS/C41410797,https://www.lcsc.com/datasheet/lcsc_datasheet_2501071555_hongjiacheng-MMSZ5251BS_C41410797.pdf,expand,0,2026-07-24 06:07:31,hongjiacheng,MMSZ5251BS,SOD-323,Zener Diodes,-55℃~+150℃ 1 Independent 100nA 20.9V~23.1V 200mW 22V 29Ω 600Ω SOD-323 Zener Diodes ROHS,MMSZ5251BS,0.027,5770,1,Diodes,2026-06-07 09:28:36,20,0.54
C41410798,hongjiacheng-MM3Z16/C41410798,https://www.lcsc.com/datasheet/lcsc_datasheet_2501071555_hongjiacheng-MM3Z16_C41410798.pdf,expand,0,2026-07-24 06:07:31,hongjiacheng,MM3Z16,SOD-323,Zener Diodes,-55℃~+150℃ 1 Independent 15.3V~17.1V 16V 200mW 400Ω 40Ω 50nA@11.2V SOD-323 Zener Diodes ROHS,MM3Z16,0.0189,2479,1,Diodes,2026-06-07 09:28:36,20,0.378
C41410799,hongjiacheng-MMSZ5245BS/C41410799,https://www.lcsc.com/datasheet/lcsc_datasheet_2501071555_hongjiacheng-MMSZ5245BS_C41410799.pdf,expand,0,2026-07-24 06:07:31,hongjiacheng,MMSZ5245BS,SOD-323,Zener Diodes,-55℃~+150℃ 1 Independent 100nA 14.25V~15.75V 15V 16Ω 200mW 600Ω SOD-323 Zener Diodes ROHS,MMSZ5245BS,0.0195,7255,1,Diodes,2026-06-07 09:28:36,20,0.39
C41410800,hongjiacheng-MMSZ5256BS/C41410800,https://www.lcsc.com/datasheet/lcsc_datasheet_2501071555_hongjiacheng-MMSZ5256BS_C41410800.pdf,expand,0,2026-07-24 06:07:31,hongjiacheng,MMSZ5256BS,SOD-323,Zener Diodes,-55℃~+150℃ 1 Independent 100nA 200mW 28.5V~31.5V 30V 49Ω 600Ω SOD-323 Zener Diodes ROHS,MMSZ5256BS,0.0242,11322,1,Diodes,2026-06-07 09:28:36,20,0.484
C41410801,hongjiacheng-MMSZ5234BS/C41410801,https://www.lcsc.com/datasheet/lcsc_datasheet_2409301732_hongjiacheng-MMSZ5234BS_C41410801.pdf,expand,0,2026-07-24 06:07:31,hongjiacheng,MMSZ5234BS,SOD-323,Zener Diodes,-55℃~+150℃ 1 Independent 1kΩ 200mW 5.89V~6.51V 5uA 6.2V 7Ω SOD-323 Zener Diodes ROHS,MMSZ5234BS,0.0228,10373,1,Diodes,2026-06-07 09:28:36,20,0.456
C41410802,hongjiacheng-MMSZ5226BS/C41410802,https://www.lcsc.com/datasheet/lcsc_datasheet_2501071555_hongjiacheng-MMSZ5226BS_C41410802.pdf,expand,0,2026-07-24 06:07:31,hongjiacheng,MMSZ5226BS,SOD-323,Zener Diodes,-55℃~+150℃ 1 Independent 1.6kΩ 200mW 25uA@1V 28Ω 3.14V~3.47V 3.3V SOD-323 Zener Diodes ROHS,MMSZ5226BS,0.0234,8605,1,Diodes,2026-06-07 09:28:36,20,0.468
C41411741,hongjiacheng-1SMAF4741A/C41411741,https://www.lcsc.com/datasheet/lcsc_datasheet_2501071555_hongjiacheng-1SMAF4741A_C41411741.pdf,expand,0,2026-07-24 06:07:31,hongjiacheng,1SMAF4741A,SMAF,Zener Diodes,-55℃~+150℃ 1 Independent 10.4V~11.6V 11V 1W 5uA 8Ω SMAF Zener Diodes ROHS,1SMAF4741A,0.0419,8886,1,Diodes,2026-06-07 09:28:36,5,0.2095
C41411742,hongjiacheng-1SMAF4737A/C41411742,https://www.lcsc.com/datasheet/lcsc_datasheet_2501071555_hongjiacheng-1SMAF4737A_C41411742.pdf,expand,0,2026-07-24 06:07:31,hongjiacheng,1SMAF4737A,SMAF,Zener Diodes,-55℃~+150℃ 1 Independent 10uA@5V 1W 4Ω 7.12V~7.88V 7.5V SMAF Zener Diodes ROHS,1SMAF4737A,0.0373,9383,1,Diodes,2026-06-07 09:28:36,5,0.1865
C41411743,hongjiacheng-RS2MF/C41411743,https://www.lcsc.com/datasheet/lcsc_datasheet_2409201747_hongjiacheng-RS2MF_C41411743.pdf,expand,0,2026-07-24 06:07:31,hongjiacheng,RS2MF,SMAF,Fast Recovery / High Efficiency Diodes,-55℃~+150℃ 1 Independent 1.3V@2A 1kV 2A 500ns 50A 5uA SMAF Fast Recovery / High Efficiency Diodes ROHS,RS2MF,0.0174,116375,1,Diodes,2026-06-07 09:28:36,5,0.087
C41411744,hongjiacheng-SMCJ100CA/C41411744,https://www.lcsc.com/datasheet/lcsc_datasheet_2501071555_hongjiacheng-SMCJ100CA_C41411744.pdf,expand,0,2026-07-24 06:07:31,hongjiacheng,SMCJ100CA,SMC(DO-214AB),ESD and Surge Protection (TVS/ESD),-55℃~+150℃ 1.5kW 100V 123V 162V 1uA 2 9.3A Bidirectional IEC 61000-4-2 TVS SMC(DO-214AB) ESD and Surge Protection (TVS/ESD) ROHS,双向TVS 100V截止 峰值浪涌电流：9.3A,0.1418,9224,1,Circuit Protection,2026-06-07 09:28:36,2,0.2836
C41411745,hongjiacheng-SMCJ43CA/C41411745,https://www.lcsc.com/datasheet/lcsc_datasheet_2501071555_hongjiacheng-SMCJ43CA_C41411745.pdf,expand,0,2026-07-24 06:07:31,hongjiacheng,SMCJ43CA,SMC(DO-214AB),ESD and Surge Protection (TVS/ESD),-55℃~+150℃ 1.5kW 1uA 2 21.7A 43V 52.8V 69.4V Bidirectional IEC 61000-4-2 TVS SMC(DO-214AB) ESD and Surge Protection (TVS/ESD) ROHS,双向TVS 43V截止 峰值浪涌电流：21.7A,0.0909,17162,1,Circuit Protection,2026-06-07 09:28:36,2,0.1818
C41411746,hongjiacheng-SMCJ70CA/C41411746,https://www.lcsc.com/datasheet/lcsc_datasheet_2501071555_hongjiacheng-SMCJ70CA_C41411746.pdf,expand,0,2026-07-24 06:07:31,hongjiacheng,SMCJ70CA,SMC(DO-214AB),ESD and Surge Protection (TVS/ESD),-55℃~+150℃ 1.5kW 113V 13.3A 1uA 2 70V 86V Bidirectional IEC 61000-4-2 TVS SMC(DO-214AB) ESD and Surge Protection (TVS/ESD) ROHS,双向TVS 70V截止 峰值浪涌电流：13.3A,0.1244,18873,1,Circuit Protection,2026-06-07 09:28:36,2,0.2488
C41411747,hongjiacheng-SMCJ24CA/C41411747,https://www.lcsc.com/datasheet/lcsc_datasheet_2411041728_hongjiacheng-SMCJ24CA_C41411747.pdf,expand,0,2026-07-24 06:07:31,hongjiacheng,SMCJ24CA,SMC(DO-214AB),ESD and Surge Protection (TVS/ESD),-55℃~+150℃ 1.5kW 1uA 2 24V 29.5V 38.6A 38.9V Bidirectional IEC 61000-4-2 TVS SMC(DO-214AB) ESD and Surge Protection (TVS/ESD) ROHS,双向TVS 24V截止 峰值浪涌电流：38.6A,0.1386,32385,1,Circuit Protection,2026-06-07 09:28:36,2,0.2772
C41411748,hongjiacheng-SMCJ12CA/C41411748,https://www.lcsc.com/datasheet/lcsc_datasheet_2411041728_hongjiacheng-SMCJ12CA_C41411748.pdf,expand,0,2026-07-24 06:07:31,hongjiacheng,SMCJ12CA,SMC(DO-214AB),ESD and Surge Protection (TVS/ESD),-55℃~+150℃ 1.5kW 12V 14.7V 19.9V 1uA 2 75.4A Bidirectional IEC 61000-4-2 TVS SMC(DO-214AB) ESD and Surge Protection (TVS/ESD) ROHS,双向TVS 12V截止 峰值浪涌电流：75.4A,0.1255,26677,1,Circuit Protection,2026-06-07 09:28:36,2,0.251
C41411749,hongjiacheng-SMCJ64CA/C41411749,https://www.lcsc.com/datasheet/lcsc_datasheet_2501071555_hongjiacheng-SMCJ64CA_C41411749.pdf,expand,0,2026-07-24 06:07:31,hongjiacheng,SMCJ64CA,SMC(DO-214AB),ESD and Surge Protection (TVS/ESD),-55℃~+150℃ 1.5kW 103V 14.6A 1uA 2 64V 78.6V Bidirectional IEC 61000-4-2 TVS SMC(DO-214AB) ESD and Surge Protection (TVS/ESD) ROHS,双向TVS 64V截止 峰值浪涌电流：14.6A,0.122,13325,1,Circuit Protection,2026-06-07 09:28:36,2,0.244
C41411750,hongjiacheng-SMCJ45CA/C41411750,https://www.lcsc.com/datasheet/lcsc_datasheet_2411041728_hongjiacheng-SMCJ45CA_C41411750.pdf,expand,0,2026-07-24 06:07:31,hongjiacheng,SMCJ45CA,SMC(DO-214AB),ESD and Surge Protection (TVS/ESD),-55℃~+150℃ 1.5kW 1uA 2 20.6A 45V 55.3V 72.7V Bidirectional IEC 61000-4-2 TVS SMC(DO-214AB) ESD and Surge Protection (TVS/ESD) ROHS,双向TVS 45V截止 峰值浪涌电流：20.6A,0.1218,35703,1,Circuit Protection,2026-06-07 09:28:36,2,0.2436
C41411751,hongjiacheng-SMCJ51CA/C41411751,https://www.lcsc.com/datasheet/lcsc_datasheet_2501071555_hongjiacheng-SMCJ51CA_C41411751.pdf,expand,0,2026-07-24 06:07:31,hongjiacheng,SMCJ51CA,SMC(DO-214AB),ESD and Surge Protection (TVS/ESD),-55℃~+150℃ 1.5kW 18.2A 1uA 2 51V 62.7V 82.4V Bidirectional IEC 61000-4-2 TVS SMC(DO-214AB) ESD and Surge Protection (TVS/ESD) ROHS,双向TVS 51V截止 峰值浪涌电流：18.2A,0.2066,144,1,Circuit Protection,2026-06-07 09:28:36,2,0.4132
C41411752,hongjiacheng-SMCJ50CA/C41411752,https://www.lcsc.com/datasheet/lcsc_datasheet_2411041728_hongjiacheng-SMCJ5-0CA_C41411752.pdf,expand,0,2026-07-24 06:07:31,hongjiacheng,SMCJ5.0CA,SMC(DO-214AB),ESD and Surge Protection (TVS/ESD),-55℃~+150℃ 1.5kW 163A 2 5V 7V 800uA 9.2V Bidirectional IEC 61000-4-2 TVS SMC(DO-214AB) ESD and Surge Protection (TVS/ESD) ROHS,双向TVS 5V截止 峰值浪涌电流：163A,0.1722,9045,1,Circuit Protection,2026-06-07 09:28:36,2,0.3444
C41411753,hongjiacheng-SMCJ18CA/C41411753,https://www.lcsc.com/datasheet/lcsc_datasheet_2411041728_hongjiacheng-SMCJ18CA_C41411753.pdf,expand,0,2026-07-24 06:07:31,hongjiacheng,SMCJ18CA,SMC(DO-214AB),ESD and Surge Protection (TVS/ESD),-55℃~+150℃ 1.5kW 18V 1uA 2 22.1V 29.2V 51.4A Bidirectional IEC 61000-4-2 TVS SMC(DO-214AB) ESD and Surge Protection (TVS/ESD) ROHS,双向TVS 18V截止 峰值浪涌电流：51.4A,0.122,16684,1,Circuit Protection,2026-06-07 09:28:36,2,0.244
C41411754,hongjiacheng-SMCJ20CA/C41411754,https://www.lcsc.com/datasheet/lcsc_datasheet_2411041728_hongjiacheng-SMCJ20CA_C41411754.pdf,expand,0,2026-07-24 06:07:31,hongjiacheng,SMCJ20CA,SMC(DO-214AB),ESD and Surge Protection (TVS/ESD),-55℃~+150℃ 1.5kW 1uA 2 20V 24.5V 32.4V 46.3A Bidirectional IEC 61000-4-2 TVS SMC(DO-214AB) ESD and Surge Protection (TVS/ESD) ROHS,双向TVS 20V截止 峰值浪涌电流：46.3A,0.1215,15068,1,Circuit Protection,2026-06-07 09:28:36,2,0.243
C41411755,hongjiacheng-SMCJ75CA/C41411755,https://www.lcsc.com/datasheet/lcsc_datasheet_2501071555_hongjiacheng-SMCJ75CA_C41411755.pdf,expand,0,2026-07-24 06:07:31,hongjiacheng,SMCJ75CA,SMC(DO-214AB),ESD and Surge Protection (TVS/ESD),-55℃~+150℃ 1.5kW 12.4A 121V 1uA 2 75V 92.1V Bidirectional IEC 61000-4-2 TVS SMC(DO-214AB) ESD and Surge Protection (TVS/ESD) ROHS,双向TVS 75V截止 峰值浪涌电流：12.4A,0.1233,45762,1,Circuit Protection,2026-06-07 09:28:36,2,0.2466
C41411756,hongjiacheng-SMCJ60CA/C41411756,https://www.lcsc.com/datasheet/lcsc_datasheet_2411041728_hongjiacheng-SMCJ60CA_C41411756.pdf,expand,0,2026-07-24 06:07:31,hongjiacheng,SMCJ60CA,SMC(DO-214AB),ESD and Surge Protection (TVS/ESD),-55℃~+150℃ 1.5kW 15.5A 1uA 2 60V 73.7V 96.8V Bidirectional IEC 61000-4-2 TVS SMC(DO-214AB) ESD and Surge Protection (TVS/ESD) ROHS,双向TVS 60V截止 峰值浪涌电流：15.5A,0.1394,16756,1,Circuit Protection,2026-06-07 09:28:36,2,0.2788
C41411757,hongjiacheng-SMCJ150CA/C41411757,https://www.lcsc.com/datasheet/lcsc_datasheet_2501071555_hongjiacheng-SMCJ150CA_C41411757.pdf,expand,0,2026-07-24 06:07:31,hongjiacheng,SMCJ150CA,SMC(DO-214AB),ESD and Surge Protection (TVS/ESD),-55℃~+150℃ 1.5kW 150V 185V 1uA 2 243V 6.2A Bidirectional IEC 61000-4-2 TVS SMC(DO-214AB) ESD and Surge Protection (TVS/ESD) ROHS,双向TVS 150V截止 峰值浪涌电流：6.2A,0.1038,8197,1,Circuit Protection,2026-06-07 09:28:36,2,0.2076
C41411758,hongjiacheng-SMCJ65CA/C41411758,https://www.lcsc.com/datasheet/lcsc_datasheet_2501071555_hongjiacheng-SMCJ6-5CA_C41411758.pdf,expand,0,2026-07-24 06:07:31,hongjiacheng,SMCJ6.5CA,SMC(DO-214AB),ESD and Surge Protection (TVS/ESD),-55℃~+150℃ 1.5kW 11.2V 134A 2 500uA 6.5V 7.98V Bidirectional IEC 61000-4-2 TVS SMC(DO-214AB) ESD and Surge Protection (TVS/ESD) ROHS,双向TVS 6.5V截止 峰值浪涌电流：134A,0.1399,2142,1,Circuit Protection,2026-06-07 09:28:36,2,0.2798
C41411759,hongjiacheng-SMCJ22CA/C41411759,https://www.lcsc.com/datasheet/lcsc_datasheet_2501071555_hongjiacheng-SMCJ22CA_C41411759.pdf,expand,0,2026-07-24 06:07:31,hongjiacheng,SMCJ22CA,SMC(DO-214AB),ESD and Surge Protection (TVS/ESD),-55℃~+150℃ 1.5kW 1uA 2 22V 26.9V 35.5V 42.3A Bidirectional IEC 61000-4-2 TVS SMC(DO-214AB) ESD and Surge Protection (TVS/ESD) ROHS,双向TVS 22V截止 峰值浪涌电流：42.3A,0.1213,40557,1,Circuit Protection,2026-06-07 09:28:36,2,0.2426
C41411760,hongjiacheng-SMCJ10CA/C41411760,https://www.lcsc.com/datasheet/lcsc_datasheet_2501071555_hongjiacheng-SMCJ10CA_C41411760.pdf,expand,0,2026-07-24 06:07:31,hongjiacheng,SMCJ10CA,SMC(DO-214AB),ESD and Surge Protection (TVS/ESD),-55℃~+150℃ 1.5kW 10V 12.3V 17V 2 5uA 88.3A Bidirectional IEC 61000-4-2 TVS SMC(DO-214AB) ESD and Surge Protection (TVS/ESD) ROHS,双向TVS 10V截止 峰值浪涌电流：88.3A,0.0853,3558,1,Circuit Protection,2026-06-07 09:28:36,2,0.1706
C41411761,hongjiacheng-SMCJ54CA/C41411761,https://www.lcsc.com/datasheet/lcsc_datasheet_2501071555_hongjiacheng-SMCJ54CA_C41411761.pdf,expand,0,2026-07-24 06:07:31,hongjiacheng,SMCJ54CA,SMC(DO-214AB),ESD and Surge Protection (TVS/ESD),-55℃~+150℃ 1.5kW 17.3A 1uA 2 54V 66.3V 87.1V Bidirectional IEC 61000-4-2 TVS SMC(DO-214AB) ESD and Surge Protection (TVS/ESD) ROHS,双向TVS 54V截止 峰值浪涌电流：17.3A,0.1365,4332,1,Circuit Protection,2026-06-07 09:28:36,2,0.273
C41411763,hongjiacheng-SMCJ13CA/C41411763,https://www.lcsc.com/datasheet/lcsc_datasheet_2501071555_hongjiacheng-SMCJ13CA_C41411763.pdf,expand,0,2026-07-24 06:07:31,hongjiacheng,SMCJ13CA,SMC(DO-214AB),ESD and Surge Protection (TVS/ESD),-55℃~+150℃ 1.5kW 13V 15.9V 1uA 2 21.5V 69.8A Bidirectional IEC 61000-4-2 TVS SMC(DO-214AB) ESD and Surge Protection (TVS/ESD) ROHS,双向TVS 13V截止 峰值浪涌电流：69.8A,0.1413,27286,1,Circuit Protection,2026-06-07 09:28:36,2,0.2826
C41411764,hongjiacheng-SMCJ16CA/C41411764,https://www.lcsc.com/datasheet/lcsc_datasheet_2411041728_hongjiacheng-SMCJ16CA_C41411764.pdf,expand,0,2026-07-24 06:07:31,hongjiacheng,SMCJ16CA,SMC(DO-214AB),ESD and Surge Protection (TVS/ESD),-55℃~+150℃ 1.5kW 16V 19.7V 1uA 2 26V 57.7A Bidirectional IEC 61000-4-2 TVS SMC(DO-214AB) ESD and Surge Protection (TVS/ESD) ROHS,双向TVS 16V截止 峰值浪涌电流：57.7A,0.1405,314,1,Circuit Protection,2026-06-07 09:28:36,2,0.281
C41411765,hongjiacheng-SMCJ48CA/C41411765,https://www.lcsc.com/datasheet/lcsc_datasheet_2501071555_hongjiacheng-SMCJ48CA_C41411765.pdf,expand,0,2026-07-24 06:07:31,hongjiacheng,SMCJ48CA,SMC(DO-214AB),ESD and Surge Protection (TVS/ESD),-55℃~+150℃ 1.5kW 19.4A 1uA 2 48V 58.9V 77.4V Bidirectional IEC 61000-4-2 TVS SMC(DO-214AB) ESD and Surge Protection (TVS/ESD) ROHS,双向TVS 48V截止 峰值浪涌电流：19.4A,0.1397,15791,1,Circuit Protection,2026-06-07 09:28:36,2,0.2794
C41411766,hongjiacheng-SMCJ70CA/C41411766,https://www.lcsc.com/datasheet/lcsc_datasheet_2411041728_hongjiacheng-SMCJ7-0CA_C41411766.pdf,expand,0,2026-07-24 06:07:31,hongjiacheng,SMCJ7.0CA,SMC(DO-214AB),ESD and Surge Protection (TVS/ESD),-55℃~+150℃ 1.5kW 125A 12V 2 200uA 7V 8.6V Bidirectional IEC 61000-4-2 TVS SMC(DO-214AB) ESD and Surge Protection (TVS/ESD) ROHS,双向TVS 7V截止 峰值浪涌电流：125A,0.1326,760,1,Circuit Protection,2026-06-07 09:28:36,2,0.2652
C41411768,hongjiacheng-SS210F/C41411768,https://www.lcsc.com/datasheet/lcsc_datasheet_2501211645_hongjiacheng-SS210F_C41411768.pdf,expand,0,2026-07-24 06:07:31,hongjiacheng,SS210F,SMAF,Schottky Diodes,-55℃~+150℃ 100V 2A 50A 50uA@100V 950mV@2A Standalone SMAF Schottky Diodes ROHS,SS210F,0.0332,11569,1,Diodes,2026-06-07 09:28:36,15,0.498
C41411769,hongjiacheng-SS16F/C41411769,https://www.lcsc.com/datasheet/lcsc_datasheet_2501211645_hongjiacheng-SS16F_C41411769.pdf,expand,0,2026-07-24 06:07:31,hongjiacheng,SS16F,SMAF,Schottky Diodes,-55℃~+125℃ 1A 30A 500uA@60V 60V 700mV@1A Standalone SMAF Schottky Diodes ROHS,SS16F,0.0194,17,462,Diodes,2026-06-07 09:28:36,464,9.0016
C41411770,hongjiacheng-SS110F/C41411770,https://www.lcsc.com/datasheet/lcsc_datasheet_2409201747_hongjiacheng-SS110F_C41411770.pdf,expand,0,2026-07-24 06:07:31,hongjiacheng,SS110F,SMAF,Schottky Diodes,-55℃~+150℃ 100V 1A 30A 50uA@100V 850mV@1A Standalone SMAF Schottky Diodes ROHS,SS110F,0.025,1415,1,Diodes,2026-06-07 09:28:36,5,0.125
C41411772,hongjiacheng-SS220F/C41411772,https://www.lcsc.com/datasheet/lcsc_datasheet_2409201747_hongjiacheng-SS220F_C41411772.pdf,expand,0,2026-07-24 06:07:31,hongjiacheng,SS220F,SMAF,Schottky Diodes,-55℃~+150℃ 200V 2A 50A 50uA@200V 950mV@2A Standalone SMAF Schottky Diodes ROHS,SS220F,0.0403,1329,1,Diodes,2026-06-07 09:28:36,5,0.2015
C41411774,hongjiacheng-SS510F/C41411774,https://www.lcsc.com/datasheet/lcsc_datasheet_2501211645_hongjiacheng-SS510F_C41411774.pdf,expand,0,2026-07-24 06:07:31,hongjiacheng,SS510F,SMAF,Schottky Diodes,-55℃~+150℃ 100V 120A 50uA@100V 5A 850mV@5A Standalone SMAF Schottky Diodes ROHS,SS510F,0.0679,9760,1,Diodes,2026-06-07 09:28:36,5,0.3395
C41411775,hongjiacheng-SS56F/C41411775,https://www.lcsc.com/datasheet/lcsc_datasheet_2501211645_hongjiacheng-SS56F_C41411775.pdf,expand,0,2026-07-24 06:07:31,hongjiacheng,SS56F,SMAF,Schottky Diodes,-55℃~+125℃ 120A 50uA@60V 5A 60V 850mV@5A Standalone SMAF Schottky Diodes ROHS,SS56F,0.0493,707,1,Diodes,2026-06-07 09:28:36,5,0.2465
C41411776,hongjiacheng-SS120F/C41411776,https://www.lcsc.com/datasheet/lcsc_datasheet_2501211645_hongjiacheng-SS120F_C41411776.pdf,expand,0,2026-07-24 06:07:31,hongjiacheng,SS120F,SMAF,Schottky Diodes,-55℃~+150℃ 1A 200V 30A 50uA@200V 950mV@1A Standalone SMAF Schottky Diodes ROHS,SS120F,0.026,9387,1,Diodes,2026-06-07 09:28:36,5,0.13
C41411777,hongjiacheng-SSL310F/C41411777,https://www.lcsc.com/datasheet/lcsc_datasheet_2501211645_hongjiacheng-SSL310F_C41411777.pdf,expand,0,2026-07-24 06:07:31,hongjiacheng,SSL310F,SMAF,Schottky Diodes,-55℃~+150℃ 100V 3A 500uA@100V 600mV@3A 80A Standalone SMAF Schottky Diodes ROHS,SSL310F,0.0875,5916,1,Diodes,2026-06-07 09:28:36,5,0.4375
C41411778,hongjiacheng-SS52F/C41411778,https://www.lcsc.com/datasheet/lcsc_datasheet_2501211645_hongjiacheng-SS52F_C41411778.pdf,expand,0,2026-07-24 06:07:31,hongjiacheng,SS52F,SMAF,Schottky Diodes,-55℃~+125℃ 120A 20V 500uA@20V 550mV@5A 5A Standalone SMAF Schottky Diodes ROHS,SS52F,0.0429,3508,1,Diodes,2026-06-07 09:28:36,5,0.2145
C41411779,hongjiacheng-SS36F/C41411779,https://www.lcsc.com/datasheet/lcsc_datasheet_2501211645_hongjiacheng-SS36F_C41411779.pdf,expand,0,2026-07-24 06:07:31,hongjiacheng,SS36F,SMAF,Schottky Diodes,-55℃~+150℃ 200uA@60V 3A 60V 700mV@3A 80A Standalone SMAF Schottky Diodes ROHS,SS36F,0.0358,45384,1,Diodes,2026-06-07 09:28:36,5,0.179
C41411780,hongjiacheng-SS310F/C41411780,https://www.lcsc.com/datasheet/lcsc_datasheet_2409201747_hongjiacheng-SS310F_C41411780.pdf,expand,0,2026-07-24 06:07:31,hongjiacheng,SS310F,SMAF,Schottky Diodes,-55℃~+150℃ 100V 3A 50uA@100V 80A 850mV@3A Standalone SMAF Schottky Diodes ROHS,SS310F,0.0452,5783,1,Diodes,2026-06-07 09:28:36,5,0.226
C41411781,hongjiacheng-SMAJ150A/C41411781,https://www.lcsc.com/datasheet/lcsc_datasheet_2409201747_hongjiacheng-SMAJ150A_C41411781.pdf,expand,0,2026-07-24 06:07:31,hongjiacheng,SMAJ150A,DO-214AC(SMA),ESD and Surge Protection (TVS/ESD),-55℃~+150℃ 1.6A 150V 185V 1uA 243V 400W IEC 61000-4-2 TVS Unidirectional DO-214AC(SMA) ESD and Surge Protection (TVS/ESD) ROHS,单向TVS 150V截止 峰值浪涌电流：1.6A,0.0381,104856,1,Circuit Protection,2026-06-07 09:28:36,5,0.1905
C41411782,hongjiacheng-SMF20A/C41411782,https://www.lcsc.com/datasheet/lcsc_datasheet_2409201747_hongjiacheng-SMF20A_C41411782.pdf,expand,0,2026-07-24 06:07:31,hongjiacheng,SMF20A,SOD-123FL,ESD and Surge Protection (TVS/ESD),-55℃~+150℃ 1uA 200W 20V 24.5V 32.4V 6.2A IEC 61000-4-2 TVS Unidirectional SOD-123FL ESD and Surge Protection (TVS/ESD) ROHS,单向TVS 20V截止 峰值浪涌电流：6.2A,0.0342,2006,1,Circuit Protection,2026-06-07 09:28:36,15,0.513
C41411783,hongjiacheng-SMF14CA/C41411783,https://www.lcsc.com/datasheet/lcsc_datasheet_2409201747_hongjiacheng-SMF14CA_C41411783.pdf,expand,0,2026-07-24 06:07:31,hongjiacheng,SMF14CA,SOD-123FL,ESD and Surge Protection (TVS/ESD),-55℃~+150℃ 14V 17.2V 1uA 200W 23.2V 8.6A Bidirectional IEC 61000-4-2 TVS SOD-123FL ESD and Surge Protection (TVS/ESD) ROHS,双向TVS 14V截止 峰值浪涌电流：8.6A,0.0292,8413,1,Circuit Protection,2026-06-07 09:28:36,15,0.438
C4172,4579-0603WAF1504T5E/C4172,https://www.lcsc.com/datasheet/lcsc_datasheet_2206010230_UNI-ROYAL-Uniroyal-Elec-0603WAF1504T5E_C4172.pdf,expand,0,2026-07-24 06:07:31,UNI-ROYAL(Uniroyal Elec),0603WAF1504T5E,0603,Chip Resistor - Surface Mount,-55℃~+155℃ 1.5MΩ 100mW 75V Thick Film Resistor ±1% ±100ppm/℃ 0603 Chip Resistor - Surface Mount ROHS,1.5MΩ ±1% 100mW 厚膜电阻,0.0026,606,3445,Resistors,2026-06-07 09:28:36,3455,8.983
C4177,4584-0603WAF1801T5E/C4177,https://www.lcsc.com/datasheet/lcsc_datasheet_2206010230_UNI-ROYAL-Uniroyal-Elec-0603WAF1801T5E_C4177.pdf,base,0,2026-07-24 06:07:31,UNI-ROYAL(Uniroyal Elec),0603WAF1801T5E,0603,Chip Resistor - Surface Mount,-55℃~+155℃ 1.8kΩ 100mW 75V Thick Film Resistor ±1% ±100ppm/℃ 0603 Chip Resistor - Surface Mount ROHS,1.8kΩ ±1% 100mW 厚膜电阻,0.0078,741904,1,Resistors,2026-06-07 09:28:36,20,0.156
C4184,4591-0603WAF2002T5E/C4184,https://www.lcsc.com/datasheet/lcsc_datasheet_2206010230_UNI-ROYAL-Uniroyal-Elec-0603WAF2002T5E_C4184.pdf,base,0,2026-07-24 06:07:31,UNI-ROYAL(Uniroyal Elec),0603WAF2002T5E,0603,Chip Resistor - Surface Mount,-55℃~+155℃ 100mW 20kΩ 75V Thick Film Resistor ±1% ±100ppm/℃ 0603 Chip Resistor - Surface Mount ROHS,20kΩ ±1% 100mW 厚膜电阻,0.0029,2118874,1,Resistors,2026-06-07 09:28:36,20,0.058
C4190,4597-0603WAF2201T5E/C4190,https://www.lcsc.com/datasheet/lcsc_datasheet_2206010230_UNI-ROYAL-Uniroyal-Elec-0603WAF2201T5E_C4190.pdf,base,0,2026-07-24 06:07:31,UNI-ROYAL(Uniroyal Elec),0603WAF2201T5E,0603,Chip Resistor - Surface Mount,-55℃~+155℃ 100mW 2.2kΩ 75V Thick Film Resistor ±1% ±100ppm/℃ 0603 Chip Resistor - Surface Mount ROHS,2.2kΩ ±1% 100mW 厚膜电阻,0.0024,2243177,1,Resistors,2026-06-07 09:28:36,20,0.048
C4197,4604-0603WAF2403T5E/C4197,https://www.lcsc.com/datasheet/lcsc_datasheet_2206010230_UNI-ROYAL-Uniroyal-Elec-0603WAF2403T5E_C4197.pdf,expand,0,2026-07-24 06:07:31,UNI-ROYAL(Uniroyal Elec),0603WAF2403T5E,0603,Chip Resistor - Surface Mount,-55℃~+155℃ 100mW 240kΩ 75V Thick Film Resistor ±1% ±100ppm/℃ 0603 Chip Resistor - Surface Mount ROHS,240kΩ ±1% 100mW 厚膜电阻,0.0074,149216,1,Resistors,2026-06-07 09:28:36,20,0.148
C4211,4618-0603WAF3001T5E/C4211,https://www.lcsc.com/datasheet/lcsc_datasheet_2206010230_UNI-ROYAL-Uniroyal-Elec-0603WAF3001T5E_C4211.pdf,base,0,2026-07-24 06:07:31,UNI-ROYAL(Uniroyal Elec),0603WAF3001T5E,0603,Chip Resistor - Surface Mount,-55℃~+155℃ 100mW 3kΩ 75V Thick Film Resistor ±1% ±100ppm/℃ 0603 Chip Resistor - Surface Mount ROHS,3kΩ ±1% 100mW 厚膜电阻,0.0024,1880710,1,Resistors,2026-06-07 09:28:36,20,0.048
C4216,4623-0603WAF3302T5E/C4216,https://www.lcsc.com/datasheet/lcsc_datasheet_2206010230_UNI-ROYAL-Uniroyal-Elec-0603WAF3302T5E_C4216.pdf,base,0,2026-07-24 06:07:31,UNI-ROYAL(Uniroyal Elec),0603WAF3302T5E,0603,Chip Resistor - Surface Mount,-55℃~+155℃ 100mW 33kΩ 75V Thick Film Resistor ±1% ±100ppm/℃ 0603 Chip Resistor - Surface Mount ROHS,33kΩ ±1% 100mW 厚膜电阻,0.0021,794943,1,Resistors,2026-06-07 09:28:36,20,0.042
C42371538,hongjiacheng-SMCJ28A/C42371538,https://www.lcsc.com/datasheet/lcsc_datasheet_2501071555_hongjiacheng-SMCJ28A_C42371538.pdf,expand,0,2026-07-24 06:07:31,hongjiacheng,SMCJ28A,SMC(DO-214AB),ESD and Surge Protection (TVS/ESD),-55℃~+150℃ 1.5kW 1uA 28V 33.1A 34.4V 45.4V IEC 61000-4-2 TVS Unidirectional SMC(DO-214AB) ESD and Surge Protection (TVS/ESD) ROHS,单向TVS 28V截止 峰值浪涌电流：33.1A,0.1209,3571,1,Circuit Protection,2026-06-07 09:28:36,2,0.2418
C42371542,hongjiacheng-SMCJ100A/C42371542,https://www.lcsc.com/datasheet/lcsc_datasheet_2501071555_hongjiacheng-SMCJ100A_C42371542.pdf,expand,0,2026-07-24 06:07:31,hongjiacheng,SMCJ100A,SMC(DO-214AB),ESD and Surge Protection (TVS/ESD),-55℃~+150℃ 1.5kW 100V 123V 162V 1uA 9.3A IEC 61000-4-2 TVS Unidirectional SMC(DO-214AB) ESD and Surge Protection (TVS/ESD) ROHS,单向TVS 100V截止 峰值浪涌电流：9.3A,0.0899,17164,1,Circuit Protection,2026-06-07 09:28:36,2,0.1798
C42371543,hongjiacheng-SMCJ78A/C42371543,https://www.lcsc.com/datasheet/lcsc_datasheet_2501071555_hongjiacheng-SMCJ78A_C42371543.pdf,expand,0,2026-07-24 06:07:31,hongjiacheng,SMCJ78A,SMC(DO-214AB),ESD and Surge Protection (TVS/ESD),-55℃~+150℃ 1.5kW 11.9A 126V 1uA 78V 95.8V IEC 61000-4-2 TVS Unidirectional SMC(DO-214AB) ESD and Surge Protection (TVS/ESD) ROHS,单向TVS 78V截止 峰值浪涌电流：11.9A,0.1218,42470,1,Circuit Protection,2026-06-07 09:28:36,2,0.2436
C42371544,hongjiacheng-SMCJ22A/C42371544,https://www.lcsc.com/datasheet/lcsc_datasheet_2501071555_hongjiacheng-SMCJ22A_C42371544.pdf,expand,0,2026-07-24 06:07:31,hongjiacheng,SMCJ22A,SMC(DO-214AB),ESD and Surge Protection (TVS/ESD),-55℃~+150℃ 1.5kW 1uA 22V 26.9V 35.5V 42.3A IEC 61000-4-2 TVS Unidirectional SMC(DO-214AB) ESD and Surge Protection (TVS/ESD) ROHS,单向TVS 22V截止 峰值浪涌电流：42.3A,0.1244,574,1,Circuit Protection,2026-06-07 09:28:36,2,0.2488
C42371545,hongjiacheng-SMCJ26A/C42371545,https://www.lcsc.com/datasheet/lcsc_datasheet_2501071555_hongjiacheng-SMCJ26A_C42371545.pdf,expand,0,2026-07-24 06:07:31,hongjiacheng,SMCJ26A,SMC(DO-214AB),ESD and Surge Protection (TVS/ESD),-55℃~+150℃ 1 1.5kW 1uA 26V 28.9V 35.7A 42.1V IEC 61000-4-2 TVS Unidirectional SMC(DO-214AB) ESD and Surge Protection (TVS/ESD) ROHS,单向TVS 26V截止 峰值浪涌电流：35.7A,0.1218,5561,1,Circuit Protection,2026-06-07 09:28:36,2,0.2436
C42371547,hongjiacheng-SMCJ58A/C42371547,https://www.lcsc.com/datasheet/lcsc_datasheet_2501071555_hongjiacheng-SMCJ58A_C42371547.pdf,expand,0,2026-07-24 06:07:31,hongjiacheng,SMCJ58A,SMC(DO-214AB),ESD and Surge Protection (TVS/ESD),-55℃~+150℃ 1.5kW 16.1A 1uA 58V 71.2V 93.6V IEC 61000-4-2 TVS Unidirectional SMC(DO-214AB) ESD and Surge Protection (TVS/ESD) ROHS,单向TVS 58V截止 峰值浪涌电流：16.1A,0.1218,24499,1,Circuit Protection,2026-06-07 09:28:36,2,0.2436
C42371548,hongjiacheng-SMCJ33A/C42371548,https://www.lcsc.com/datasheet/lcsc_datasheet_2501071555_hongjiacheng-SMCJ33A_C42371548.pdf,expand,0,2026-07-24 06:07:31,hongjiacheng,SMCJ33A,SMC(DO-214AB),ESD and Surge Protection (TVS/ESD),-55℃~+150℃ 1 1.5kW 1uA 28.2A 33V 36.7V 53.3V IEC 61000-4-2 TVS Unidirectional SMC(DO-214AB) ESD and Surge Protection (TVS/ESD) ROHS,单向TVS 33V截止 峰值浪涌电流：28.2A,0.136,12362,1,Circuit Protection,2026-06-07 09:28:36,2,0.272
C42371549,hongjiacheng-SMCJ51A/C42371549,https://www.lcsc.com/datasheet/lcsc_datasheet_2501071555_hongjiacheng-SMCJ51A_C42371549.pdf,expand,0,2026-07-24 06:07:31,hongjiacheng,SMCJ51A,SMC(DO-214AB),ESD and Surge Protection (TVS/ESD),-55℃~+150℃ 1 1.5kW 18.2A 1uA 51V 56.7V 82.4V IEC 61000-4-2 TVS Unidirectional SMC(DO-214AB) ESD and Surge Protection (TVS/ESD) ROHS,单向TVS 51V截止 峰值浪涌电流：18.2A,0.1233,15959,1,Circuit Protection,2026-06-07 09:28:36,2,0.2466
C42371550,hongjiacheng-SMCJ15A/C42371550,https://www.lcsc.com/datasheet/lcsc_datasheet_2501071555_hongjiacheng-SMCJ15A_C42371550.pdf,expand,0,2026-07-24 06:07:31,hongjiacheng,SMCJ15A,SMC(DO-214AB),ESD and Surge Protection (TVS/ESD),-55℃~+150℃ 1.5kW 15V 18.5V 1uA 24.4V 61.5A IEC 61000-4-2 TVS Unidirectional SMC(DO-214AB) ESD and Surge Protection (TVS/ESD) ROHS,单向TVS 15V截止 峰值浪涌电流：61.5A,0.1748,334,1,Circuit Protection,2026-06-07 09:28:36,2,0.3496
C42371551,hongjiacheng-SMDJ64CA/C42371551,https://jlc-prod-smt.oss-eu-central-1.aliyuncs.com/smtDataManualFile/8756317008575381504-C42371551.pdf?response-content-disposition=attachment%3B%20filename%3DC42371551.pdf%3B%20filename%2A%3DUTF-8%27%27C42371551.pdf&x-oss-date=20260724T060725Z&x-oss-expires=1800&x-oss-security-token=CAISgAN1q6Ft5B2yfSjIr5rgIuvij5JrwJuYW2uEimMAWf9gvPL9kTz2IHhMdHJsAOodtv0%2FmmhT6PkclqRLcbhpcmfjV%2BZHzLB8qZgSm3pQ4J7b16cNrbH4M4H6aXeirtuwDsz9SNTCALjPD3nPii50x5bjaDymRCbLGJaViJlhHLN1Ow6jdmhpCctxLAlvo9NgFxm3D%2Fu2NQPwiWf9FVdhvhEG6Vly8qOi2MaRmFy8yFTx0b0SvJ%2BjYMrmPctoN9JnSdC5mfdzau3a1TJ84gRD0a5wkaVA1zbDs5bfISEIuUzebreLqY03dV4mOvdqIcMe8qigz88fk%2FfIioH6xyxKOexoSCnFTOiiupCcQLPyao9jLu6iayqViY7QaIOTqQohZmkAMwVOasAsI3Ngh4zF97Qt0cVNkXO9gWfLI8DtuMleWgqhV9sUCnSgc5lCkRRYwGs1287ugXlSQzo890KPDAEovaKCnZ2ZSfh7Y4sNknI6i%2Bfc2Se2MIkIbznnuqKWD5sagAGtgh5Y2Oa6ZbaA%2B9JVuj0bt6%2BEB4np2GpeH5aPDJ365C1x94VR8MBAsunLVkDCOwbLaI26%2BlYsT6J6MwF6C56rtvzgWh3Ad4zFk7zVS3iY6JiVDwCsvcG0wV%2FO2iJlVMhTo8i4V9hWf7ScKyZshBoGtb8Z8xvJnV9r%2Bl8pNfnjbyAA&x-oss-signature-version=OSS4-HMAC-SHA256&x-oss-credential=STS.NYUiQVbMJwYsYM5ncUUpLS7Vs%2F20260724%2Feu-central-1%2Foss%2Faliyun_v4_request&x-oss-signature=8db47ad24eb9900707c3aff6d1142c055c37577693ba875a951ae2dc57f8f55c,expand,0,2026-07-24 06:07:31,hongjiacheng,SMDJ64CA,SMC(DO-214AB),ESD and Surge Protection (TVS/ESD),-55℃~+150℃ 1 103V 1uA 29.1A 3kW 64V 71.1V IEC 61000-4-2 TVS Unidirectional SMC(DO-214AB) ESD and Surge Protection (TVS/ESD) ROHS,双向TVS 64V截止 峰值浪涌电流：29.1A,0.2165,1162,1,Circuit Protection,2026-06-07 09:28:36,2,0.433
C42371552,hongjiacheng-SMDJ30CA/C42371552,https://www.lcsc.com/datasheet/lcsc_datasheet_2501071555_hongjiacheng-SMDJ30CA_C42371552.pdf,expand,0,2026-07-24 06:07:31,hongjiacheng,SMDJ30CA,SMC(DO-214AB),ESD and Surge Protection (TVS/ESD),-55℃~+150℃ 2uA 30V 36.8V 3kW 48.4V 62A Bidirectional IEC 61000-4-2 TVS SMC(DO-214AB) ESD and Surge Protection (TVS/ESD) ROHS,双向TVS 30V截止 峰值浪涌电流：62A,0.1513,4556,1,Circuit Protection,2026-06-07 09:28:36,2,0.3026
C42371555,hongjiacheng-SMDJ33CA/C42371555,https://www.lcsc.com/datasheet/lcsc_datasheet_2501071555_hongjiacheng-SMDJ33CA_C42371555.pdf,expand,0,2026-07-24 06:07:31,hongjiacheng,SMDJ33CA,SMC(DO-214AB),ESD and Surge Protection (TVS/ESD),-55℃~+150℃ 1uA 2 33V 36.7V 3kW 53.3V 56.3A Bidirectional IEC 61000-4-2 TVS SMC(DO-214AB) ESD and Surge Protection (TVS/ESD) ROHS,双向TVS 33V截止 峰值浪涌电流：56.3A,0.2459,33884,1,Circuit Protection,2026-06-07 09:28:36,2,0.4918
C42371556,hongjiacheng-SMDJ36CA/C42371556,https://www.lcsc.com/datasheet/lcsc_datasheet_2501071555_hongjiacheng-SMDJ36CA_C42371556.pdf,expand,0,2026-07-24 06:07:31,hongjiacheng,SMDJ36CA,SMC(DO-214AB),ESD and Surge Protection (TVS/ESD),-55℃~+150℃ 2uA 36V 3kW 44.2V 51.6A 58.1V Bidirectional IEC 61000-4-2 TVS SMC(DO-214AB) ESD and Surge Protection (TVS/ESD) ROHS,双向TVS 36V截止 峰值浪涌电流：51.6A,0.2857,215,1,Circuit Protection,2026-06-07 09:28:36,2,0.5714
C42371557,hongjiacheng-SMDJ40CA/C42371557,https://www.lcsc.com/datasheet/lcsc_datasheet_2501071555_hongjiacheng-SMDJ40CA_C42371557.pdf,expand,0,2026-07-24 06:07:31,hongjiacheng,SMDJ40CA,SMC(DO-214AB),ESD and Surge Protection (TVS/ESD),-55℃~+150℃ 1uA 2 3kW 40V 44.4V 46.5A 64.5V Bidirectional IEC 61000-4-2 TVS SMC(DO-214AB) ESD and Surge Protection (TVS/ESD) ROHS,双向TVS 40V截止 峰值浪涌电流：46.5A,0.1547,4415,1,Circuit Protection,2026-06-07 09:28:36,2,0.3094
C42371558,hongjiacheng-SMDJ85CA/C42371558,https://www.lcsc.com/datasheet/lcsc_datasheet_2501071555_hongjiacheng-SMDJ85CA_C42371558.pdf,expand,0,2026-07-24 06:07:31,hongjiacheng,SMDJ85CA,SMC(DO-214AB),ESD and Surge Protection (TVS/ESD),-55℃~+150℃ 137V 1uA 2 21.9A 3kW 85V 94.4V Bidirectional IEC 61000-4-2 TVS SMC(DO-214AB) ESD and Surge Protection (TVS/ESD) ROHS,双向TVS 85V截止 峰值浪涌电流：21.9A,0.203,245,1,Circuit Protection,2026-06-07 09:28:36,2,0.406
C42371716,hongjiacheng-SMDJ26CA/C42371716,https://www.lcsc.com/datasheet/lcsc_datasheet_2501071555_hongjiacheng-SMDJ26CA_C42371716.pdf,expand,0,2026-07-24 06:07:31,hongjiacheng,SMDJ26CA,SMC(DO-214AB),ESD and Surge Protection (TVS/ESD),-55℃~+150℃ 26V 2uA 31.9V 3kW 42.1V 71.3A Bidirectional IEC 61000-4-2 TVS SMC(DO-214AB) ESD and Surge Protection (TVS/ESD) ROHS,双向TVS 26V截止 峰值浪涌电流：71.3A,0.1549,57165,1,Circuit Protection,2026-06-07 09:28:36,2,0.3098
C42371719,hongjiacheng-SMDJ45CA/C42371719,https://www.lcsc.com/datasheet/lcsc_datasheet_2501071555_hongjiacheng-SMDJ45CA_C42371719.pdf,expand,0,2026-07-24 06:07:31,hongjiacheng,SMDJ45CA,SMC(DO-214AB),ESD and Surge Protection (TVS/ESD),-55℃~+150℃ 2uA 3kW 41.3A 45V 55.3V 72.7V Bidirectional IEC 61000-4-2 TVS SMC(DO-214AB) ESD and Surge Protection (TVS/ESD) ROHS,双向TVS 45V截止 峰值浪涌电流：41.3A,0.2462,1466,1,Circuit Protection,2026-06-07 09:28:36,2,0.4924
C42371721,hongjiacheng-SMDJ28A/C42371721,https://www.lcsc.com/datasheet/lcsc_datasheet_2501071555_hongjiacheng-SMDJ28A_C42371721.pdf,expand,0,2026-07-24 06:07:31,hongjiacheng,SMDJ28A,SMC(DO-214AB),ESD and Surge Protection (TVS/ESD),-55℃~+150℃ 1 1uA 28V 31.1V 3kW 45.4V 66.1A IEC 61000-4-2 TVS Unidirectional SMC(DO-214AB) ESD and Surge Protection (TVS/ESD) ROHS,单向TVS 28V截止 峰值浪涌电流：66.1A,0.1602,6681,1,Circuit Protection,2026-06-07 09:28:36,2,0.3204
C42371722,hongjiacheng-SMDJ24CA/C42371722,https://www.lcsc.com/datasheet/lcsc_datasheet_2501071555_hongjiacheng-SMDJ24CA_C42371722.pdf,expand,0,2026-07-24 06:07:31,hongjiacheng,SMDJ24CA,SMC(DO-214AB),ESD and Surge Protection (TVS/ESD),-55℃~+150℃ 24V 29.5V 2uA 38.9V 3kW 77.1A Bidirectional IEC 61000-4-2 TVS SMC(DO-214AB) ESD and Surge Protection (TVS/ESD) ROHS,双向TVS 24V截止 峰值浪涌电流：77.1A,0.222,11940,1,Circuit Protection,2026-06-07 09:28:36,2,0.444
C42371723,hongjiacheng-SMDJ16A/C42371723,https://www.lcsc.com/datasheet/lcsc_datasheet_2501071555_hongjiacheng-SMDJ16A_C42371723.pdf,expand,0,2026-07-24 06:07:31,hongjiacheng,SMDJ16A,SMC(DO-214AB),ESD and Surge Protection (TVS/ESD),-55℃~+150℃ 115.4A 16V 19.7V 26V 2uA 3kW IEC 61000-4-2 TVS Unidirectional SMC(DO-214AB) ESD and Surge Protection (TVS/ESD) ROHS,单向TVS 16V截止 峰值浪涌电流：115.4A,0.1482,2369,1,Circuit Protection,2026-06-07 09:28:36,2,0.2964
C42371724,hongjiacheng-SMDJ58A/C42371724,https://www.lcsc.com/datasheet/lcsc_datasheet_2501071555_hongjiacheng-SMDJ58A_C42371724.pdf,expand,0,2026-07-24 06:07:31,hongjiacheng,SMDJ58A,SMC(DO-214AB),ESD and Surge Protection (TVS/ESD),-55℃~+150℃ 1 1uA 32.1A 3kW 58V 64.4V 93.6V IEC 61000-4-2 TVS Unidirectional SMC(DO-214AB) ESD and Surge Protection (TVS/ESD) ROHS,单向TVS 58V截止 峰值浪涌电流：32.1A,0.218,482,1,Circuit Protection,2026-06-07 09:28:36,2,0.436
C42371725,hongjiacheng-SMDJ15CA/C42371725,https://www.lcsc.com/datasheet/lcsc_datasheet_2501071555_hongjiacheng-SMDJ15CA_C42371725.pdf,expand,0,2026-07-24 06:07:31,hongjiacheng,SMDJ15CA,SMC(DO-214AB),ESD and Surge Protection (TVS/ESD),-55℃~+150℃ 123A 15V 18.5V 24.4V 2uA 3kW Bidirectional IEC 61000-4-2 TVS SMC(DO-214AB) ESD and Surge Protection (TVS/ESD) ROHS,双向TVS 15V截止 峰值浪涌电流：123A,0.1991,10866,1,Circuit Protection,2026-06-07 09:28:36,2,0.3982
C42371727,hongjiacheng-50SMDJ28CA/C42371727,https://www.lcsc.com/datasheet/lcsc_datasheet_2501071555_hongjiacheng-5-0SMDJ28CA_C42371727.pdf,expand,0,2026-07-24 06:07:31,hongjiacheng,5.0SMDJ28CA,SMC(DO-214AB),ESD and Surge Protection (TVS/ESD),-55℃~+150℃ 110.1A 28V 34.4V 45.4V 5kW 5uA Bidirectional IEC 61000-4-2 TVS SMC(DO-214AB) ESD and Surge Protection (TVS/ESD) ROHS,双向TVS 28V截止 峰值浪涌电流：110.1A,0.4092,6179,1,Circuit Protection,2026-06-07 09:28:36,2,0.8184
C42371730,hongjiacheng-50SMDJ30CA/C42371730,https://www.lcsc.com/datasheet/lcsc_datasheet_2501071555_hongjiacheng-5-0SMDJ30CA_C42371730.pdf,expand,0,2026-07-24 06:07:31,hongjiacheng,5.0SMDJ30CA,SMC(DO-214AB),ESD and Surge Protection (TVS/ESD),-55℃~+150℃ 103A 2 30V 33.3V 48.4V 5kW 5uA Bidirectional IEC 61000-4-2 TVS SMC(DO-214AB) ESD and Surge Protection (TVS/ESD) ROHS,双向TVS 30V截止 峰值浪涌电流：103A,0.4769,14840,1,Circuit Protection,2026-06-07 09:28:36,2,0.9538
C42371731,hongjiacheng-1SMAF4747A/C42371731,https://www.lcsc.com/datasheet/lcsc_datasheet_2501071555_hongjiacheng-1SMAF4747A_C42371731.pdf,expand,0,2026-07-24 06:07:31,hongjiacheng,1SMAF4747A,SMAF,Zener Diodes,-55℃~+150℃ 19V~21.2V、19V~21.2V 1W 20V、20V 22Ω、22Ω 5uA、5uA SMAF Zener Diodes ROHS,1SMAF4747A,0.044,741,1,Diodes,2026-06-07 09:28:36,5,0.22
C42371733,hongjiacheng-SSL34BF/C42371733,https://www.lcsc.com/datasheet/lcsc_datasheet_2501211645_hongjiacheng-SSL34BF_C42371733.pdf,expand,0,2026-07-24 06:07:31,hongjiacheng,SSL34BF,SMBF,Schottky Diodes,-55℃~+125℃ 1 Independent 3A 40V 450mV@3A 500uA 80A SMBF Schottky Diodes ROHS,SSL34BF,0.0991,2014,1,Diodes,2026-06-07 09:28:36,5,0.4955
C42371737,hongjiacheng-SSL510BF/C42371737,https://www.lcsc.com/datasheet/lcsc_datasheet_2501211645_hongjiacheng-SSL510BF_C42371737.pdf,expand,0,2026-07-24 06:07:31,hongjiacheng,SSL510BF,SMBF,Schottky Diodes,-55℃~+150℃ 1 Independent 100V 120A 200uA 5A 700mV@5A SMBF Schottky Diodes ROHS,SSL510BF,0.1534,731,1,Diodes,2026-06-07 09:28:36,5,0.767
C42371738,hongjiacheng-SS520BF/C42371738,https://www.lcsc.com/datasheet/lcsc_datasheet_2501211645_hongjiacheng-SS520BF_C42371738.pdf,expand,0,2026-07-24 06:07:31,hongjiacheng,SS520BF,SMBF,Schottky Diodes,-55℃~+150℃ 1 Independent 120A 200V 50uA 5A 950mV@5A SMBF Schottky Diodes ROHS,SS520BF,0.0812,2343,1,Diodes,2026-06-07 09:28:36,5,0.406
C42371739,hongjiacheng-SS34BF/C42371739,https://www.lcsc.com/datasheet/lcsc_datasheet_2501211645_hongjiacheng-SS34BF_C42371739.pdf,expand,0,2026-07-24 06:07:31,hongjiacheng,SS34BF,SMBF,Schottky Diodes,-55℃~+150℃ 1 Independent 3A 40V 500uA 550mV@3A 80A SMBF Schottky Diodes ROHS,SS34BF,0.04,6961,1,Diodes,2026-06-07 09:28:36,5,0.2
C42371741,hongjiacheng-SS510BF/C42371741,https://www.lcsc.com/datasheet/lcsc_datasheet_2501211645_hongjiacheng-SS510BF_C42371741.pdf,expand,0,2026-07-24 06:07:31,hongjiacheng,SS510BF,SMBF,Schottky Diodes,-55℃~+150℃ 1 Independent 100V 120A 50uA 5A 850mV@5A SMBF Schottky Diodes ROHS,SS510BF,0.0727,185,1,Diodes,2026-06-07 09:28:36,5,0.3635
C42371743,hongjiacheng-SMBJ150CA/C42371743,https://www.lcsc.com/datasheet/lcsc_datasheet_2501071555_hongjiacheng-SMBJ150CA_C42371743.pdf,expand,0,2026-07-24 06:07:31,hongjiacheng,SMBJ150CA,SMB(DO-214AA),ESD and Surge Protection (TVS/ESD),-55℃~+150℃ 150V 185V 2.47A 243V 5uA 600W Bidirectional IEC 61000-4-2 TVS SMB(DO-214AA) ESD and Surge Protection (TVS/ESD) ROHS,双向TVS 150V截止 峰值浪涌电流：2.47A,0.0476,6394,1,Circuit Protection,2026-06-07 09:28:36,5,0.238
C42371745,hongjiacheng-SMBJ150A/C42371745,https://www.lcsc.com/datasheet/lcsc_datasheet_2501071555_hongjiacheng-SMBJ150A_C42371745.pdf,expand,0,2026-07-24 06:07:31,hongjiacheng,SMBJ150A,SMB(DO-214AA),ESD and Surge Protection (TVS/ESD),-55℃~+150℃ 1 150V 167V 2.47A 243V 5uA 600W IEC 61000-4-2 TVS Unidirectional SMB(DO-214AA) ESD and Surge Protection (TVS/ESD) ROHS,单向TVS 150V截止 峰值浪涌电流：2.47A,0.041,65,219,Circuit Protection,2026-06-07 09:28:36,221,9.061
C42371747,hongjiacheng-SMF20CA/C42371747,https://www.lcsc.com/datasheet/lcsc_datasheet_2501071555_hongjiacheng-SMF20CA_C42371747.pdf,expand,0,2026-07-24 06:07:31,hongjiacheng,SMF20CA,SOD-123FL,ESD and Surge Protection (TVS/ESD),-55℃~+150℃ 1uA 200W 20V 24.5V 32.4V 6.2A Bidirectional IEC 61000-4-2 TVS SOD-123FL ESD and Surge Protection (TVS/ESD) ROHS,双向TVS 20V截止 峰值浪涌电流：6.2A,0.0281,274490,1,Circuit Protection,2026-06-07 09:28:36,15,0.4215
C42371749,hongjiacheng-SMF40CA/C42371749,https://www.lcsc.com/datasheet/lcsc_datasheet_2501071555_hongjiacheng-SMF40CA_C42371749.pdf,expand,0,2026-07-24 06:07:31,hongjiacheng,SMF40CA,SOD-123FL,ESD and Surge Protection (TVS/ESD),-55℃~+150℃ 1uA 200W 3.1A 40V 49.1V 64.5V Bidirectional IEC 61000-4-2 TVS SOD-123FL ESD and Surge Protection (TVS/ESD) ROHS,双向TVS 40V截止 峰值浪涌电流：3.1A,0.0279,60148,1,Circuit Protection,2026-06-07 09:28:36,15,0.4185
C42371750,hongjiacheng-SMF75A/C42371750,https://www.lcsc.com/datasheet/lcsc_datasheet_2501071555_hongjiacheng-SMF7-5A_C42371750.pdf,expand,0,2026-07-24 06:07:31,hongjiacheng,SMF7.5A,SOD-123FL,ESD and Surge Protection (TVS/ESD),-55℃~+150℃ 12.9V 15.5A 200W 50uA 7.5V 9.21V IEC 61000-4-2 TVS Unidirectional SOD-123FL ESD and Surge Protection (TVS/ESD) ROHS,单向TVS 7.5V截止 峰值浪涌电流：15.5A,0.0329,1109,1,Circuit Protection,2026-06-07 09:28:36,15,0.4935
C42371752,hongjiacheng-SMF150CA/C42371752,https://www.lcsc.com/datasheet/lcsc_datasheet_2501071555_hongjiacheng-SMF150CA_C42371752.pdf,expand,0,2026-07-24 06:07:31,hongjiacheng,SMF150CA,SOD-123FL,ESD and Surge Protection (TVS/ESD),-55℃~+150℃ 150V 185V 1uA 200W 243V 800mA Bidirectional IEC 61000-4-2 TVS SOD-123FL ESD and Surge Protection (TVS/ESD) ROHS,双向TVS 150V截止 峰值浪涌电流：0.8A,0.0302,220,1,Circuit Protection,2026-06-07 09:28:36,15,0.453
C42371753,hongjiacheng-SMF58CA/C42371753,https://www.lcsc.com/datasheet/lcsc_datasheet_2501071555_hongjiacheng-SMF58CA_C42371753.pdf,expand,0,2026-07-24 06:07:31,hongjiacheng,SMF58CA,SOD-123FL,ESD and Surge Protection (TVS/ESD),-55℃~+150℃ 1uA 2.1A 200W 58V 71.2V 93.6V Bidirectional IEC 61000-4-2 TVS SOD-123FL ESD and Surge Protection (TVS/ESD) ROHS,双向TVS 58V截止 峰值浪涌电流：2.1A,0.0281,1917,1,Circuit Protection,2026-06-07 09:28:36,15,0.4215
C42371754,hongjiacheng-SMF48A/C42371754,https://www.lcsc.com/datasheet/lcsc_datasheet_2501071555_hongjiacheng-SMF48A_C42371754.pdf,expand,0,2026-07-24 06:07:31,hongjiacheng,SMF48A,SOD-123FL,ESD and Surge Protection (TVS/ESD),-55℃~+150℃ 1uA 2.6A 200W 48V 58.9V 77.4V IEC 61000-4-2 TVS Unidirectional SOD-123FL ESD and Surge Protection (TVS/ESD) ROHS,单向TVS 48V截止 峰值浪涌电流：2.6A,0.0342,39696,1,Circuit Protection,2026-06-07 09:28:36,15,0.513
C42371755,hongjiacheng-MMSZ4680/C42371755,https://www.lcsc.com/datasheet/lcsc_datasheet_2501071555_hongjiacheng-MMSZ4680_C42371755.pdf,expand,0,2026-07-24 06:07:31,hongjiacheng,MMSZ4680,SOD-123,Zener Diodes,-55℃~+150℃ 1 Independent 2.09V~2.31V 2.2V 4uA@1V 500mW SOD-123 Zener Diodes ROHS,MMSZ4680,0.0215,0,417,Diodes,2026-06-07 09:28:36,421,9.0515
C42371756,hongjiacheng-MMSZ4696/C42371756,https://www.lcsc.com/datasheet/lcsc_datasheet_2501071555_hongjiacheng-MMSZ4696_C42371756.pdf,expand,0,2026-07-24 06:07:31,hongjiacheng,MMSZ4696,SOD-123,Zener Diodes,-55℃~+150℃ 1 Independent 1uA 500mW 8.65V~9.56V 9.1V SOD-123 Zener Diodes ROHS,MMSZ4696,0.0257,6384,1,Diodes,2026-06-07 09:28:36,15,0.3855
C42371757,hongjiacheng-MMSZ4697/C42371757,https://www.lcsc.com/datasheet/lcsc_datasheet_2501071555_hongjiacheng-MMSZ4697_C42371757.pdf,expand,0,2026-07-24 06:07:31,hongjiacheng,MMSZ4697,SOD-123,Zener Diodes,-55℃~+150℃ 1 Independent 10V 1uA@7.6V 500mW 9.5V~10.5V SOD-123 Zener Diodes ROHS,MMSZ4697,0.0257,4027,1,Diodes,2026-06-07 09:28:36,15,0.3855
C42371760,hongjiacheng-MMSZ5221B/C42371760,https://www.lcsc.com/datasheet/lcsc_datasheet_2501071555_hongjiacheng-MMSZ5221B_C42371760.pdf,expand,0,2026-07-24 06:07:31,hongjiacheng,MMSZ5221B,SOD-123,Zener Diodes,-55℃~+150℃ 100uA@1V 2.28V~2.52V、2.28V~2.52V 2.4V、2.4V 30Ω、30Ω 500mW、500mW SOD-123 Zener Diodes ROHS,MMSZ5221B,0.0236,2643,1,Diodes,2026-06-07 09:28:36,15,0.354
C42387454,hongjiacheng-BZT52B11S/C42387454,https://www.lcsc.com/datasheet/lcsc_datasheet_2501071555_hongjiacheng-BZT52B11S_C42387454.pdf,expand,0,2026-07-24 06:07:31,hongjiacheng,BZT52B11S,SOD-323,Zener Diodes,-55℃~+150℃ 1 Independent 10.78V~11.22V 100nA@8V 11V、11V 150Ω 200mW、200mW 20Ω SOD-323 Zener Diodes ROHS,BZT52B11S,0.0208,27631,1,Diodes,2026-06-07 09:28:36,20,0.416
C42394394,hongjiacheng-P4SMA68A/C42394394,https://www.lcsc.com/datasheet/lcsc_datasheet_2501071555_hongjiacheng-P4SMA6-8A_C42394394.pdf,expand,0,2026-07-24 06:07:31,hongjiacheng,P4SMA6.8A,DO-214AC(SMA),ESD and Surge Protection (TVS/ESD),-55℃~+150℃ 10.5V 1mA 38.1A 400W 5.8V 7.14V IEC 61000-4-2 TVS Unidirectional DO-214AC(SMA) ESD and Surge Protection (TVS/ESD) ROHS,单向TVS 5.8V截止 峰值浪涌电流：38.1A,0.0363,7477,1,Circuit Protection,2026-06-07 09:28:36,5,0.1815
C42394395,hongjiacheng-SMAJ70A/C42394395,https://www.lcsc.com/datasheet/lcsc_datasheet_2501071555_hongjiacheng-SMAJ7-0A_C42394395.pdf,expand,0,2026-07-24 06:07:31,hongjiacheng,SMAJ7.0A,DO-214AC(SMA),ESD and Surge Protection (TVS/ESD),-55℃~+150℃ 12V 200uA 33.3A 400W 7V 8.6V IEC 61000-4-2 TVS Unidirectional DO-214AC(SMA) ESD and Surge Protection (TVS/ESD) ROHS,单向TVS 7V截止 峰值浪涌电流：33.3A,0.0374,4608,1,Circuit Protection,2026-06-07 09:28:36,5,0.187
C42394396,hongjiacheng-SMAJ14CA/C42394396,https://www.lcsc.com/datasheet/lcsc_datasheet_2501071555_hongjiacheng-SMAJ14CA_C42394396.pdf,expand,0,2026-07-24 06:07:31,hongjiacheng,SMAJ14CA,DO-214AC(SMA),ESD and Surge Protection (TVS/ESD),-55℃~+150℃ 14V 17.2A 17.2V 1uA 23.2V 400W Bidirectional IEC 61000-4-2 TVS DO-214AC(SMA) ESD and Surge Protection (TVS/ESD) ROHS,双向TVS 14V截止 峰值浪涌电流：17.2A,0.0405,27218,1,Circuit Protection,2026-06-07 09:28:36,5,0.2025
C42394397,hongjiacheng-SMAJ22CA/C42394397,https://www.lcsc.com/datasheet/lcsc_datasheet_2501071555_hongjiacheng-SMAJ22CA_C42394397.pdf,expand,0,2026-07-24 06:07:31,hongjiacheng,SMAJ22CA,DO-214AC(SMA),ESD and Surge Protection (TVS/ESD),-55℃~+150℃ 11.27A 1uA 2 22V 26.9V 35.5V 400W Bidirectional IEC 61000-4-2 TVS DO-214AC(SMA) ESD and Surge Protection (TVS/ESD) ROHS,双向TVS 22V截止 峰值浪涌电流：11.27A,0.0397,7154,1,Circuit Protection,2026-06-07 09:28:36,5,0.1985
C42394398,hongjiacheng-SMAJ60A/C42394398,https://www.lcsc.com/datasheet/lcsc_datasheet_2501071555_hongjiacheng-SMAJ60A_C42394398.pdf,expand,0,2026-07-24 06:07:31,hongjiacheng,SMAJ60A,DO-214AC(SMA),ESD and Surge Protection (TVS/ESD),-55℃~+150℃ 1 1uA 4.1A 400W 60V 73.7V 96.8V IEC 61000-4-2 TVS Unidirectional DO-214AC(SMA) ESD and Surge Protection (TVS/ESD) ROHS,单向TVS 60V截止 峰值浪涌电流：4.1A,0.0355,59240,1,Circuit Protection,2026-06-07 09:28:36,5,0.1775
C42394399,hongjiacheng-SMAJ60CA/C42394399,https://www.lcsc.com/datasheet/lcsc_datasheet_2501071555_hongjiacheng-SMAJ60CA_C42394399.pdf,expand,0,2026-07-24 06:07:31,hongjiacheng,SMAJ60CA,DO-214AC(SMA),ESD and Surge Protection (TVS/ESD),-55℃~+150℃ 1 1uA 4.1A 400W 60V 73.7V 96.8V Bidirectional IEC 61000-4-2 TVS DO-214AC(SMA) ESD and Surge Protection (TVS/ESD) ROHS,双向TVS 60V截止 峰值浪涌电流：4.1A,0.0397,47691,1,Circuit Protection,2026-06-07 09:28:36,5,0.1985
C42394400,hongjiacheng-SMAJ64A/C42394400,https://www.lcsc.com/datasheet/lcsc_datasheet_2501071555_hongjiacheng-SMAJ64A_C42394400.pdf,expand,0,2026-07-24 06:07:31,hongjiacheng,SMAJ64A,DO-214AC(SMA),ESD and Surge Protection (TVS/ESD),-55℃~+150℃ 1 103V 1uA 3.9A 400W 64V 78.6V IEC 61000-4-2 TVS Unidirectional DO-214AC(SMA) ESD and Surge Protection (TVS/ESD) ROHS,单向TVS 64V截止 峰值浪涌电流：3.9A,0.0443,891,1,Circuit Protection,2026-06-07 09:28:36,5,0.2215
C42394401,hongjiacheng-SMAJ85CA/C42394401,https://www.lcsc.com/datasheet/lcsc_datasheet_2501071555_hongjiacheng-SMAJ85CA_C42394401.pdf,expand,0,2026-07-24 06:07:31,hongjiacheng,SMAJ85CA,DO-214AC(SMA),ESD and Surge Protection (TVS/ESD),-55℃~+150℃ 104V 137V 1uA 2.9A 400W 85V Bidirectional IEC 61000-4-2 TVS DO-214AC(SMA) ESD and Surge Protection (TVS/ESD) ROHS,双向TVS 85V截止 峰值浪涌电流：2.9A,0.0355,9050,1,Circuit Protection,2026-06-07 09:28:36,5,0.1775
C42394402,hongjiacheng-SMAJ90CA/C42394402,https://www.lcsc.com/datasheet/lcsc_datasheet_2501071555_hongjiacheng-SMAJ90CA_C42394402.pdf,expand,0,2026-07-24 06:07:31,hongjiacheng,SMAJ90CA,DO-214AC(SMA),ESD and Surge Protection (TVS/ESD),-55℃~+150℃ 111V 146V 1uA 2 2.74A 400W 90V Bidirectional IEC 61000-4-2 TVS DO-214AC(SMA) ESD and Surge Protection (TVS/ESD) ROHS,双向TVS 90V截止 峰值浪涌电流：2.74A,0.0373,24276,1,Circuit Protection,2026-06-07 09:28:36,5,0.1865
C42394403,hongjiacheng-SMAJ90A/C42394403,https://www.lcsc.com/datasheet/lcsc_datasheet_2501071555_hongjiacheng-SMAJ90A_C42394403.pdf,expand,0,2026-07-24 06:07:31,hongjiacheng,SMAJ90A,DO-214AC(SMA),ESD and Surge Protection (TVS/ESD),-55℃~+150℃ 111V 146V 1uA 2.7A 400W 90V IEC 61000-4-2 TVS Unidirectional DO-214AC(SMA) ESD and Surge Protection (TVS/ESD) ROHS,单向TVS 90V截止 峰值浪涌电流：2.7A,0.0247,29871,1,Circuit Protection,2026-06-07 09:28:36,5,0.1235
C42394406,hongjiacheng-SMAJ300CA/C42394406,https://www.lcsc.com/datasheet/lcsc_datasheet_2501071555_hongjiacheng-SMAJ300CA_C42394406.pdf,expand,0,2026-07-24 06:07:31,hongjiacheng,SMAJ300CA,DO-214AC(SMA),ESD and Surge Protection (TVS/ESD),-55℃~+150℃ 1uA 2 300V 371V 400W 486V 820mA Bidirectional IEC 61000-4-2 TVS DO-214AC(SMA) ESD and Surge Protection (TVS/ESD) ROHS,双向TVS 300V截止 峰值浪涌电流：0.82A,0.0664,452,1,Circuit Protection,2026-06-07 09:28:36,5,0.332
C42394408,hongjiacheng-P6SMB75A/C42394408,https://www.lcsc.com/datasheet/lcsc_datasheet_2501071555_hongjiacheng-P6SMB7-5A_C42394408.pdf,expand,0,2026-07-24 06:07:31,hongjiacheng,P6SMB7.5A,SMB,ESD and Surge Protection (TVS/ESD),-55℃~+150℃ 11.3V 500uA 53.1A 6.4V 600W 7.88V IEC 61000-4-2 TVS Unidirectional SMB ESD and Surge Protection (TVS/ESD) ROHS,单向TVS 6.4V截止 峰值浪涌电流：53.1A,0.0609,8780,1,Circuit Protection,2026-06-07 09:28:36,5,0.3045
C42394410,hongjiacheng-P6SMB39A/C42394410,https://www.lcsc.com/datasheet/lcsc_datasheet_2501071555_hongjiacheng-P6SMB39A_C42394410.pdf,expand,0,2026-07-24 06:07:31,hongjiacheng,P6SMB39A,SMB,ESD and Surge Protection (TVS/ESD),-55℃~+150℃ 1 11.1A 33.3V 40.95V 53.9V 5uA 600W IEC 61000-4-2 TVS Unidirectional SMB ESD and Surge Protection (TVS/ESD) ROHS,单向TVS 33.3V截止 峰值浪涌电流：11.1A,0.0456,2805,1,Circuit Protection,2026-06-07 09:28:36,5,0.228
C42394412,hongjiacheng-P6SMB200A/C42394412,https://www.lcsc.com/datasheet/lcsc_datasheet_2501071555_hongjiacheng-P6SMB200A_C42394412.pdf,expand,0,2026-07-24 06:07:31,hongjiacheng,P6SMB200A,SMB,ESD and Surge Protection (TVS/ESD),-55℃~+150℃ 1 171V 2.2A 210V 274V 5uA 600W IEC 61000-4-2 TVS Unidirectional SMB ESD and Surge Protection (TVS/ESD) ROHS,单向TVS 171V截止 峰值浪涌电流：2.2A,0.0532,4068,1,Circuit Protection,2026-06-07 09:28:36,5,0.266
C42394417,hongjiacheng-SMBJ400CA/C42394417,https://www.lcsc.com/datasheet/lcsc_datasheet_2501071555_hongjiacheng-SMBJ400CA_C42394417.pdf,expand,0,2026-07-24 06:07:31,hongjiacheng,SMBJ400CA,SMB(DO-214AA),ESD and Surge Protection (TVS/ESD),-55℃~+150℃ 400V 494V 5uA 600W 648V 930mA Bidirectional IEC 61000-4-2 TVS SMB(DO-214AA) ESD and Surge Protection (TVS/ESD) ROHS,双向TVS 400V截止 峰值浪涌电流：0.93A,0.1004,47288,1,Circuit Protection,2026-06-07 09:28:36,5,0.502
C42394420,hongjiacheng-SMCJ60A/C42394420,https://www.lcsc.com/datasheet/lcsc_datasheet_2501071555_hongjiacheng-SMCJ6-0A_C42394420.pdf,expand,0,2026-07-24 06:07:31,hongjiacheng,SMCJ6.0A,SMC(DO-214AB),ESD and Surge Protection (TVS/ESD),-55℃~+150℃ 1 1.5kW 10.3V 145.7A 6V 7.37V 800uA IEC 61000-4-2 TVS Unidirectional SMC(DO-214AB) ESD and Surge Protection (TVS/ESD) ROHS,单向TVS 6V截止 峰值浪涌电流：145.7A,0.1642,3567,1,Circuit Protection,2026-06-07 09:28:36,2,0.3284
C42394428,hongjiacheng-SMCJ85CA/C42394428,https://www.lcsc.com/datasheet/lcsc_datasheet_2501071555_hongjiacheng-SMCJ85CA_C42394428.pdf,expand,0,2026-07-24 06:07:31,hongjiacheng,SMCJ85CA,SMC(DO-214AB),ESD and Surge Protection (TVS/ESD),-55℃~+150℃ 1.5kW 104V 11A 137V 1uA 2 85V Bidirectional IEC 61000-4-2 TVS SMC(DO-214AB) ESD and Surge Protection (TVS/ESD) ROHS,双向TVS 85V截止 峰值浪涌电流：11A,0.1669,8254,1,Circuit Protection,2026-06-07 09:28:36,2,0.3338
C42394438,hongjiacheng-SMDJ60CA/C42394438,https://www.lcsc.com/datasheet/lcsc_datasheet_2501071555_hongjiacheng-SMDJ60CA_C42394438.pdf,expand,0,2026-07-24 06:07:31,hongjiacheng,SMDJ60CA,SMC(DO-214AB),ESD and Surge Protection (TVS/ESD),-55℃~+150℃ 2uA 31A 3kW 60V 73.7V 96.8V Bidirectional IEC 61000-4-2 TVS SMC(DO-214AB) ESD and Surge Protection (TVS/ESD) ROHS,双向TVS 60V截止 峰值浪涌电流：31A,0.2114,15066,1,Circuit Protection,2026-06-07 09:28:36,2,0.4228
C42394457,hongjiacheng-50SMDJ85CA/C42394457,https://www.lcsc.com/datasheet/lcsc_datasheet_2501071555_hongjiacheng-5-0SMDJ85CA_C42394457.pdf,expand,0,2026-07-24 06:07:31,hongjiacheng,5.0SMDJ85CA,DO-214AB(SMC),ESD and Surge Protection (TVS/ESD),-55℃~+150℃ 104V 137V 36.5A 5kW 5uA 85V Bidirectional IEC 61000-4-2 TVS DO-214AB(SMC) ESD and Surge Protection (TVS/ESD) ROHS,双向TVS 85V截止 峰值浪涌电流：36.5A,0.4173,18,1,Circuit Protection,2026-06-07 09:28:36,2,0.8346
C42406051,hongjiacheng-ABS10/C42406051,https://www.lcsc.com/datasheet/lcsc_datasheet_2501211108_hongjiacheng-ABS10_C42406051.pdf,expand,0,2026-07-24 06:07:31,hongjiacheng,ABS10,ABS,Bridge Rectifiers,-55℃~+150℃ 1A 1V@0.4A 1kV 30A 5uA Single-Phase Rectifier ABS Bridge Rectifiers ROHS,ABS10,0.0313,110303,1,Diodes,2026-06-07 09:28:36,5,0.1565
C42406052,hongjiacheng-ABS210/C42406052,https://www.lcsc.com/datasheet/lcsc_datasheet_2501211108_hongjiacheng-ABS210_C42406052.pdf,expand,0,2026-07-24 06:07:31,hongjiacheng,ABS210,ABS,Bridge Rectifiers,-55℃~+150℃ 1V@1A 1kV 2A 5uA 60A Single-Phase Rectifier ABS Bridge Rectifiers ROHS,ABS210,0.0373,218754,1,Diodes,2026-06-07 09:28:36,5,0.1865
C42406053,hongjiacheng-MSB30M/C42406053,https://www.lcsc.com/datasheet/lcsc_datasheet_2501211645_hongjiacheng-MSB30M_C42406053.pdf,expand,0,2026-07-24 06:07:31,hongjiacheng,MSB30M,UMSB,Bridge Rectifiers,-55℃~+150℃ 1.1V@3A 100A 1kV 3A 5uA Single-Phase Rectifier UMSB Bridge Rectifiers ROHS,MSB30M,0.106,46,1,Diodes,2026-06-07 09:28:36,2,0.212
C42406055,hongjiacheng-GBJ5008/C42406055,https://www.lcsc.com/datasheet/lcsc_datasheet_2501211645_hongjiacheng-GBJ5008_C42406055.pdf,expand,0,2026-07-24 06:07:31,hongjiacheng,GBJ5008,GBJ,Bridge Rectifiers,-55℃~+150℃ 1.1V@25A 10uA 500A 50A 800V Single-Phase Rectifier GBJ Bridge Rectifiers ROHS,GBJ5008,0.8345,187,1,Diodes,2026-06-07 09:28:36,1,0.8345
C42406056,hongjiacheng-GBJ1510/C42406056,https://www.lcsc.com/datasheet/lcsc_datasheet_2501211645_hongjiacheng-GBJ1510_C42406056.pdf,expand,0,2026-07-24 06:07:31,hongjiacheng,GBJ1510,GBJ,Bridge Rectifiers,-55℃~+150℃ 1.1V@7.5A 10uA@1000V 15A 1kV 220A GBJ Bridge Rectifiers ROHS,GBJ1510,0.6073,1892,1,Diodes,2026-06-07 09:28:36,2,1.2146
C42406057,hongjiacheng-GBJ5010/C42406057,https://www.lcsc.com/datasheet/lcsc_datasheet_2501211645_hongjiacheng-GBJ5010_C42406057.pdf,expand,0,2026-07-24 06:07:31,hongjiacheng,GBJ5010,GBJ,Bridge Rectifiers,-55℃~+150℃ 1.1V@25A 10uA 1kV 500A 50A Single-Phase Rectifier GBJ Bridge Rectifiers ROHS,GBJ5010,0.7926,1401,1,Diodes,2026-06-07 09:28:36,1,0.7926
C42406058,hongjiacheng-GBJL1508A/C42406058,https://www.lcsc.com/datasheet/lcsc_datasheet_2501211645_hongjiacheng-GBJL1508A_C42406058.pdf,expand,0,2026-07-24 06:07:31,hongjiacheng,GBJL1508A,GBJ,Bridge Rectifiers,-55℃~+150℃ 10uA 15A 420A 800V 900mV@7.5A Single-Phase Rectifier GBJ Bridge Rectifiers ROHS,GBJL1508A,1.3354,147,1,Diodes,2026-06-07 09:28:36,1,1.3354
C42406059,hongjiacheng-GBJL1508/C42406059,https://www.lcsc.com/datasheet/lcsc_datasheet_2501211645_hongjiacheng-GBJL1508_C42406059.pdf,expand,0,2026-07-24 06:07:31,hongjiacheng,GBJL1508,GBJ,Bridge Rectifiers,-55℃~+150℃ 10uA 15A 380A 800V 920mV@7.5A Single-Phase Rectifier GBJ Bridge Rectifiers ROHS,GBJL1508,1.1325,315,1,Diodes,2026-06-07 09:28:36,1,1.1325
C42406060,hongjiacheng-GBJ3510/C42406060,https://www.lcsc.com/datasheet/lcsc_datasheet_2501211645_hongjiacheng-GBJ3510_C42406060.pdf,expand,0,2026-07-24 06:07:31,hongjiacheng,GBJ3510,GBJ,Bridge Rectifiers,-55℃~+150℃ 1.1V@7.5A 10uA 1kV 35A 400A Single-Phase Rectifier GBJ Bridge Rectifiers ROHS,GBJ3510,0.6524,864,1,Diodes,2026-06-07 09:28:36,2,1.3048
C42406061,hongjiacheng-GBJ2510A/C42406061,https://www.lcsc.com/datasheet/lcsc_datasheet_2501211645_hongjiacheng-GBJ2510A_C42406061.pdf,expand,0,2026-07-24 06:07:31,hongjiacheng,GBJ2510A,GBJ,Bridge Rectifiers,-55℃~+150℃ 1.1V@12.5A 10uA 1kV 25A 350A Single-Phase Rectifier GBJ Bridge Rectifiers ROHS,GBJ2510A,0.5558,1749,1,Diodes,2026-06-07 09:28:36,2,1.1116
C42406062,hongjiacheng-GBJ2506A/C42406062,https://www.lcsc.com/datasheet/lcsc_datasheet_2501211645_hongjiacheng-GBJ2506A_C42406062.pdf,expand,0,2026-07-24 06:07:31,hongjiacheng,GBJ2506A,GBJ,Bridge Rectifiers,-55℃~+150℃ 1.1V@12.5A 10uA 25A 350A 600V Single-Phase Rectifier GBJ Bridge Rectifiers ROHS,GBJ2506A,0.6347,1108,1,Diodes,2026-06-07 09:28:36,2,1.2694
C42406063,hongjiacheng-GBJL1506/C42406063,https://www.lcsc.com/datasheet/lcsc_datasheet_2501211645_hongjiacheng-GBJL1506_C42406063.pdf,expand,0,2026-07-24 06:07:31,hongjiacheng,GBJL1506,GBJ,Bridge Rectifiers,-55℃~+150℃ 10uA 15A 380A 600V 920mV@7.5A Single-Phase Rectifier GBJ Bridge Rectifiers ROHS,GBJL1506,0.6202,2956,1,Diodes,2026-06-07 09:28:36,1,0.6202
C42406064,hongjiacheng-GBU406A/C42406064,https://www.lcsc.com/datasheet/lcsc_datasheet_2501211645_hongjiacheng-GBU406A_C42406064.pdf,expand,0,2026-07-24 06:07:31,hongjiacheng,GBU406A,GBU,Bridge Rectifiers,GBU Bridge Rectifiers ROHS,GBU406A,0.3493,225,1,Diodes,2026-06-07 09:28:36,2,0.6986
C42406065,hongjiacheng-GBU606/C42406065,https://www.lcsc.com/datasheet/lcsc_datasheet_2501211645_hongjiacheng-GBU606_C42406065.pdf,expand,0,2026-07-24 06:07:31,hongjiacheng,GBU606,GBU,Bridge Rectifiers,-55℃~+150℃ 1.1V@3A 10uA 150A 600V 6A Single-Phase Rectifier GBU Bridge Rectifiers ROHS,GBU606,0.1869,2118,1,Diodes,2026-06-07 09:28:36,2,0.3738
C42406066,hongjiacheng-GBU1510/C42406066,https://www.lcsc.com/datasheet/lcsc_datasheet_2501211645_hongjiacheng-GBU1510_C42406066.pdf,expand,0,2026-07-24 06:07:31,hongjiacheng,GBU1510,GBU,Bridge Rectifiers,-55℃~+150℃ 1.1V@7.5A 10uA 15A 1kV 220A Single-Phase Rectifier GBU Bridge Rectifiers ROHS,GBU1510,0.3427,9952,1,Diodes,2026-06-07 09:28:36,2,0.6854
C42406067,hongjiacheng-GBU610/C42406067,https://www.lcsc.com/datasheet/lcsc_datasheet_2501211645_hongjiacheng-GBU610_C42406067.pdf,expand,0,2026-07-24 06:07:31,hongjiacheng,GBU610,GBU,Bridge Rectifiers,-55℃~+150℃ 1.1V@3A 10uA 150A 1kV 6A Single-Phase Rectifier GBU Bridge Rectifiers ROHS,GBU610,0.3008,1536,1,Diodes,2026-06-07 09:28:36,2,0.6016
C42406068,hongjiacheng-GBU410A/C42406068,https://www.lcsc.com/datasheet/lcsc_datasheet_2501211645_hongjiacheng-GBU410A_C42406068.pdf,expand,0,2026-07-24 06:07:31,hongjiacheng,GBU410A,GBU,Bridge Rectifiers,-55℃~+150℃ 1.1V@4A 10uA 135A 1kV 4A Single-Phase Rectifier GBU Bridge Rectifiers ROHS,GBU410A,0.2889,856,1,Diodes,2026-06-07 09:28:36,2,0.5778
C42406069,hongjiacheng-GBU2510/C42406069,https://www.lcsc.com/datasheet/lcsc_datasheet_2501211645_hongjiacheng-GBU2510_C42406069.pdf,expand,0,2026-07-24 06:07:31,hongjiacheng,GBU2510,GBU,Bridge Rectifiers,-55℃~+150℃ 1.1V@12.5A 10uA 1kV 25A 350A Single-Phase Rectifier GBU Bridge Rectifiers ROHS,GBU2510,0.3506,5518,1,Diodes,2026-06-07 09:28:36,2,0.7012
C42406070,hongjiacheng-GBU810/C42406070,https://www.lcsc.com/datasheet/lcsc_datasheet_2501211645_hongjiacheng-GBU810_C42406070.pdf,expand,0,2026-07-24 06:07:31,hongjiacheng,GBU810,GBU,Bridge Rectifiers,-55℃~+150℃ 1.1V@8A 10uA 175A 1kV 8A Single-Phase Rectifier GBU Bridge Rectifiers ROHS,GBU810,0.2837,2662,1,Diodes,2026-06-07 09:28:36,2,0.5674
C42406071,hongjiacheng-GBU1010/C42406071,https://www.lcsc.com/datasheet/lcsc_datasheet_2501211645_hongjiacheng-GBU1010_C42406071.pdf,expand,0,2026-07-24 06:07:31,hongjiacheng,GBU1010,GBU,Bridge Rectifiers,-55℃~+150℃ 1.05V@5A 10A 10uA 1kV 200A Single-Phase Rectifier GBU Bridge Rectifiers ROHS,GBU1010,0.3243,664,1,Diodes,2026-06-07 09:28:36,2,0.6486
C42406072,hongjiacheng-GBU808/C42406072,https://www.lcsc.com/datasheet/lcsc_datasheet_2501211645_hongjiacheng-GBU808_C42406072.pdf,expand,0,2026-07-24 06:07:31,hongjiacheng,GBU808,GBU,Bridge Rectifiers,-55℃~+150℃ 1.1V@8A 10uA 175A 800V 8A Single-Phase Rectifier GBU Bridge Rectifiers ROHS,GBU808,0.2336,2308,1,Diodes,2026-06-07 09:28:36,2,0.4672
C42406073,hongjiacheng-KBJ410/C42406073,https://www.lcsc.com/datasheet/lcsc_datasheet_2501211645_hongjiacheng-KBJ410_C42406073.pdf,expand,0,2026-07-24 06:07:31,hongjiacheng,KBJ410,KBJ,Bridge Rectifiers,-55℃~+150℃ 1.1V@4A 10uA 135A 1kV 4A Single-Phase Rectifier KBJ Bridge Rectifiers ROHS,KBJ410,0.296,580,1,Diodes,2026-06-07 09:28:36,2,0.592
C42406074,hongjiacheng-GBP310/C42406074,https://www.lcsc.com/datasheet/lcsc_datasheet_2501211645_hongjiacheng-GBP310_C42406074.pdf,expand,0,2026-07-24 06:07:31,hongjiacheng,GBP310,GBP,Bridge Rectifiers,-55℃~+150℃ 1.1V@3A 10uA 1kV 3A 90A Single-Phase Rectifier GBP Bridge Rectifiers ROHS,GBP310,0.1625,1745,1,Diodes,2026-06-07 09:28:36,2,0.325
C42406075,hongjiacheng-GBP410A/C42406075,https://www.lcsc.com/datasheet/lcsc_datasheet_2501211645_hongjiacheng-GBP410A_C42406075.pdf,expand,0,2026-07-24 06:07:31,hongjiacheng,GBP410A,GBP,Bridge Rectifiers,-55℃~+150℃ 1.1V@4A 10uA 135A 1kV 4A Single-Phase Rectifier GBP Bridge Rectifiers ROHS,GBP410A,0.2513,1360,1,Diodes,2026-06-07 09:28:36,2,0.5026
C42413887,hongjiacheng-H36VND3U/C42413887,https://jlc-prod-smt.oss-eu-central-1.aliyuncs.com/smtDataManualFile/8756315720324132864-C42413887.pdf?response-content-disposition=attachment%3B%20filename%3DC42413887.pdf%3B%20filename%2A%3DUTF-8%27%27C42413887.pdf&x-oss-date=20260724T060727Z&x-oss-expires=1800&x-oss-security-token=CAISgAN1q6Ft5B2yfSjIr5rgIuvij5JrwJuYW2uEimMAWf9gvPL9kTz2IHhMdHJsAOodtv0%2FmmhT6PkclqRLcbhpcmfjV%2BZHzLB8qZgSm3pQ4J7b16cNrbH4M4H6aXeirtuwDsz9SNTCALjPD3nPii50x5bjaDymRCbLGJaViJlhHLN1Ow6jdmhpCctxLAlvo9NgFxm3D%2Fu2NQPwiWf9FVdhvhEG6Vly8qOi2MaRmFy8yFTx0b0SvJ%2BjYMrmPctoN9JnSdC5mfdzau3a1TJ84gRD0a5wkaVA1zbDs5bfISEIuUzebreLqY03dV4mOvdqIcMe8qigz88fk%2FfIioH6xyxKOexoSCnFTOiiupCcQLPyao9jLu6iayqViY7QaIOTqQohZmkAMwVOasAsI3Ngh4zF97Qt0cVNkXO9gWfLI8DtuMleWgqhV9sUCnSgc5lCkRRYwGs1287ugXlSQzo890KPDAEovaKCnZ2ZSfh7Y4sNknI6i%2Bfc2Se2MIkIbznnuqKWD5sagAGtgh5Y2Oa6ZbaA%2B9JVuj0bt6%2BEB4np2GpeH5aPDJ365C1x94VR8MBAsunLVkDCOwbLaI26%2BlYsT6J6MwF6C56rtvzgWh3Ad4zFk7zVS3iY6JiVDwCsvcG0wV%2FO2iJlVMhTo8i4V9hWf7ScKyZshBoGtb8Z8xvJnV9r%2Bl8pNfnjbyAA&x-oss-signature-version=OSS4-HMAC-SHA256&x-oss-credential=STS.NYUiQVbMJwYsYM5ncUUpLS7Vs%2F20260724%2Feu-central-1%2Foss%2Faliyun_v4_request&x-oss-signature=14648fbddc655ce47c89f2cc4eae477593fc8178a10216f4731dbc190c837d94,expand,0,2026-07-24 06:07:31,hongjiacheng,H36VND3U,SOD-323,ESD and Surge Protection (TVS/ESD),-55℃~+150℃ 1 300W@8/20us 30pF 36V 45V 500nA 5A@8/20us 60V ESD IEC 61000-4-2、IEC 61000-4-5 Unidirectional SOD-323 ESD and Surge Protection (TVS/ESD) ROHS,单向ESD 36V截止 峰值浪涌电流：5A@8/20us,0.0327,29930,1,Circuit Protection,2026-06-07 09:28:36,5,0.1635
C42413893,hongjiacheng-H5VL10BH/C42413893,https://jlc-prod-smt.oss-eu-central-1.aliyuncs.com/smtDataManualFile/8756315752808747008-C42413893.pdf?response-content-disposition=attachment%3B%20filename%3DC42413893.pdf%3B%20filename%2A%3DUTF-8%27%27C42413893.pdf&x-oss-date=20260724T060729Z&x-oss-expires=1800&x-oss-security-token=CAISgAN1q6Ft5B2yfSjIr5rgIuvij5JrwJuYW2uEimMAWf9gvPL9kTz2IHhMdHJsAOodtv0%2FmmhT6PkclqRLcbhpcmfjV%2BZHzLB8qZgSm3pQ4J7b16cNrbH4M4H6aXeirtuwDsz9SNTCALjPD3nPii50x5bjaDymRCbLGJaViJlhHLN1Ow6jdmhpCctxLAlvo9NgFxm3D%2Fu2NQPwiWf9FVdhvhEG6Vly8qOi2MaRmFy8yFTx0b0SvJ%2BjYMrmPctoN9JnSdC5mfdzau3a1TJ84gRD0a5wkaVA1zbDs5bfISEIuUzebreLqY03dV4mOvdqIcMe8qigz88fk%2FfIioH6xyxKOexoSCnFTOiiupCcQLPyao9jLu6iayqViY7QaIOTqQohZmkAMwVOasAsI3Ngh4zF97Qt0cVNkXO9gWfLI8DtuMleWgqhV9sUCnSgc5lCkRRYwGs1287ugXlSQzo890KPDAEovaKCnZ2ZSfh7Y4sNknI6i%2Bfc2Se2MIkIbznnuqKWD5sagAGtgh5Y2Oa6ZbaA%2B9JVuj0bt6%2BEB4np2GpeH5aPDJ365C1x94VR8MBAsunLVkDCOwbLaI26%2BlYsT6J6MwF6C56rtvzgWh3Ad4zFk7zVS3iY6JiVDwCsvcG0wV%2FO2iJlVMhTo8i4V9hWf7ScKyZshBoGtb8Z8xvJnV9r%2Bl8pNfnjbyAA&x-oss-signature-version=OSS4-HMAC-SHA256&x-oss-credential=STS.NYUiQVbMJwYsYM5ncUUpLS7Vs%2F20260724%2Feu-central-1%2Foss%2Faliyun_v4_request&x-oss-signature=1d0b2fc6d64470b32fa7d92c29fafc3366c664f0002f6e61a2f902672cbdf804,expand,0,2026-07-24 06:07:31,hongjiacheng,H5VL10BH,DFN1006-2L,ESD and Surge Protection (TVS/ESD),-55℃~+150℃ 1 10V 200nA 3.5A@8/20us 36W@8/20us 5.5pF 5V 8V Bidirectional ESD IEC 61000-4-2、IEC 61000-4-5 DFN1006-2L ESD and Surge Protection (TVS/ESD) ROHS,双向ESD 5V截止 峰值浪涌电流：3.5A@8/20us,0.0203,23623,1,Circuit Protection,2026-06-07 09:28:36,5,0.1015
C42413899,hongjiacheng-H5VND5BA/C42413899,https://jlc-prod-smt.oss-eu-central-1.aliyuncs.com/smtDataManualFile/8756315857649704960-C42413899.pdf?response-content-disposition=attachment%3B%20filename%3DC42413899.pdf%3B%20filename%2A%3DUTF-8%27%27C42413899.pdf&x-oss-date=20260724T060729Z&x-oss-expires=1800&x-oss-security-token=CAISgAN1q6Ft5B2yfSjIr5rgIuvij5JrwJuYW2uEimMAWf9gvPL9kTz2IHhMdHJsAOodtv0%2FmmhT6PkclqRLcbhpcmfjV%2BZHzLB8qZgSm3pQ4J7b16cNrbH4M4H6aXeirtuwDsz9SNTCALjPD3nPii50x5bjaDymRCbLGJaViJlhHLN1Ow6jdmhpCctxLAlvo9NgFxm3D%2Fu2NQPwiWf9FVdhvhEG6Vly8qOi2MaRmFy8yFTx0b0SvJ%2BjYMrmPctoN9JnSdC5mfdzau3a1TJ84gRD0a5wkaVA1zbDs5bfISEIuUzebreLqY03dV4mOvdqIcMe8qigz88fk%2FfIioH6xyxKOexoSCnFTOiiupCcQLPyao9jLu6iayqViY7QaIOTqQohZmkAMwVOasAsI3Ngh4zF97Qt0cVNkXO9gWfLI8DtuMleWgqhV9sUCnSgc5lCkRRYwGs1287ugXlSQzo890KPDAEovaKCnZ2ZSfh7Y4sNknI6i%2Bfc2Se2MIkIbznnuqKWD5sagAGtgh5Y2Oa6ZbaA%2B9JVuj0bt6%2BEB4np2GpeH5aPDJ365C1x94VR8MBAsunLVkDCOwbLaI26%2BlYsT6J6MwF6C56rtvzgWh3Ad4zFk7zVS3iY6JiVDwCsvcG0wV%2FO2iJlVMhTo8i4V9hWf7ScKyZshBoGtb8Z8xvJnV9r%2Bl8pNfnjbyAA&x-oss-signature-version=OSS4-HMAC-SHA256&x-oss-credential=STS.NYUiQVbMJwYsYM5ncUUpLS7Vs%2F20260724%2Feu-central-1%2Foss%2Faliyun_v4_request&x-oss-signature=1c774d93a27d9cc3cbfb8812c731fe048db246222884cee5d5dd6e0ddb1651ad,expand,0,2026-07-24 06:07:31,hongjiacheng,H5VND5BA,SOD-523,ESD and Surge Protection (TVS/ESD),-55℃~+125℃ 1 120W@8/20us 15V 200nA 20pF 5V 8A@8/20us 8V Bidirectional ESD IEC 61000-4-2、IEC 61000-4-5 SOD-523 ESD and Surge Protection (TVS/ESD) ROHS,双向ESD 5V截止 峰值浪涌电流：8A@8/20us,0.0316,85223,1,Circuit Protection,2026-06-07 09:28:36,5,0.158
C42413902,hongjiacheng-SM08/C42413902,https://www.lcsc.com/datasheet/lcsc_datasheet_2501211440_hongjiacheng-SM08_C42413902.pdf,expand,0,2026-07-24 06:07:31,hongjiacheng,SM08,SOT-23,ESD and Surge Protection (TVS/ESD),-55℃~+150℃ 1 13.4V 13.4V 15A 1uA 240pF 350W 8V ESD IEC 61000-4-2 Unidirectional SOT-23 ESD and Surge Protection (TVS/ESD) ROHS,单向ESD 8V截止 峰值浪涌电流：15A,0.0308,11276,1,Circuit Protection,2026-06-07 09:28:36,10,0.308
C42413903,hongjiacheng-SM12/C42413903,https://www.lcsc.com/datasheet/lcsc_datasheet_2501211440_hongjiacheng-SM12_C42413903.pdf,expand,0,2026-07-24 06:07:31,hongjiacheng,SM12,SOT-23,ESD and Surge Protection (TVS/ESD),-55℃~+125℃ 1 11A 12V 13.3V 130pF 19V 1uA 350W ESD IEC 61000-4-2 Unidirectional SOT-23 ESD and Surge Protection (TVS/ESD) ROHS,单向ESD 12V截止 峰值浪涌电流：11A,0.0316,5919,1,Circuit Protection,2026-06-07 09:28:36,5,0.158
C42413904,hongjiacheng-SM18/C42413904,https://www.lcsc.com/datasheet/lcsc_datasheet_2501211440_hongjiacheng-SM18_C42413904.pdf,expand,0,2026-07-24 06:07:31,hongjiacheng,SM18,SOT-23,ESD and Surge Protection (TVS/ESD),-55℃~+125℃ 1 100pF 18V 1uA 20V 29V 350W 9A ESD IEC 61000-4-2 Unidirectional SOT-23 ESD and Surge Protection (TVS/ESD) ROHS,单向ESD 18V截止 峰值浪涌电流：9A,0.0423,5267,1,Circuit Protection,2026-06-07 09:28:36,5,0.2115
C42413905,hongjiacheng-SM24/C42413905,https://www.lcsc.com/datasheet/lcsc_datasheet_2501211440_hongjiacheng-SM24_C42413905.pdf,expand,0,2026-07-24 06:07:31,hongjiacheng,SM24,SOT-23,ESD and Surge Protection (TVS/ESD),-55℃~+125℃ 1 1uA 24V 26.7V 350W 43V 7A 80pF ESD IEC 61000-4-2 Unidirectional SOT-23 ESD and Surge Protection (TVS/ESD) ROHS,单向ESD 24V截止 峰值浪涌电流：7A,0.0319,3394,1,Circuit Protection,2026-06-07 09:28:36,10,0.319
C42413906,hongjiacheng-SM36/C42413906,https://www.lcsc.com/datasheet/lcsc_datasheet_2501211440_hongjiacheng-SM36_C42413906.pdf,expand,0,2026-07-24 06:07:31,hongjiacheng,SM36,SOT-23,ESD and Surge Protection (TVS/ESD),-55℃~+125℃ 1 1uA 350W 36V 40V 4A@8/20us 60V 60pF ESD IEC 61000-4-2 Unidirectional SOT-23 ESD and Surge Protection (TVS/ESD) ROHS,单向ESD 36V截止 峰值浪涌电流：5A,0.0327,34238,1,Circuit Protection,2026-06-07 09:28:36,10,0.327
C42432160,ISOMICRON-IS281B_NAXW/C42432160,https://www.lcsc.com/datasheet/lcsc_datasheet_2412311526_ISOMICRON-IS281B-N-AXW_C42432160.pdf,expand,0,2026-07-24 06:07:31,ISOMICRON,IS281B-N-AXW,SSOP-4,"Transistor, Photovoltaic Output Optoisolators","-40℃~+110℃ 1.4V 100mV@1mA,10mA 130% 260% 3.75kV 3us 4us 50mA 60mA 6V 80V DC Phototransistor SSOP-4 Transistor, Photovoltaic Output Optoisolators ROHS",高隔离度光电耦合器,0.0408,4,220,Optoisolators,2026-06-07 09:28:36,222,9.0576
C42432283,ISOMICRON-ICPL_35650CEAXW/C42432283,https://www.lcsc.com/datasheet/lcsc_datasheet_2412311526_ISOMICRON-ICPL-356-50CEAXW_C42432283.pdf,expand,0,2026-07-24 06:07:31,ISOMICRON,ICPL-356-50CEAXW,SOP-4,"Transistor, Photovoltaic Output Optoisolators","-40℃~+110℃ 1.24V 200% 200mV@10mA,1mA 200mW 3.75kV 3us@2mA,100Ω 400% 4us 50mA 60mA 6V 80V DC Phototransistor SOP-4 Transistor, Photovoltaic Output Optoisolators ROHS",硅平面光电晶体管,0.0661,12000,1,Optoisolators,2026-06-07 09:28:36,5,0.3305
C4260,4667-0603WAF6201T5E/C4260,https://www.lcsc.com/datasheet/lcsc_datasheet_2206010230_UNI-ROYAL-Uniroyal-Elec-0603WAF6201T5E_C4260.pdf,base,0,2026-07-24 06:07:31,UNI-ROYAL(Uniroyal Elec),0603WAF6201T5E,0603,Chip Resistor - Surface Mount,-55℃~+155℃ 100mW 6.2kΩ 75V Thick Film Resistor ±1% ±100ppm/℃ 0603 Chip Resistor - Surface Mount ROHS,6.2kΩ ±1% 100mW 厚膜电阻,0.0075,500226,1,Resistors,2026-06-07 09:28:36,20,0.15
C427383,421501-MDD3401/C427383,https://www.lcsc.com/datasheet/lcsc_datasheet_2407101108_MDD-Microdiode-Semiconductor-MDD3401_C427383.pdf,expand,0,2026-07-24 06:07:31,MDD(Microdiode Semiconductor),MDD3401,SOT-23,MOSFETs,-50℃~+150℃ 1 P-Channel 1.2W 30V 4.2A 45mΩ@10V 500mV 53pF 655pF 65pF 8.5nC@15V SOT-23 MOSFETs ROHS,MDD3401,0.0427,148605,1,Transistors/Thyristors,2026-06-07 09:28:36,6,0.2562
C427390,421508-MDD2302/C427390,https://www.lcsc.com/datasheet/lcsc_datasheet_2407101108_MDD-Microdiode-Semiconductor-MDD2302_C427390.pdf,expand,0,2026-07-24 06:07:31,MDD(Microdiode Semiconductor),MDD2302,SOT-23,MOSFETs,-50℃~+150℃ 1 N-channel 1.25W 20V 28mΩ@2.5V 33pF 340pF 4A 5.4nC@10V 500mV SOT-23 MOSFETs ROHS,MDD2302,0.026,168947,1,Transistors/Thyristors,2026-06-07 09:28:36,10,0.26
C427391,421509-MDD2301/C427391,https://www.lcsc.com/datasheet/lcsc_datasheet_2407101108_MDD-Microdiode-Semiconductor-MDD2301_C427391.pdf,expand,0,2026-07-24 06:07:31,MDD(Microdiode Semiconductor),MDD2301,SOT-23,MOSFETs,-50℃~+150℃ 1 P-Channel 20V 3.8A 330pF 33mΩ@4.5V 45pF 50pF 700mV 800pC 900mW SOT-23 MOSFETs ROHS,MDD2301,0.0257,205048,1,Transistors/Thyristors,2026-06-07 09:28:36,10,0.257
C4275,4682-0603WAF750JT5E/C4275,https://www.lcsc.com/datasheet/lcsc_datasheet_2206010216_UNI-ROYAL-Uniroyal-Elec-0603WAF750JT5E_C4275.pdf,base,0,2026-07-24 06:07:31,UNI-ROYAL(Uniroyal Elec),0603WAF750JT5E,0603,Chip Resistor - Surface Mount,-55℃~+155℃ 100mW 75V 75Ω Thick Film Resistor ±1% ±100ppm/℃ 0603 Chip Resistor - Surface Mount ROHS,75Ω ±1% 100mW 厚膜电阻,0.0088,960932,1,Resistors,2026-06-07 09:28:36,20,0.176
C4310,4717-0805W8F1501T5E/C4310,https://www.lcsc.com/datasheet/lcsc_datasheet_2206010216_UNI-ROYAL-Uniroyal-Elec-0805W8F1501T5E_C4310.pdf,base,0,2026-07-24 06:07:31,UNI-ROYAL(Uniroyal Elec),0805W8F1501T5E,0805,Chip Resistor - Surface Mount,-55℃~+155℃ 1.5kΩ 125mW 150V Thick Film Resistor ±1% ±100ppm/℃ 0805 Chip Resistor - Surface Mount ROHS,1.5kΩ ±1% 125mW 厚膜电阻,0.0045,1253622,1,Resistors,2026-06-07 09:28:36,20,0.09
C431710,MDD_Microdiode_Semiconductor-SS8050/C431710,https://www.lcsc.com/datasheet/lcsc_datasheet_2407101112_MDD-Microdiode-Semiconductor-SS8050_C431710.pdf,expand,0,2026-07-24 06:07:31,MDD(Microdiode Semiconductor),SS8050,SOT-23,Bipolar (BJT),-55℃~+150℃ 1 NPN 1.5A 100MHz 100nA 25V 300mW 400 500mV 5V NPN SOT-23 Bipolar (BJT) ROHS,SS8050,0.0159,1359584,1,Transistors/Thyristors,2026-06-07 09:28:36,10,0.159
C4328,4735-0805W8F2002T5E/C4328,https://www.lcsc.com/datasheet/lcsc_datasheet_2206010216_UNI-ROYAL-Uniroyal-Elec-0805W8F2002T5E_C4328.pdf,base,0,2026-07-24 06:07:31,UNI-ROYAL(Uniroyal Elec),0805W8F2002T5E,0805,Chip Resistor - Surface Mount,-55℃~+155℃ 125mW 150V 20kΩ Thick Film Resistor ±1% ±100ppm/℃ 0805 Chip Resistor - Surface Mount ROHS,20kΩ ±1% 125mW 厚膜电阻,0.0121,3171912,1,Resistors,2026-06-07 09:28:36,20,0.242
C4360,4767-0805W8F3602T5E/C4360,https://www.lcsc.com/datasheet/lcsc_datasheet_2206010216_UNI-ROYAL-Uniroyal-Elec-0805W8F3602T5E_C4360.pdf,expand,0,2026-07-24 06:07:31,UNI-ROYAL(Uniroyal Elec),0805W8F3602T5E,0805,Chip Resistor - Surface Mount,-55℃~+155℃ 125mW 150V 36kΩ Thick Film Resistor ±1% ±100ppm/℃ 0805 Chip Resistor - Surface Mount ROHS,36kΩ ±1% 125mW 厚膜电阻,0.014,142378,1,Resistors,2026-06-07 09:28:36,20,0.28
C437156,435414-1N4148WS/C437156,https://www.lcsc.com/datasheet/lcsc_datasheet_2407291942_MDD-Microdiode-Semiconductor-1N4148WS_C437156.pdf,expand,0,2026-07-24 06:07:31,MDD(Microdiode Semiconductor),1N4148WS,SOD-323,Switching Diodes,-55℃~+150℃@(Tj) 1.25V@150mA 100V 150mA 25nA@20V 400mW 4A 4ns Independent SOD-323 Switching Diodes ROHS,1N4148WS,0.0084,1184810,1,Diodes,2026-06-07 09:28:36,20,0.168
C4382,4789-0805W8F5601T5E/C4382,https://www.lcsc.com/datasheet/lcsc_datasheet_2206010216_UNI-ROYAL-Uniroyal-Elec-0805W8F5601T5E_C4382.pdf,base,0,2026-07-24 06:07:31,UNI-ROYAL(Uniroyal Elec),0805W8F5601T5E,0805,Chip Resistor - Surface Mount,-55℃~+155℃ 125mW 150V 5.6kΩ Thick Film Resistor ±1% ±100ppm/℃ 0805 Chip Resistor - Surface Mount ROHS,5.6kΩ ±1% 125mW 厚膜电阻,0.0154,888159,1,Resistors,2026-06-07 09:28:36,20,0.308
C440198,439567-GRM21BR61H106KE43L/C440198,https://www.lcsc.com/datasheet/lcsc_datasheet_2411041759_Murata-Electronics-GRM21BR61H106KE43L_C440198.pdf,base,0,2026-07-24 06:07:31,Murata Electronics,GRM21BR61H106KE43L,0805,Multilayer Ceramic Capacitors MLCC - SMD/SMT,10uF 50V X5R ±10% 0805 Multilayer Ceramic Capacitors MLCC - SMD/SMT ROHS,10uF ±10% 50V,0.2824,2460091,1,Capacitors,2026-06-07 09:28:36,5,1.412
C4410,4817-1206W4F1001T5E/C4410,https://www.lcsc.com/datasheet/lcsc_datasheet_2206010216_UNI-ROYAL-Uniroyal-Elec-1206W4F1001T5E_C4410.pdf,base,0,2026-07-24 06:07:31,UNI-ROYAL(Uniroyal Elec),1206W4F1001T5E,1206,Chip Resistor - Surface Mount,-55℃~+155℃ 1kΩ 200V 250mW Thick Film Resistor ±1% ±100ppm/℃ 1206 Chip Resistor - Surface Mount ROHS,1kΩ ±1% 250mW 厚膜电阻,0.0086,1656562,1,Resistors,2026-06-07 09:28:36,15,0.129
C45783,46786-CL21A226MAQNNNE/C45783,https://www.lcsc.com/datasheet/lcsc_datasheet_2304140030_Samsung-Electro-Mechanics-CL21A226MAQNNNE_C45783.pdf,base,0,2026-07-24 06:07:31,Samsung Electro-Mechanics,CL21A226MAQNNNE,0805,Multilayer Ceramic Capacitors MLCC - SMD/SMT,22uF 25V X5R ±20% 0805 Multilayer Ceramic Capacitors MLCC - SMD/SMT ROHS,22uF ±20% 25V,0.5564,2601042,1,Capacitors,2026-06-07 09:28:36,2,1.1128
C46219,47222-0603CG3R0C500NT/C46219,https://www.lcsc.com/datasheet/lcsc_datasheet_2304140030_FH--Guangdong-Fenghua-Advanced-Tech-0603CG3R0C500NT_C46219.pdf,expand,0,2026-07-24 06:07:31,FH (Guangdong Fenghua Advanced Tech),0603CG3R0C500NT,0603,Multilayer Ceramic Capacitors MLCC - SMD/SMT,3pF 50V C0G 0603 Multilayer Ceramic Capacitors MLCC - SMD/SMT ROHS,±0.25pF 3pF 50V,0.0146,174826,1,Capacitors,2026-06-07 09:28:36,20,0.292
C46653,47657-CL21B102KBCNNNC/C46653,https://www.lcsc.com/datasheet/lcsc_datasheet_2304140030_Samsung-Electro-Mechanics-CL21B102KBCNNNC_C46653.pdf,base,0,2026-07-24 06:07:31,Samsung Electro-Mechanics,CL21B102KBCNNNC,0805,Multilayer Ceramic Capacitors MLCC - SMD/SMT,1nF 50V X7R ±10% 0805 Multilayer Ceramic Capacitors MLCC - SMD/SMT ROHS,1nF ±10% 50V,0.0143,1616549,1,Capacitors,2026-06-07 09:28:36,20,0.286
C47339,48344-CL05A474KP5NNNC/C47339,https://www.lcsc.com/datasheet/lcsc_datasheet_2304140030_Samsung-Electro-Mechanics-CL05A474KP5NNNC_C47339.pdf,expand,0,2026-07-24 06:07:31,Samsung Electro-Mechanics,CL05A474KP5NNNC,0402,Multilayer Ceramic Capacitors MLCC - SMD/SMT,10V 470nF X5R ±10% 0402 Multilayer Ceramic Capacitors MLCC - SMD/SMT ROHS,470nF ±10% 10V,0.0363,329845,1,Capacitors,2026-06-07 09:28:36,20,0.726
C49217,50225-0805F225M500NT/C49217,https://www.lcsc.com/datasheet/lcsc_datasheet_2304140030_FH--Guangdong-Fenghua-Advanced-Tech-0805F225M500NT_C49217.pdf,expand,0,2026-07-24 06:07:31,FH (Guangdong Fenghua Advanced Tech),0805F225M500NT,0805,Multilayer Ceramic Capacitors MLCC - SMD/SMT,2.2uF 50V Y5V ±20% 0805 Multilayer Ceramic Capacitors MLCC - SMD/SMT ROHS,2.2uF ±20% 50V,0.0237,1,378,Capacitors,2026-06-07 09:28:36,386,9.1482
C49678,YAGEO-CC0805KRX7R9BB104/C49678,https://www.lcsc.com/datasheet/lcsc_datasheet_2304140030_YAGEO-CC0805KRX7R9BB104_C49678.pdf,base,0,2026-07-24 06:07:31,YAGEO,CC0805KRX7R9BB104,0805,Multilayer Ceramic Capacitors MLCC - SMD/SMT,100nF 50V X7R ±10% 0805 Multilayer Ceramic Capacitors MLCC - SMD/SMT ROHS,100nF ±10% 50V,0.0321,22830846,1,Capacitors,2026-06-07 09:28:36,20,0.642
C50254,51263-CL31B225KBHNNNE/C50254,https://www.lcsc.com/datasheet/lcsc_datasheet_2304140030_Samsung-Electro-Mechanics-CL31B225KBHNNNE_C50254.pdf,base,0,2026-07-24 06:07:31,Samsung Electro-Mechanics,CL31B225KBHNNNE,1206,Multilayer Ceramic Capacitors MLCC - SMD/SMT,2.2uF 50V X7R ±10% 1206 Multilayer Ceramic Capacitors MLCC - SMD/SMT ROHS,2.2uF ±10% 50V,0.2397,342934,1,Capacitors,2026-06-07 09:28:36,9,2.1573
C5125145,Liown-5KP65CA/C5125145,https://wmsc.lcsc.com/wmsc/upload/file/pdf/v2/lcsc/2312271608_Liown-5KP6-5CA_C5125145.pdf,expand,0,2026-07-24 06:07:31,Liown,5KP6.5CA,P600,ESD and Surge Protection (TVS/ESD),-55℃~+150℃ 11.2V 1mA 455.4A@10/1000us 5kW@10/1000us 6.5V 7.98V Bidirectional IEC 61000-4-2 TVS P600 ESD and Surge Protection (TVS/ESD) ROHS,双向TVS 6.5V截止 峰值浪涌电流：455.4A@10/1000us,0.9166,267,1,Circuit Protection,2026-06-07 09:28:36,2,1.8332
C5126825,FORESEE-F35UQA512MWWT/C5126825,https://wmsc.lcsc.com/wmsc/upload/file/pdf/v2/lcsc/2210121130_FORESEE-F35UQA512M-WWT_C5126825.pdf,expand,0,2026-07-24 06:07:31,FORESEE,F35UQA512M-WWT,WSON-8-EP(6x8),NAND FLASH,"-40℃~+85℃ 1.7V~1.95V 10 Years 100,000 cycles 104MHz 10uA 2ms 350us 512Mbit SPI WSON-8-EP(6x8) NAND FLASH ROHS",停产 512Mb SPI NAND it 1.8V,2.0329,0,5,Memory,2026-06-07 09:28:36,5,10.1645
C51721,52734-0402WGF3901TCE/C51721,https://www.lcsc.com/datasheet/lcsc_datasheet_2206010000_UNI-ROYAL-Uniroyal-Elec-0402WGF3901TCE_C51721.pdf,expand,0,2026-07-24 06:07:31,UNI-ROYAL(Uniroyal Elec),0402WGF3901TCE,0402,Chip Resistor - Surface Mount,-55℃~+155℃ 3.9kΩ 50V 62.5mW Thick Film Resistor ±1% ±100ppm/℃ 0402 Chip Resistor - Surface Mount ROHS,3.9kΩ ±1% 62.5mW 厚膜电阻,0.0012,0,7463,Resistors,2026-06-07 09:28:36,7473,8.9676
C52717,STMicroelectronics-STM8S003F3P6TR/C52717,https://www.lcsc.com/datasheet/lcsc_datasheet_2304140030_STMicroelectronics-STM8S003F3P6TR_C52717.pdf,expand,0,2026-07-24 06:07:31,STMicroelectronics,STM8S003F3P6TR,TSSOP-20,Microcontrollers (MCU/MPU/SOC),-40℃~+85℃ 10bit 128Byte 16 16MHz 1KB 2.95V~5.5V 8 Bit 8KB Built-in FLASH STM8 TSSOP-20 Microcontrollers (MCU/MPU/SOC) ROHS,主流超值系列8位MCU，具有8 KB Flash、16 MHz CPU和集成EEPROM,0.5542,55441,1,Embedded Processors & Controllers,2026-06-07 09:28:36,1,0.5542
C52923,53938-CL05A105KA5NQNC/C52923,https://www.lcsc.com/datasheet/lcsc_datasheet_2304140030_Samsung-Electro-Mechanics-CL05A105KA5NQNC_C52923.pdf,base,0,2026-07-24 06:07:31,Samsung Electro-Mechanics,CL05A105KA5NQNC,0402,Multilayer Ceramic Capacitors MLCC - SMD/SMT,1uF 25V X5R ±10% 0402 Multilayer Ceramic Capacitors MLCC - SMD/SMT ROHS,1uF ±10% 25V,0.0265,14561021,1,Capacitors,2026-06-07 09:28:36,20,0.53
C53134,54150-CL21B473KBCNNNC/C53134,https://www.lcsc.com/datasheet/lcsc_datasheet_2304140030_Samsung-Electro-Mechanics-CL21B473KBCNNNC_C53134.pdf,base,0,2026-07-24 06:07:31,Samsung Electro-Mechanics,CL21B473KBCNNNC,0805,Multilayer Ceramic Capacitors MLCC - SMD/SMT,47nF 50V X7R ±10% 0805 Multilayer Ceramic Capacitors MLCC - SMD/SMT ROHS,47nF ±10% 50V,0.0111,249253,1,Capacitors,2026-06-07 09:28:36,20,0.222
C5377,MDD_Microdiode_Semiconductor-DB107S/C5377,https://www.lcsc.com/datasheet/lcsc_datasheet_2407101125_MDD-Microdiode-Semiconductor-DB107S_C5377.pdf,expand,0,2026-07-24 06:07:31,MDD(Microdiode Semiconductor),DB107S,DBS,Bridge Rectifiers,-55℃~+150℃ 1.1V@1A 10uA@1kV 1A 1kV 30A Single-Phase Rectifier DBS Bridge Rectifiers ROHS,DB107S,0.0682,358571,1,Diodes,2026-06-07 09:28:36,5,0.341
C5378,5810-CL21B224KBFNNNE/C5378,https://www.lcsc.com/datasheet/lcsc_datasheet_2304140030_Samsung-Electro-Mechanics-CL21B224KBFNNNE_C5378.pdf,base,0,2026-07-24 06:07:31,Samsung Electro-Mechanics,CL21B224KBFNNNE,0805,Multilayer Ceramic Capacitors MLCC - SMD/SMT,220nF 50V X7R ±10% 0805 Multilayer Ceramic Capacitors MLCC - SMD/SMT ROHS,220nF ±10% 50V,0.0245,774337,1,Capacitors,2026-06-07 09:28:36,20,0.49
C53987,55004-0603B472K500NT/C53987,https://www.lcsc.com/datasheet/lcsc_datasheet_2304140030_FH--Guangdong-Fenghua-Advanced-Tech-0603B472K500NT_C53987.pdf,base,0,2026-07-24 06:07:31,FH (Guangdong Fenghua Advanced Tech),0603B472K500NT,0603,Multilayer Ceramic Capacitors MLCC - SMD/SMT,4.7nF 50V X7R ±10% 0603 Multilayer Ceramic Capacitors MLCC - SMD/SMT ROHS,4.7nF ±10% 50V,0.0215,1805145,1,Capacitors,2026-06-07 09:28:36,20,0.43
C5446,TorexSemicon-XC6206P332MRG/C5446,https://www.lcsc.com/datasheet/lcsc_datasheet_2304140030_Torex-Semicon-XC6206P332MR-G_C5446.pdf,base,0,2026-07-24 06:07:31,Torex Semicon,XC6206P332MR-G,SOT-23-3L,"Voltage Regulators - Linear, Low Drop Out (LDO) Regulators","-40℃~+85℃@(Ta) 1 1uA 200mA 3.3V 6V Fixed Over Current Protection Positive SOT-23-3L Voltage Regulators - Linear, Low Drop Out (LDO) Regulators ROHS",3.3V 200mA 6V,0.1325,500757,1,Power Management (PMIC),2026-06-07 09:28:36,5,0.6625
C5590,Nexperia-74HC04D653/C5590,https://www.lcsc.com/datasheet/lcsc_datasheet_2407241044_Nexperia-74HC04D-653_C5590.pdf,expand,0,2026-07-24 06:07:31,Nexperia,"74HC04D,653",SOIC-14,Inverters,"-40℃~+125℃ 1 1.5V~4.2V 1.9V、3.7V、5.2V 100mV、400mV、400mV 14ns@6V,50pF 2V~6V 2uA 5.2mA 5.2mA 500mV~1.8V 6 74HC SOIC-14 Inverters ROHS",六路反相器,0.1468,44526,1,Logic,2026-06-07 09:28:36,1,0.1468
C5593,Nexperia-74HC08D653/C5593,https://www.lcsc.com/datasheet/lcsc_datasheet_2407241044_Nexperia-74HC08D-653_C5593.pdf,expand,0,2026-07-24 06:07:31,Nexperia,"74HC08D,653",SOIC-14,Logic Gates,"-40℃~+125℃ 1.5V~4.2V 1.9V、3.7V、5.2V 100mV、400mV 2 27ns@4.5V,50pF 2V~6V 2uA 4 5.2mA 5.2mA 500mV~1.8V 74HC Series AND Gate SOIC-14 Logic Gates ROHS",四路二输入与门,0.1558,25010,1,Logic,2026-06-07 09:28:36,1,0.1558
C5605,Nexperia-74HC14D653/C5605,https://www.lcsc.com/datasheet/lcsc_datasheet_2407241044_Nexperia-74HC14D-653_C5605.pdf,base,0,2026-07-24 06:07:31,Nexperia,"74HC14D,653",SOIC-14,Inverters,"-40℃~+125℃ 1 1.5V~4.2V 21ns@6V,50pF 2V~6V 2uA 300mV~1.2V 5.2mA 5.2mA 6 74HC Schmitt trigger SOIC-14 Inverters ROHS",六路施密特触发反相器,0.1188,365505,1,Logic,2026-06-07 09:28:36,1,0.1188
C5613,Nexperia-74HC165D653/C5613,https://www.lcsc.com/datasheet/lcsc_datasheet_2407241044_Nexperia-74HC165D-653_C5613.pdf,expand,0,2026-07-24 06:07:31,Nexperia,"74HC165D,653",SOIC-16,Shift Registers,"-40℃~+125℃ 1 28ns@6V,50pF 2V~6V 35MHz 500mW 74HC 8 Parallel or Serial to Serial SOIC-16 Shift Registers ROHS",补充型输出 并行或串行至串行移位寄存器,0.1785,35888,1,Logic,2026-06-07 09:28:36,1,0.1785
C5625,Nexperia-74HC245D653/C5625,https://www.lcsc.com/datasheet/lcsc_datasheet_2407241044_Nexperia-74HC245D-653_C5625.pdf,expand,0,2026-07-24 06:07:31,Nexperia,"74HC245D,653",SOIC-20-300mil,"Buffers, Drivers, Receivers, Transceivers","-40℃~+125℃ 1 160uA 2V~6V 7.8mA 7.8mA 74HC 8 9ns@4.5V,50pF Bidirectional Tri-State SOIC-20-300mil Buffers, Drivers, Receivers, Transceivers ROHS",三态输出，八路总线收发器,0.2584,29066,1,Logic,2026-06-07 09:28:36,1,0.2584
C5672,6131-CL31A226KPHNNNE/C5672,https://www.lcsc.com/datasheet/lcsc_datasheet_1810221121_Samsung-Electro-Mechanics-CL31A226KPHNNNE_C5672.pdf,expand,0,2026-07-24 06:07:31,Samsung Electro-Mechanics,CL31A226KPHNNNE,1206,Multilayer Ceramic Capacitors MLCC - SMD/SMT,10V 22uF X5R ±10% 1206 Multilayer Ceramic Capacitors MLCC - SMD/SMT ROHS,22uF ±10% 10V,0.1431,136556,1,Capacitors,2026-06-07 09:28:36,9,1.2879
C57112,58143-0603B103K500NT/C57112,https://www.lcsc.com/datasheet/lcsc_datasheet_2304140030_FH--Guangdong-Fenghua-Advanced-Tech-0603B103K500NT_C57112.pdf,base,0,2026-07-24 06:07:31,FH (Guangdong Fenghua Advanced Tech),0603B103K500NT,0603,Multilayer Ceramic Capacitors MLCC - SMD/SMT,10nF 50V X7R ±10% 0603 Multilayer Ceramic Capacitors MLCC - SMD/SMT ROHS,10nF ±10% 50V,0.0034,6439592,1,Capacitors,2026-06-07 09:28:36,20,0.068
C58069,STMicroelectronics-L78M05ABDTTR/C58069,https://www.lcsc.com/datasheet/lcsc_datasheet_2307281528_STMicroelectronics-L78M05ABDT-TR_C58069.pdf,base,0,2026-07-24 06:07:31,STMicroelectronics,L78M05ABDT-TR,TO-252-2(DPAK),"Voltage Regulators - Linear, Low Drop Out (LDO) Regulators","-40℃~+125℃@(Tj) 1 2V@(350mA) 35V 40uV 500mA 5V 62dB@(120Hz) 6mA Fixed Over Temperature Protection、Short Circuit Protection Positive TO-252-2(DPAK) Voltage Regulators - Linear, Low Drop Out (LDO) Regulators ROHS",5V 500mA 35V,0.2215,116834,1,Power Management (PMIC),2026-06-07 09:28:36,2,0.443
C59461,60514-CL10A226MQ8NRNC/C59461,https://www.lcsc.com/datasheet/lcsc_datasheet_2304140030_Samsung-Electro-Mechanics-CL10A226MQ8NRNC_C59461.pdf,base,0,2026-07-24 06:07:31,Samsung Electro-Mechanics,CL10A226MQ8NRNC,0603,Multilayer Ceramic Capacitors MLCC - SMD/SMT,22uF 6.3V X5R ±20% 0603 Multilayer Ceramic Capacitors MLCC - SMD/SMT ROHS,22uF ±20% 6.3V,0.0405,5328500,1,Capacitors,2026-06-07 09:28:36,20,0.81
C5947,Nexperia-74HC595D118/C5947,https://www.lcsc.com/datasheet/lcsc_datasheet_2407241044_Nexperia-74HC595D-118_C5947.pdf,base,0,2026-07-24 06:07:31,Nexperia,"74HC595D,118",SOIC-16,Shift Registers,"-40℃~+125℃ 1 100MHz 19ns@4.5V,50pF 2V~6V 74HC 8 Serial-to-Serial or Parallel Tri-State SOIC-16 Shift Registers ROHS",三态输出 串行至串行或并行移位寄存器,0.1281,194788,1,Logic,2026-06-07 09:28:36,1,0.1281
C61063,XLSEMI-XL1509_50E1/C61063,https://www.lcsc.com/datasheet/lcsc_datasheet_2304140030_XLSEMI-XL1509-5-0E1_C61063.pdf,base,0,2026-07-24 06:07:31,XLSEMI,XL1509-5.0E1,SOIC-8,DC-DC Converters,-40℃~+85℃ 1 150kHz 2A 2mA 4.5V~40V 5V Buck Buck Built-in Fixed No SOIC-8 DC-DC Converters ROHS,降压型 2A 4.5V~40V,0.2317,237887,1,Power Management (PMIC),2026-06-07 09:28:36,1,0.2317
C6186,Advanced_MonolithicSystems-AMS1117_33/C6186,https://www.lcsc.com/datasheet/lcsc_datasheet_2410121508_Advanced-Monolithic-Systems-AMS1117-3-3_C6186.pdf,base,0,2026-07-24 06:07:31,Advanced Monolithic Systems,AMS1117-3.3,SOT-223,"Voltage Regulators - Linear, Low Drop Out (LDO) Regulators","-40℃~+125℃ 0.003%Vout 1 1.1V@(800mA) 15V 1A 3.3V 5mA 72dB@(120Hz) Fixed Over Current Protection、Short Circuit Protection、Thermal shutdown Positive SOT-223 Voltage Regulators - Linear, Low Drop Out (LDO) Regulators ROHS",3.3V 1A 15V,0.1983,1386481,1,Power Management (PMIC),2026-06-07 09:28:36,2,0.3966
C6187,Advanced_MonolithicSystems-AMS1117_50/C6187,https://www.lcsc.com/datasheet/lcsc_datasheet_2410121532_Advanced-Monolithic-Systems-AMS1117-5-0_C6187.pdf,base,0,2026-07-24 06:07:31,Advanced Monolithic Systems,AMS1117-5.0,SOT-223,"Voltage Regulators - Linear, Low Drop Out (LDO) Regulators","-40℃~+125℃ 1 1.3V 15V 1A 5V 60dB Fixed Positive Short Circuit Protection、Thermal shutdown SOT-223 Voltage Regulators - Linear, Low Drop Out (LDO) Regulators ROHS",5V 1A 15V,0.2368,148667,1,Power Management (PMIC),2026-06-07 09:28:36,5,1.184
C6482,MicrochipTech-AT24C256C_SSHLT/C6482,https://www.lcsc.com/datasheet/lcsc_datasheet_2304140030_Microchip-Tech-AT24C256C-SSHL-T_C6482.pdf,expand,0,2026-07-24 06:07:31,Microchip Tech,AT24C256C-SSHL-T,SOIC-8,EEPROM,"-40℃~+85℃ 1,000,000 cycles 1.7V~5.5V 1MHz 256Kbit 40 Years 5ms Hardware write protection function、Noise suppression function I2C SOIC-8 EEPROM ROHS",兼容I2C（两线制）的串行EEPROM,0.3757,97936,1,Memory,2026-06-07 09:28:36,1,0.3757
C64885,MDD_Microdiode_Semiconductor-B5819W/C64885,https://www.lcsc.com/datasheet/lcsc_datasheet_2407291648_MDD-Microdiode-Semiconductor-B5819W_C64885.pdf,expand,0,2026-07-24 06:07:31,MDD(Microdiode Semiconductor),B5819W,SOD-123,Schottky Diodes,-55℃~+125℃ 1.5A 1mA@40V 25A 40V 600mV@1A Standalone SOD-123 Schottky Diodes ROHS,B5819W,0.0192,686268,1,Diodes,2026-06-07 09:28:36,15,0.288
C64886,MDD_Microdiode_Semiconductor-B5819WS/C64886,https://www.lcsc.com/datasheet/lcsc_datasheet_2407291648_MDD-Microdiode-Semiconductor-B5819WS_C64886.pdf,expand,0,2026-07-24 06:07:31,MDD(Microdiode Semiconductor),B5819WS,SOD-323,Schottky Diodes,-55℃~+125℃ 1A 1mA@40V 25A 40V 900mV@3A Independent SOD-323 Schottky Diodes ROHS,B5819WS,0.0255,772993,1,Diodes,2026-06-07 09:28:36,20,0.51
C64898,65968-SM4007PL/C64898,https://www.lcsc.com/datasheet/lcsc_datasheet_2407101127_MDD-Microdiode-Semiconductor-SM4007PL_C64898.pdf,base,0,2026-07-24 06:07:31,MDD(Microdiode Semiconductor),SM4007PL,SOD-123FL,Diodes - General Purpose,-55℃~+150℃ 1.1V@1A 10uA@1kV 1A 1kV 25A Independent SOD-123FL Diodes - General Purpose ROHS,SM4007PL,0.0083,6772552,1,Diodes,2026-06-07 09:28:36,20,0.166
C6521,TexasInstruments-CD4052BM96/C6521,https://www.lcsc.com/datasheet/lcsc_datasheet_2304140030_Texas-Instruments-CD4052BM96_C6521.pdf,expand,0,2026-07-24 06:07:31,Texas Instruments,CD4052BM96,SOIC-16,"Analog Switches, Multiplexers","-55℃~+125℃ 125Ω 18pF 2 25MHz 320ns 3V~20V 4:1 SOIC-16 Analog Switches, Multiplexers ROHS",CD4052B CMOS模拟多路复用器/解复用器,0.2826,75606,1,Interface,2026-06-07 09:28:36,1,0.2826
C6568,SKYWORKS_SILICONLABS-CP2102GMR/C6568,https://www.lcsc.com/datasheet/lcsc_datasheet_1811081920_SKYWORKS-SILICON-LABS-CP2102-GMR_C6568.pdf,expand,0,2026-07-24 06:07:31,SKYWORKS/SILICON LABS,CP2102-GMR,WQFN-28-EP(5x5),USB Converters,-40℃~+85℃ 1Mbps 20mA 3V~3.6V 80uA Transceiver USB 2.0 WQFN-28-EP(5x5) USB Converters ROHS,单芯片USB转UART桥接器,2.194,44582,1,Interface,2026-06-07 09:28:36,1,2.194
C6749,7216-S9013_J3_RANGE_200_350/C6749,https://www.lcsc.com/datasheet/lcsc_datasheet_1810051504_Jiangsu-Changjing-Electronics-Technology-Co---Ltd--S9013-J3-RANGE-200-350_C6749.pdf,base,0,2026-07-24 06:07:31,"Jiangsu Changjing Electronics Technology Co., Ltd.",S9013 J3(RANGE:200-350),SOT-23,Bipolar (BJT),-55℃~+150℃ 1 NPN 100nA 120 150MHz 25V 300mW 500mA 5V 600mV NPN SOT-23 Bipolar (BJT) ROHS,S9013 J3(RANGE:200-350),0.0183,493952,1,Transistors/Thyristors,2026-06-07 09:28:36,10,0.183
C68035,TDK-MLF2012C101KT000/C68035,https://www.lcsc.com/datasheet/lcsc_datasheet_1810162253_TDK-MLF2012C101KT000_C68035.pdf,expand,0,2026-07-24 06:07:31,TDK,MLF2012C101KT000,0805,Inductors (SMD),100uH 2.5Ω 25@1MHz 2mA 7MHz ±10% 0805 Inductors (SMD) ROHS,100uH ±10%,0.0748,67221,1,"Inductors, Coils, Chokes",2026-06-07 09:28:36,5,0.374
C6847463,MicronTech-MT25QU512ABB8E120AUT/C6847463,,expand,0,2026-07-24 06:07:31,Micron Tech,MT25QU512ABB8E12-0AUT,FBGA-24,NOR FLASH,"-40℃~+125℃ 1.7V~2V 100,000 cycles 133MHz 15uA 20 Years 512Mbit SPI FBGA-24 NOR FLASH ROHS",多I/O串行闪存，支持单双传输速率，具备多种功能和安全特性,24.3864,0,1,Memory,2026-06-07 09:28:36,1,24.3864
C6855,MaxLinear-SP485EEN_LTR/C6855,https://www.lcsc.com/datasheet/lcsc_datasheet_2304140030_MaxLinear-SP485EEN-L-TR_C6855.pdf,base,0,2026-07-24 06:07:31,MaxLinear,SP485EEN-L/TR,SOIC-8,RS-485 / RS-422 ICs,-40℃~+85℃ 1 1 10Mbps 4.75V~5.25V 900uA Half-Duplex Transceiver ±15kV SOIC-8 RS-485 / RS-422 ICs ROHS,增强型低功耗半双工 RS-485 收发器,0.2649,161970,1,Interface,2026-06-07 09:28:36,1,0.2649
C68978,70091-BAV70/C68978,https://www.lcsc.com/datasheet/lcsc_datasheet_2304140030_Jiangsu-Changjing-Electronics-Technology-Co---Ltd--BAV70_C68978.pdf,base,0,2026-07-24 06:07:31,"Jiangsu Changjing Electronics Technology Co., Ltd.",BAV70,SOT-23,Switching Diodes,-55℃~+150℃ 1 Pair Common Cathode 1.25V@150mA 2.5uA@70V 200mA 225mW 2A 6ns 70V SOT-23 Switching Diodes ROHS,BAV70,0.0162,380182,1,Diodes,2026-06-07 09:28:36,10,0.162
C6952,NXPSemicon-TJA1050T_CM118/C6952,https://www.nxp.com/docs/en/data-sheet/TJA1050.pdf,expand,0,2026-07-24 06:07:31,NXP Semicon,"TJA1050T/CM,118",SOP-8,CAN Transceivers,1Mbps 4.75V~5.25V 50mA CAN Transceiver SOP-8 CAN Transceivers ROHS,4.75V~5.25V,0.9698,190677,1,Interface,2026-06-07 09:28:36,1,0.9698
C6961,STMicroelectronics-TL072CDT/C6961,https://www.lcsc.com/datasheet/lcsc_datasheet_1809051915_STMicroelectronics-TL072CDT_C6961.pdf,base,0,2026-07-24 06:07:31,STMicroelectronics,TL072CDT,SO-8,FET Input Amplifiers,0℃~+70℃ 1.4mA 10uV/℃ 15nV/√Hz@1kHz 16V/us 2 20pA 36V 3mV 40mA 4MHz 5pA 6V~36V 86dB SO-8 FET Input Amplifiers ROHS,低噪声JFET双运算放大器,0.1616,247293,1,Amplifiers/Comparators,2026-06-07 09:28:36,1,0.1616
C7063,TexasInstruments-SN75176BDR/C7063,https://www.lcsc.com/datasheet/lcsc_datasheet_1809151932_Texas-Instruments-SN75176BDR_C7063.pdf,expand,0,2026-07-24 06:07:31,Texas Instruments,SN75176BDR,SOIC-8,RS-485 / RS-422 ICs,0℃~+70℃ 1 1 4.75V~5.25V Transceiver SOIC-8 RS-485 / RS-422 ICs ROHS,SN75176B 差分总线收发器,0.2161,89499,1,Interface,2026-06-07 09:28:36,1,0.2161
C71035,STMicroelectronics-LM324DT/C71035,https://www.lcsc.com/datasheet/lcsc_datasheet_1809051220_STMicroelectronics-LM324DT_C71035.pdf,base,0,2026-07-24 06:07:31,STMicroelectronics,LM324DT,SOIC-14,Operational Amplifier,-15V~-1.5V、1.5V~15V 0℃~+70℃ 1.2mA 1.3MHz 200pA/℃ 20V/us 20nA 300nA 30V 30uV/℃ 3V~30V 4 40nV/√Hz@1kHz 5mV 70mA 80dB SOIC-14 Operational Amplifier ROHS,低功耗四路运算放大器,0.1792,47341,1,Amplifiers/Comparators,2026-06-07 09:28:36,1,0.1792
C71136,UTC_Unisonic_Tech-78L05G_AB3R/C71136,https://www.lcsc.com/datasheet/lcsc_datasheet_2304140030_UTC-Unisonic-Tech-78L05G-AB3-R_C71136.pdf,base,0,2026-07-24 06:07:31,UTC(Unisonic Tech),78L05G-AB3-R,SOT-89-3,"Voltage Regulators - Linear, Low Drop Out (LDO) Regulators","-40℃~+85℃ 1 1.7V@(40mA) 100mA 2mA 30V 40uV 5V 80dB@(120Hz) Fixed Over Current Protection、Short Circuit Protection、Thermal Shutdown Positive SOT-89-3 Voltage Regulators - Linear, Low Drop Out (LDO) Regulators ROHS",5V 100mA 30V,0.0993,199643,1,Power Management (PMIC),2026-06-07 09:28:36,5,0.4965
C7171,-TAJA106K016RNJ/C7171,https://www.lcsc.com/datasheet/lcsc_datasheet_2304140030_Kyocera-AVX-TAJA106K016RNJ_C7171.pdf,base,0,2026-07-24 06:07:31,--,TAJA106K016RNJ,CASE-A-3216-18(mm),Tantalum Capacitors,-55℃~+125℃ 10uF 16V 3Ω@100kHz ±10% CASE-A-3216-18(mm) Tantalum Capacitors ROHS,10uF ±10% 16V,0.1919,947272,1,Capacitors,2026-06-07 09:28:36,5,0.9595
C719499,FORESEE-FEMDRM008G58A39/C719499,https://wmsc.lcsc.com/wmsc/upload/file/pdf/v2/lcsc/2211030130_FORESEE-FEMDRM008G-58A39_C719499.pdf,expand,0,2026-07-24 06:07:31,FORESEE,FEMDRM008G-58A39,FBGA-153,eMMC,-25℃~+85℃ 1.7V~1.95V、2.7V~3.6V 105MB/S 120uA 2.7V~3.6V 230MB/S 50uA 8GB eMMC 5.1 FBGA-153 eMMC ROHS,工业级 工规级 工业级 eMMC,6.7317,0,2,Memory,2026-06-07 09:28:36,2,13.4634
C720477,XUNPU-TS_1088AR02016/C720477,https://www.lcsc.com/datasheet/lcsc_datasheet_2304140030_XUNPU-TS-1088-AR02016_C720477.pdf,base,0,2026-07-24 06:07:31,XUNPU,TS-1088-AR02016,"SMD,4x3mm",Tactile Switches,"-30℃~+80℃ 1.6N 100,000 cycles 12V 2mm 3.9mm 3mm 50mA Black Round Button SMD(SMT) Tab SPST Surface Mount,Vertical Without Bracket SMD,4x3mm Tactile Switches ROHS",3.9*3*2mm 立贴 轻触开关,0.0551,901653,1,Switches,2026-06-07 09:28:36,5,0.2755
C7250,7726-0603WAF1005T5E/C7250,https://www.lcsc.com/datasheet/lcsc_datasheet_2206010216_UNI-ROYAL-Uniroyal-Elec-0603WAF1005T5E_C7250.pdf,base,0,2026-07-24 06:07:31,UNI-ROYAL(Uniroyal Elec),0603WAF1005T5E,0603,Chip Resistor - Surface Mount,-55℃~+155℃ 100mW 10MΩ 75V Thick Film Resistor ±1% ±100ppm/℃ 0603 Chip Resistor - Surface Mount ROHS,10MΩ ±1% 100mW 厚膜电阻,0.0076,131209,1179,Resistors,2026-06-07 09:28:36,1189,9.0364
C7377,MicrochipTech-MCP6002T_ISN/C7377,https://www.lcsc.com/datasheet/lcsc_datasheet_2304140030_Microchip-Tech-MCP6002T-I-SN_C7377.pdf,expand,0,2026-07-24 06:07:31,Microchip Tech,MCP6002T-I/SN,SOIC-8,Operational Amplifier,"-40℃~+125℃ 1.8V~6V 100uA 1MHz 1pA 1pA 2 23mA 28nV/√Hz@1kHz 2uV/℃ 4.5mV 600V/ms 76dB 7V Rail-to-Rail Input, Rail-to-Rail Output SOIC-8 Operational Amplifier ROHS",1 MHz 低功耗运算放大器,0.2989,65380,1,Amplifiers/Comparators,2026-06-07 09:28:36,1,0.2989
C74192,XLSEMI-XL1509ADJE1/C74192,https://www.lcsc.com/datasheet/lcsc_datasheet_2304140030_XLSEMI-XL1509-ADJE1_C74192.pdf,expand,0,2026-07-24 06:07:31,XLSEMI,XL1509-ADJE1,SOIC-8,DC-DC Converters,-40℃~+85℃ 1 1.23V~37V 127kHz~173kHz 2A 2mA 4.5V~40V Adjustable Buck Buck Built-in No SOIC-8 DC-DC Converters ROHS,降压型 2A 4.5V~40V,0.2715,129464,1,Power Management (PMIC),2026-06-07 09:28:36,1,0.2715
C7420316,hongjiacheng-SS14/C7420316,https://wmsc.lcsc.com/wmsc/upload/file/pdf/v2/lcsc/2308281514_hongjiacheng-SS14_C7420316.pdf,expand,0,2026-07-24 06:07:31,hongjiacheng,SS14,SMA_DO-214AC,Schottky Diodes,-55℃~+150℃ 1A 200uA@40V 30A 40V 550mV@1A Independent SMA(DO-214AC) Schottky Diodes ROHS,SS14,0.0202,396062,1,Diodes,2026-06-07 09:28:36,5,0.101
C7420317,hongjiacheng-US1M/C7420317,https://wmsc.lcsc.com/wmsc/upload/file/pdf/v2/lcsc/2308281514_hongjiacheng-US1M_C7420317.pdf,expand,0,2026-07-24 06:07:31,hongjiacheng,US1M,SMA(DO-214AC),Fast Recovery / High Efficiency Diodes,-55℃~+150℃ 1 Independent 1.7V@1A 1A 1kV 2uA@1000V 30A 75ns SMA(DO-214AC) Fast Recovery / High Efficiency Diodes ROHS,US1M,0.0151,240253,1,Diodes,2026-06-07 09:28:36,20,0.302
C7420318,hongjiacheng-1N4148W/C7420318,https://wmsc.lcsc.com/wmsc/upload/file/pdf/v2/lcsc/2308281515_hongjiacheng-1N4148W_C7420318.pdf,expand,0,2026-07-24 06:07:31,hongjiacheng,1N4148W,SOD-123,Switching Diodes,-55℃~+150℃ 1.25V@150mA 100V 150mA 1uA@75V 2A 400mW 4ns Independent SOD-123 Switching Diodes ROHS,1N4148W,0.0076,674774,1,Diodes,2026-06-07 09:28:36,15,0.114
C7420319,hongjiacheng-1N4148WS/C7420319,https://wmsc.lcsc.com/wmsc/upload/file/pdf/v2/lcsc/2402281642_hongjiacheng-1N4148WS_C7420319.pdf,expand,0,2026-07-24 06:07:31,hongjiacheng,1N4148WS,SOD-323,Switching Diodes,-55℃~+150℃ 1.25V@150mA 100V 150mA 1uA@75V 200mW 2A 4ns Independent SOD-323 Switching Diodes ROHS,1N4148WS,0.0108,324462,1,Diodes,2026-06-07 09:28:36,20,0.216
C7420320,hongjiacheng-1N4148WT/C7420320,https://wmsc.lcsc.com/wmsc/upload/file/pdf/v2/lcsc/2311171118_hongjiacheng-1N4148WT_C7420320.pdf,expand,0,2026-07-24 06:07:31,hongjiacheng,1N4148WT,SOD-523,Switching Diodes,-55℃~+150℃ 1.25V@150mA 100V 150mA 150mW 1uA@75V 2A 4ns Independent SOD-523 Switching Diodes ROHS,1N4148WT,0.0125,2260565,1,Diodes,2026-06-07 09:28:36,20,0.25
C7420321,hongjiacheng-2N7002/C7420321,https://wmsc.lcsc.com/wmsc/upload/file/pdf/v2/lcsc/2401161055_hongjiacheng-2N7002_C7420321.pdf,expand,0,2026-07-24 06:07:31,hongjiacheng,2N7002,SOT-23,MOSFETs,-55℃~+150℃ 1 N-channel 1.6V 1.6nC@10V 115mA 225mW 25pF 50pF 5pF 60V 900mΩ@10V N-Channel SOT-23 MOSFETs ROHS,2N7002,0.021,4083,1,Transistors/Thyristors,2026-06-07 09:28:36,10,0.21
C7420322,hongjiacheng-2N7002W/C7420322,https://wmsc.lcsc.com/wmsc/upload/file/pdf/v2/lcsc/2407101112_hongjiacheng-2N7002W_C7420322.pdf,expand,0,2026-07-24 06:07:31,hongjiacheng,2N7002W,SOT-323,MOSFETs,-55℃~+150℃ 1 N-channel 1.6V 115mA 200mW 25pF 50pF 5pF 60V 900mΩ@10V N-Channel SOT-323 MOSFETs ROHS,2N7002W,0.0216,522015,1,Transistors/Thyristors,2026-06-07 09:28:36,10,0.216
C7420323,hongjiacheng-2SA812/C7420323,https://wmsc.lcsc.com/wmsc/upload/file/pdf/v2/lcsc/2312221203_hongjiacheng-2SA812_C7420323.pdf,expand,0,2026-07-24 06:07:31,hongjiacheng,2SA812,SOT-23,Bipolar (BJT),-55℃~+150℃ 1 PNP 100mA 100nA 180MHz 200mW 300mV 50V 5V 90 PNP SOT-23 Bipolar (BJT) ROHS,2SA812,0.0134,35660,1,Transistors/Thyristors,2026-06-07 09:28:36,10,0.134
C7420324,hongjiacheng-2SC1623/C7420324,https://wmsc.lcsc.com/wmsc/upload/file/pdf/v2/lcsc/2312221203_hongjiacheng-2SC1623_C7420324.pdf,expand,0,2026-07-24 06:07:31,hongjiacheng,2SC1623,SOT-23,Bipolar (BJT),-55℃~+150℃ 1 NPN 100mA 100nA 135 200mW 250MHz 300mV 50V 5V NPN SOT-23 Bipolar (BJT) ROHS,2SC1623,0.0125,182917,1,Transistors/Thyristors,2026-06-07 09:28:36,10,0.125
C7420325,hongjiacheng-B0540W/C7420325,https://wmsc.lcsc.com/wmsc/upload/file/pdf/v2/lcsc/2308281514_hongjiacheng-B0540W_C7420325.pdf,expand,0,2026-07-24 06:07:31,hongjiacheng,B0540W,SOD-123,Schottky Diodes,-55℃~+125℃ 1 Independent 20uA@40V 40V 5.5A 500mA 510mV@500mA SOD-123 Schottky Diodes ROHS,B0540W,0.0143,156331,1,Diodes,2026-06-07 09:28:36,20,0.286
C7420326,hongjiacheng-B0540WS/C7420326,https://wmsc.lcsc.com/wmsc/upload/file/pdf/v2/lcsc/2308281514_hongjiacheng-B0540WS_C7420326.pdf,expand,0,2026-07-24 06:07:31,hongjiacheng,B0540WS,SOD-323,Schottky Diodes,-55℃~+125℃ 1 Independent 20uA@40V 40V 5.5A 500mA 510mV@500mA SOD-323 Schottky Diodes ROHS,B0540WS,0.0191,689971,1,Diodes,2026-06-07 09:28:36,20,0.382
C7420327,hongjiacheng-B16WS/C7420327,https://wmsc.lcsc.com/wmsc/upload/file/pdf/v2/lcsc/2308281514_hongjiacheng-B16WS_C7420327.pdf,expand,0,2026-07-24 06:07:31,hongjiacheng,B16WS,SOD-323,Schottky Diodes,-55℃~+150℃ 100uA@60V 10A 1A 60V 700mV@1A Independent SOD-323 Schottky Diodes ROHS,B16WS,0.0221,523288,1,Diodes,2026-06-07 09:28:36,20,0.442
C7420328,hongjiacheng-B5817W/C7420328,https://wmsc.lcsc.com/wmsc/upload/file/pdf/v2/lcsc/2308281514_hongjiacheng-B5817W_C7420328.pdf,expand,0,2026-07-24 06:07:31,hongjiacheng,B5817W,SOD-123,Schottky Diodes,-55℃~+150℃ 1A 1mA@20V 20V 450mV@1A Independent SOD-123 Schottky Diodes ROHS,B5817W,0.0176,645061,1,Diodes,2026-06-07 09:28:36,20,0.352
C7420329,hongjiacheng-B5817WS/C7420329,https://wmsc.lcsc.com/wmsc/upload/file/pdf/v2/lcsc/2308281514_hongjiacheng-B5817WS_C7420329.pdf,expand,0,2026-07-24 06:07:31,hongjiacheng,B5817WS,SOD-323,Schottky Diodes,-55℃~+150℃ 10A 1A 1mA@20V 20V 450mV@1A Independent SOD-323 Schottky Diodes ROHS,B5817WS,0.0181,1880059,1,Diodes,2026-06-07 09:28:36,20,0.362
C7420330,hongjiacheng-B5819W/C7420330,https://wmsc.lcsc.com/wmsc/upload/file/pdf/v2/lcsc/2402010500_hongjiacheng-B5819W_C7420330.pdf,expand,0,2026-07-24 06:07:31,hongjiacheng,B5819W,SOD-123,Schottky Diodes,-55℃~+150℃ 1A 1mA@30V 40V 600mV@1A 9A Independent SOD-123 Schottky Diodes ROHS,B5819W,0.0184,675195,1,Diodes,2026-06-07 09:28:36,20,0.368
C7420331,hongjiacheng-B5819WS/C7420331,https://wmsc.lcsc.com/wmsc/upload/file/pdf/v2/lcsc/2402010510_hongjiacheng-B5819WS_C7420331.pdf,expand,0,2026-07-24 06:07:31,hongjiacheng,B5819WS,SOD-323,Schottky Diodes,-55℃~+150℃ 10A 1A 1mA@40V 40V 600mV@1A Independent SOD-323 Schottky Diodes ROHS,B5819WS,0.0179,141522,1,Diodes,2026-06-07 09:28:36,20,0.358
C7420332,hongjiacheng-BAT46W/C7420332,https://wmsc.lcsc.com/wmsc/upload/file/pdf/v2/lcsc/2308281514_hongjiacheng-BAT46W_C7420332.pdf,expand,0,2026-07-24 06:07:31,hongjiacheng,BAT46W,SOD-123,Schottky Diodes,100V 150mA 2uA@100V 450mV@10mA 750mA Standalone SOD-123 Schottky Diodes ROHS,BAT46W,0.0168,3129,534,Diodes,2026-06-07 09:28:36,538,9.0384
C7420333,hongjiacheng-BAT54S/C7420333,https://wmsc.lcsc.com/wmsc/upload/file/pdf/v2/lcsc/2310171613_hongjiacheng-BAT54S_C7420333.pdf,expand,0,2026-07-24 06:07:31,hongjiacheng,BAT54S,SOT-23,Schottky Diodes,1 Pair Series Connection 200mA 2uA@30V 30V 400mV@10mA 600mA SOT-23 Schottky Diodes ROHS,BAT54S,0.015,789356,1,Diodes,2026-06-07 09:28:36,10,0.15
C7420334,hongjiacheng-BAV21WS/C7420334,https://wmsc.lcsc.com/wmsc/upload/file/pdf/v2/lcsc/2308281514_hongjiacheng-BAV21WS_C7420334.pdf,expand,0,2026-07-24 06:07:31,hongjiacheng,BAV21WS,SOD-323,Switching Diodes,-55℃~+150℃ 1.25V@200mA 100nA@200V 2.5A 200mA 250V 250mW 50ns Standalone SOD-323 Switching Diodes ROHS,BAV21WS,0.0143,432626,1,Diodes,2026-06-07 09:28:36,20,0.286
C7420335,hongjiacheng-BAV70/C7420335,https://wmsc.lcsc.com/wmsc/upload/file/pdf/v2/lcsc/2404031008_hongjiacheng-BAV70_C7420335.pdf,expand,0,2026-07-24 06:07:31,hongjiacheng,BAV70,SOT-23,Switching Diodes,-55℃~+150℃ 1 Pair Common Cathode 1.25V@150mA 2.5uA 200mA 225mW 2A 4ns 70V SOT-23 Switching Diodes ROHS,BAV70,0.0129,17730,1,Diodes,2026-06-07 09:28:36,10,0.129
C7420336,hongjiacheng-BAV99/C7420336,https://wmsc.lcsc.com/wmsc/upload/file/pdf/v2/lcsc/2404031008_hongjiacheng-BAV99_C7420336.pdf,expand,0,2026-07-24 06:07:31,hongjiacheng,BAV99,SOT-23,Switching Diodes,-55℃~+150℃ 1 Pair Series Connection 1.25V@150mA 2.5uA@75V 200mA 225mW 2A 4ns 70V SOT-23 Switching Diodes ROHS,BAV99,0.011,1037852,1,Diodes,2026-06-07 09:28:36,10,0.11
C7420337,hongjiacheng-BC847C/C7420337,https://wmsc.lcsc.com/wmsc/upload/file/pdf/v2/lcsc/2312221203_hongjiacheng-BC847C_C7420337.pdf,expand,0,2026-07-24 06:07:31,hongjiacheng,BC847C,SOT-23,Bipolar (BJT),-55℃~+150℃ 1 NPN 100MHz 100mA 100nA 200mW 420 45V 500mV 6V NPN SOT-23 Bipolar (BJT) ROHS,BC847C,0.0135,82212,1,Transistors/Thyristors,2026-06-07 09:28:36,10,0.135
C7420338,hongjiacheng-BSS123/C7420338,https://wmsc.lcsc.com/wmsc/upload/file/pdf/v2/lcsc/2308281514_hongjiacheng-BSS123_C7420338.pdf,expand,0,2026-07-24 06:07:31,hongjiacheng,BSS123,SOT-23,MOSFETs,-55℃~+150℃ 1 N-channel 1.4V 1.4nC@10V 100V 170mA 22pF 2pF 3.5pF 680mW 6Ω@10V、10Ω@4.5V N-Channel SOT-23 MOSFETs ROHS,BSS123,0.0252,35370,1,Transistors/Thyristors,2026-06-07 09:28:36,10,0.252
C7420339,hongjiacheng-BSS138/C7420339,https://wmsc.lcsc.com/wmsc/upload/file/pdf/v2/lcsc/2308281514_hongjiacheng-BSS138_C7420339.pdf,expand,0,2026-07-24 06:07:31,hongjiacheng,BSS138,SOT-23,MOSFETs,-55℃~+150℃ 1 N-channel 1.1Ω@10V、1.2Ω@4.5V 1.2V 1.7nC@10V 17.5pF 340mA 350mW 50V 6.5pF N-Channel SOT-23 MOSFETs ROHS,BSS138,0.0257,15779,1,Transistors/Thyristors,2026-06-07 09:28:36,10,0.257
C7420340,hongjiacheng-BSS84/C7420340,https://wmsc.lcsc.com/wmsc/upload/file/pdf/v2/lcsc/2306301553_hongjiacheng-BSS84_C7420340.pdf,expand,0,2026-07-24 06:07:31,hongjiacheng,BSS84,SOT-23,MOSFETs,-55℃~+150℃ 1 P-Channel 1.4V 1.77nC@10V 170mA 2.8pF 2.9pF 3.3Ω@10V、3.5Ω@4.5V 43pF 60V 680mW P-Channel SOT-23 MOSFETs ROHS,BSS84,0.0199,0,451,Transistors/Thyristors,2026-06-07 09:28:36,456,9.0744
C7420341,hongjiacheng-ES2J/C7420341,https://wmsc.lcsc.com/wmsc/upload/file/pdf/v2/lcsc/2308281514_hongjiacheng-ES2J_C7420341.pdf,expand,0,2026-07-24 06:07:31,hongjiacheng,ES2J,SMA(DO-214AC),Fast Recovery / High Efficiency Diodes,-55℃~+150℃ 1 Independent 1.7V@2A 2A 35ns 50A 5uA@600V 600V SMA(DO-214AC) Fast Recovery / High Efficiency Diodes ROHS,ES2J,0.0191,399804,1,Diodes,2026-06-07 09:28:36,20,0.382
C7420342,hongjiacheng-ES2JF/C7420342,https://wmsc.lcsc.com/wmsc/upload/file/pdf/v2/lcsc/2308281515_hongjiacheng-ES2JF_C7420342.pdf,expand,0,2026-07-24 06:07:31,hongjiacheng,ES2JF,SMAF,Fast Recovery / High Efficiency Diodes,-55℃~+150℃ 1 Independent 1.7V@2A 2A 35ns 50A 5uA@600V 600V SMAF Fast Recovery / High Efficiency Diodes ROHS,ES2JF,0.0192,104415,1,Diodes,2026-06-07 09:28:36,20,0.384
C7420343,hongjiacheng-HL2300/C7420343,https://wmsc.lcsc.com/wmsc/upload/file/pdf/v2/lcsc/2308281515_hongjiacheng-HL2300_C7420343.pdf,expand,0,2026-07-24 06:07:31,hongjiacheng,HL2300,SOT-23,MOSFETs,-55℃~+150℃ 1 N-channel 1W 20V 20mΩ@4.5V 4.5A 418pF 6.06nC@4.5V 600mV 70pF 82pF N-Channel SOT-23 MOSFETs ROHS,HL2300,0.0326,395050,1,Transistors/Thyristors,2026-06-07 09:28:36,10,0.326
C7420344,hongjiacheng-HL2301A/C7420344,https://wmsc.lcsc.com/wmsc/upload/file/pdf/v2/lcsc/2308281515_hongjiacheng-HL2301A_C7420344.pdf,expand,0,2026-07-24 06:07:31,hongjiacheng,HL2301A,SOT-23,MOSFETs,-55℃~+150℃ 1 P-Channel 2.3A 20V 3.3nC@2.5V、5.5nC@4.5V 405pF 55pF 700mV 700mW 75pF 90mΩ@4.5V、110mΩ@2.5V P-Channel SOT-23 MOSFETs ROHS,HL2301A,0.0263,115939,1,Transistors/Thyristors,2026-06-07 09:28:36,10,0.263
C7420345,hongjiacheng-HL2303/C7420345,https://wmsc.lcsc.com/wmsc/upload/file/pdf/v2/lcsc/2308281515_hongjiacheng-HL2303_C7420345.pdf,expand,0,2026-07-24 06:07:31,hongjiacheng,HL2303,SOT-23,MOSFETs,-55℃~+150℃ 1 P-Channel 1.6V 1.9A 155pF 25pF 30V 350mW 4nC@10V 75mΩ@10V P-Channel SOT-23 MOSFETs ROHS,HL2303,0.0368,7810,1,Transistors/Thyristors,2026-06-07 09:28:36,10,0.368
C7420346,hongjiacheng-HL2304/C7420346,https://wmsc.lcsc.com/wmsc/upload/file/pdf/v2/lcsc/2308281515_hongjiacheng-HL2304_C7420346.pdf,expand,0,2026-07-24 06:07:31,hongjiacheng,HL2304,SOT-23,MOSFETs,-55℃~+150℃ 1 N-channel 1.5V 17pF 1W 234pF 3.6A 30V 37mΩ@10V、57mΩ@4.5V 6.08nC@10V N-Channel SOT-23 MOSFETs ROHS,HL2304,0.0347,2202,1,Transistors/Thyristors,2026-06-07 09:28:36,10,0.347
C7420347,hongjiacheng-HL2310A/C7420347,https://wmsc.lcsc.com/wmsc/upload/file/pdf/v2/lcsc/2308281515_hongjiacheng-HL2310A_C7420347.pdf,expand,0,2026-07-24 06:07:31,hongjiacheng,HL2310A,SOT-23,MOSFETs,-55℃~+150℃ 1 N-channel 1.2W 19.5pF 247pF 2V 34pF 3A 60V 6nC@4.5V 90mΩ@10V、125mΩ@4.5V N-Channel SOT-23 MOSFETs ROHS,HL2310A,0.046,132791,1,Transistors/Thyristors,2026-06-07 09:28:36,5,0.23
C7420348,hongjiacheng-HL3400A/C7420348,https://wmsc.lcsc.com/wmsc/upload/file/pdf/v2/lcsc/2402281642_hongjiacheng-HL3400A_C7420348.pdf,expand,0,2026-07-24 06:07:31,hongjiacheng,HL3400A,SOT-23,MOSFETs,-55℃~+150℃ 1 N-channel 1.05nF 1.4V 30V 350mW 35mΩ@10V 5.8A 77pF 99pF N-Channel SOT-23 MOSFETs ROHS,HL3400A,0.0271,548603,1,Transistors/Thyristors,2026-06-07 09:28:36,5,0.1355
C7420349,hongjiacheng-HL3401A/C7420349,https://wmsc.lcsc.com/wmsc/upload/file/pdf/v2/lcsc/2402281642_hongjiacheng-HL3401A_C7420349.pdf,expand,0,2026-07-24 06:07:31,hongjiacheng,HL3401A,SOT-23,MOSFETs,-55℃~+150℃ 1 P-Channel 115pF 22nC@10V 30V 350mW 4.2A 50mΩ@10V 77pF 900mV 954pF P-Channel SOT-23 MOSFETs ROHS,HL3401A,0.0476,423252,1,Transistors/Thyristors,2026-06-07 09:28:36,5,0.238
C7420350,hongjiacheng-M7/C7420350,https://wmsc.lcsc.com/wmsc/upload/file/pdf/v2/lcsc/2308281515_hongjiacheng-M7_C7420350.pdf,expand,0,2026-07-24 06:07:31,hongjiacheng,M7,SMA(DO-214AC),Diodes - General Purpose,-55℃~+150℃ 1.1V@1A 1A 1kV 30A 5uA@1000V Independent SMA(DO-214AC) Diodes - General Purpose ROHS,M7,0.0123,518128,1,Diodes,2026-06-07 09:28:36,20,0.246
C7420351,hongjiacheng-MMBT2222A/C7420351,https://wmsc.lcsc.com/wmsc/upload/file/pdf/v2/lcsc/2312221203_hongjiacheng-MMBT2222A_C7420351.pdf,expand,0,2026-07-24 06:07:31,hongjiacheng,MMBT2222A,SOT-23,Bipolar (BJT),-55℃~+150℃ 1 NPN 100 100nA 1V 300MHz 300mW 40V 600mA 6V NPN SOT-23 Bipolar (BJT) ROHS,MMBT2222A,0.0203,84050,1,Transistors/Thyristors,2026-06-07 09:28:36,10,0.203
C7420352,hongjiacheng-MMBT2907A/C7420352,https://wmsc.lcsc.com/wmsc/upload/file/pdf/v2/lcsc/2312221203_hongjiacheng-MMBT2907A_C7420352.pdf,expand,0,2026-07-24 06:07:31,hongjiacheng,MMBT2907A,SOT-23,Bipolar (BJT),-55℃~+150℃ 1 PNP 100 100nA 200MHz 250mW 400mV 5V 600mA 60V PNP SOT-23 Bipolar (BJT) ROHS,MMBT2907A,0.0221,32672,1,Transistors/Thyristors,2026-06-07 09:28:36,10,0.221
C7420353,hongjiacheng-MMBT3904/C7420353,https://wmsc.lcsc.com/wmsc/upload/file/pdf/v2/lcsc/2312221203_hongjiacheng-MMBT3904_C7420353.pdf,expand,0,2026-07-24 06:07:31,hongjiacheng,MMBT3904,SOT-23,Bipolar (BJT),-55℃~+150℃ 1 NPN 100 100nA 200mA 200mW 300MHz 300mV 40V 6V NPN SOT-23 Bipolar (BJT) ROHS,MMBT3904,0.012,1516871,1,Transistors/Thyristors,2026-06-07 09:28:36,10,0.12
C7420354,hongjiacheng-MMBT3906/C7420354,https://wmsc.lcsc.com/wmsc/upload/file/pdf/v2/lcsc/2312221203_hongjiacheng-MMBT3906_C7420354.pdf,expand,0,2026-07-24 06:07:31,hongjiacheng,MMBT3906,SOT-23,Bipolar (BJT),-55℃~+150℃ 1 PNP 100 100nA 200mA 200mW 300MHz 300mV 40V 5V PNP SOT-23 Bipolar (BJT) ROHS,MMBT3906,0.0125,346343,1,Transistors/Thyristors,2026-06-07 09:28:36,10,0.125
C7420355,hongjiacheng-MMBT4401/C7420355,https://www.lcsc.com/datasheet/lcsc_datasheet_2312221203_hongjiacheng-MMBT4401_C7420355.pdf,expand,0,2026-07-24 06:07:31,hongjiacheng,MMBT4401,SOT-23,Bipolar (BJT),-55℃~+150℃ 1 NPN 100 100nA 250MHz 300mW 400mV 40V 600mA 6V NPN SOT-23 Bipolar (BJT) ROHS,MMBT4401,0.0186,174623,1,Transistors/Thyristors,2026-06-07 09:28:36,10,0.186
C7420356,hongjiacheng-MMBT5401/C7420356,https://wmsc.lcsc.com/wmsc/upload/file/pdf/v2/lcsc/2312221203_hongjiacheng-MMBT5401_C7420356.pdf,expand,0,2026-07-24 06:07:31,hongjiacheng,MMBT5401,SOT-23,Bipolar (BJT),-55℃~+150℃ 1 PNP 100 100MHz 100nA 160V 200mV 300mW 5V 600mA PNP SOT-23 Bipolar (BJT) ROHS,MMBT5401,0.0139,868069,1,Transistors/Thyristors,2026-06-07 09:28:36,10,0.139
C7420357,hongjiacheng-MMBT5551/C7420357,https://wmsc.lcsc.com/wmsc/upload/file/pdf/v2/lcsc/2312221203_hongjiacheng-MMBT5551_C7420357.pdf,expand,0,2026-07-24 06:07:31,hongjiacheng,MMBT5551,SOT-23,Bipolar (BJT),-55℃~+150℃ 1 NPN 100 100MHz 150mV 160V 300mW 50nA 600mA 6V NPN SOT-23 Bipolar (BJT) ROHS,MMBT5551,0.0119,1804210,1,Transistors/Thyristors,2026-06-07 09:28:36,10,0.119
C7420358,hongjiacheng-RS1M/C7420358,https://wmsc.lcsc.com/wmsc/upload/file/pdf/v2/lcsc/2308281515_hongjiacheng-RS1M_C7420358.pdf,expand,0,2026-07-24 06:07:31,hongjiacheng,RS1M,SMA(DO-214AC),Fast Recovery / High Efficiency Diodes,-55℃~+150℃ 1 Independent 1.3V@1A 1A 1kV 2uA@1000V 30A 500ns SMA(DO-214AC) Fast Recovery / High Efficiency Diodes ROHS,RS1M,0.0137,1011594,1,Diodes,2026-06-07 09:28:36,20,0.274
C7420359,hongjiacheng-RS2M/C7420359,https://wmsc.lcsc.com/wmsc/upload/file/pdf/v2/lcsc/2308281515_hongjiacheng-RS2M_C7420359.pdf,expand,0,2026-07-24 06:07:31,hongjiacheng,RS2M,SMA(DO-214AC),Fast Recovery / High Efficiency Diodes,-55℃~+150℃ 1 Independent 1.3V@2A 1kV 2A 500ns 50A 5uA@1kV SMA(DO-214AC) Fast Recovery / High Efficiency Diodes ROHS,RS2M,0.0171,350823,1,Diodes,2026-06-07 09:28:36,20,0.342
C7420360,hongjiacheng-SD103AWS/C7420360,https://wmsc.lcsc.com/wmsc/upload/file/pdf/v2/lcsc/2308281515_hongjiacheng-SD103AWS_C7420360.pdf,expand,0,2026-07-24 06:07:31,hongjiacheng,SD103AWS,SOD-323,Schottky Diodes,-55℃~+150℃ 1.5A 350mA 370mV@20mA 40V 5uA@40V Independent SOD-323 Schottky Diodes ROHS,SD103AWS,0.0107,517974,1,Diodes,2026-06-07 09:28:36,20,0.214
C7420361,hongjiacheng-SS220/C7420361,https://wmsc.lcsc.com/wmsc/upload/file/pdf/v2/lcsc/2308281515_hongjiacheng-SS220_C7420361.pdf,expand,0,2026-07-24 06:07:31,hongjiacheng,SS220,SMA(DO-214AC),Schottky Diodes,-55℃~+150℃ 200V 2A 50A 50uA@200V 950mV@2A Independent SMA(DO-214AC) Schottky Diodes ROHS,SS220,0.0366,25027,1,Diodes,2026-06-07 09:28:36,20,0.732
C7420362,hongjiacheng-SS24/C7420362,https://wmsc.lcsc.com/wmsc/upload/file/pdf/v2/lcsc/2401290920_hongjiacheng-SS24_C7420362.pdf,expand,0,2026-07-24 06:07:31,hongjiacheng,SS24,SMA(DO-214AC),Schottky Diodes,-55℃~+150℃ 200uA@40V 2A 40V 50A 550mV@2A Independent SMA(DO-214AC) Schottky Diodes ROHS,SS24,0.0281,172413,1,Diodes,2026-06-07 09:28:36,20,0.562
C7420363,hongjiacheng-SS26/C7420363,https://wmsc.lcsc.com/wmsc/upload/file/pdf/v2/lcsc/2401290920_hongjiacheng-SS26_C7420363.pdf,expand,0,2026-07-24 06:07:31,hongjiacheng,SS26,SMA(DO-214AC),Schottky Diodes,-55℃~+150℃ 200uA@60V 2A 50A 60V 700mV@2A Independent SMA(DO-214AC) Schottky Diodes ROHS,SS26,0.0292,220173,1,Diodes,2026-06-07 09:28:36,20,0.584
C7420364,hongjiacheng-SS310/C7420364,https://wmsc.lcsc.com/wmsc/upload/file/pdf/v2/lcsc/2308281515_hongjiacheng-SS310_C7420364.pdf,expand,0,2026-07-24 06:07:31,hongjiacheng,SS310,SMA(DO-214AC),Schottky Diodes,-55℃~+150℃ 100V 3A 50uA@100V 80A 850mV@3A Independent SMA(DO-214AC) Schottky Diodes ROHS,SS310,0.0365,345148,1,Diodes,2026-06-07 09:28:36,20,0.73
C7420365,hongjiacheng-SS34/C7420365,https://wmsc.lcsc.com/wmsc/upload/file/pdf/v2/lcsc/2402010525_hongjiacheng-SS34_C7420365.pdf,expand,0,2026-07-24 06:07:31,hongjiacheng,SS34,SMA(DO-214AC),Schottky Diodes,200uA@40V 3A 40V 550mV@3A Independent SMA(DO-214AC) Schottky Diodes ROHS,SS34,0.0352,646020,1,Diodes,2026-06-07 09:28:36,20,0.704
C7420366,hongjiacheng-SS34B/C7420366,https://wmsc.lcsc.com/wmsc/upload/file/pdf/v2/lcsc/2308281515_hongjiacheng-SS34B_C7420366.pdf,expand,0,2026-07-24 06:07:31,hongjiacheng,SS34B,SMB,Schottky Diodes,-55℃~+125℃ 200uA@40V 3A 40V 550mV@3A 80A Independent SMB Schottky Diodes ROHS,SS34B,0.0439,118913,1,Diodes,2026-06-07 09:28:36,20,0.878
C7420367,hongjiacheng-SS36/C7420367,https://wmsc.lcsc.com/wmsc/upload/file/pdf/v2/lcsc/2402010525_hongjiacheng-SS36_C7420367.pdf,expand,0,2026-07-24 06:07:31,hongjiacheng,SS36,SMA(DO-214AC),Schottky Diodes,-55℃~+150℃ 10mA@60V 3A 60V 700mV@3A 80A Independent SMA(DO-214AC) Schottky Diodes ROHS,SS36,0.0374,353470,1,Diodes,2026-06-07 09:28:36,20,0.748
C7420368,hongjiacheng-SS510B/C7420368,https://wmsc.lcsc.com/wmsc/upload/file/pdf/v2/lcsc/2308281515_hongjiacheng-SS510B_C7420368.pdf,expand,0,2026-07-24 06:07:31,hongjiacheng,SS510B,SMB,Schottky Diodes,-55℃~+150℃ 100V 120A 50uA@100V 5A 850mV@5A Independent SMB Schottky Diodes ROHS,SS510B,0.0696,292124,1,Diodes,2026-06-07 09:28:36,5,0.348
C7420369,hongjiacheng-SS54/C7420369,https://wmsc.lcsc.com/wmsc/upload/file/pdf/v2/lcsc/2308281515_hongjiacheng-SS54_C7420369.pdf,expand,0,2026-07-24 06:07:31,hongjiacheng,SS54,SMA(DO-214AC),Schottky Diodes,-55℃~+125℃ 120A 40V 50uA@40V 550mV@5A 5A Independent SMA(DO-214AC) Schottky Diodes ROHS,SS54,0.0482,1325630,1,Diodes,2026-06-07 09:28:36,5,0.241
C7420370,hongjiacheng-SS8050/C7420370,https://wmsc.lcsc.com/wmsc/upload/file/pdf/v2/lcsc/2312221203_hongjiacheng-SS8050_C7420370.pdf,expand,0,2026-07-24 06:07:31,hongjiacheng,SS8050,SOT-23,Bipolar (BJT),-55℃~+150℃ 1 NPN 1.5A 100MHz 100nA 120 25V 300mW 500mV 5V NPN SOT-23 Bipolar (BJT) ROHS,SS8050,0.0142,866032,1,Transistors/Thyristors,2026-06-07 09:28:36,10,0.142
C7420371,hongjiacheng-SS8550/C7420371,https://wmsc.lcsc.com/wmsc/upload/file/pdf/v2/lcsc/2312221203_hongjiacheng-SS8550_C7420371.pdf,expand,0,2026-07-24 06:07:31,hongjiacheng,SS8550,SOT-23,Bipolar (BJT),-55℃~+150℃ 1 PNP 1.5A 100MHz 100nA 120 25V 300mW 500mV 5V PNP SOT-23 Bipolar (BJT) ROHS,SS8550,0.0139,2028171,1,Transistors/Thyristors,2026-06-07 09:28:36,10,0.139
C7420372,hongjiacheng-H5VL10B/C7420372,https://wmsc.lcsc.com/wmsc/upload/file/pdf/v2/lcsc/2306301553_hongjiacheng-H5VL10B_C7420372.pdf,expand,0,2026-07-24 06:07:31,hongjiacheng,H5VL10B,DFN1006-2L,ESD and Surge Protection (TVS/ESD),-55℃~+125℃ 1 100nA 10V 15pF 5.6V 50W 5A 5V Bidirectional ESD IEC 61000-4-2、IEC 61000-4-5 DFN1006-2L ESD and Surge Protection (TVS/ESD) ROHS,丝印 PB 双向ESD 5V截止 峰值浪涌电流：5A,0.0067,9868579,1,Circuit Protection,2026-06-07 09:28:36,20,0.134
C7420373,hongjiacheng-H5VL06B/C7420373,https://wmsc.lcsc.com/wmsc/upload/file/pdf/v2/lcsc/2405291001_hongjiacheng-H5VL06B_C7420373.pdf,expand,0,2026-07-24 06:07:31,hongjiacheng,H5VL06B,DFN0603-2,ESD and Surge Protection (TVS/ESD),-55℃~+125℃ 1 100nA 10V 15pF 5.6V 5V 80W 8A Bidirectional ESD IEC 61000-4-2、IEC 61000-4-5 DFN0603-2 ESD and Surge Protection (TVS/ESD) ROHS,丝印 A5 双向ESD 5V截止 峰值浪涌电流：8A,0.0097,1032002,1,Circuit Protection,2026-06-07 09:28:36,20,0.194
C7420374,hongjiacheng-H5VU25U/C7420374,https://wmsc.lcsc.com/wmsc/upload/file/pdf/v2/lcsc/2306301553_hongjiacheng-H5VU25U_C7420374.pdf,expand,0,2026-07-24 06:07:31,hongjiacheng,H5VU25U,DFN2510-10L,ESD and Surge Protection (TVS/ESD),14V 1uA 4A 56W 5V 6V Four channels TVS Unidirectional DFN2510-10L ESD and Surge Protection (TVS/ESD) ROHS,丝印:0524P 单向TVS 5V截止 峰值浪涌电流：4A,0.0299,35450,1,Circuit Protection,2026-06-07 09:28:36,20,0.598
C7420375,hongjiacheng-SM712/C7420375,https://wmsc.lcsc.com/wmsc/upload/file/pdf/v2/lcsc/2308281515_hongjiacheng-SM712_C7420375.pdf,expand,0,2026-07-24 06:07:31,hongjiacheng,SM712,SOT-23,ESD and Surge Protection (TVS/ESD),-55℃~+125℃ 12A 16V、26V 1uA、2uA 2 300W 7.5V、13.5V 75pF 7V、12V Bidirectional ESD IEC 61000-4-2、IEC 61000-4-5 SOT-23 ESD and Surge Protection (TVS/ESD) ROHS,丝印:7AM 双向ESD 7V 12V截止 峰值浪涌电流：12A,0.0772,278675,1,Circuit Protection,2026-06-07 09:28:36,5,0.386
C7420376,hongjiacheng-SRV054/C7420376,https://wmsc.lcsc.com/wmsc/upload/file/pdf/v2/lcsc/2407101112_hongjiacheng-SRV05-4_C7420376.pdf,expand,0,2026-07-24 06:07:31,hongjiacheng,SRV05-4,SOT-23-6L,ESD and Surge Protection (TVS/ESD),-55℃~+150℃ 15V 1pF 4A 5V 5uA 6V 80W ESD Four channels IEC 61000-4-2、IEC 61000-4-5 Unidirectional SOT-23-6L ESD and Surge Protection (TVS/ESD) ROHS,丝印 V05 丝印 V05 双向ESD 5V截止 峰值浪涌电流：4A,0.0838,547308,1,Circuit Protection,2026-06-07 09:28:36,5,0.419
C7420377,hongjiacheng-SMBJ65CA/C7420377,https://wmsc.lcsc.com/wmsc/upload/file/pdf/v2/lcsc/2405211514_hongjiacheng-SMBJ6-5CA_C7420377.pdf,base,0,2026-07-24 06:07:31,hongjiacheng,SMBJ6.5CA,DO-214AA(SMB),ESD and Surge Protection (TVS/ESD),-55℃~+150℃ 1 11.2V 500uA 53.57A 6.5V 600W 7.22V Bidirectional IEC 61000-4-2 TVS DO-214AA(SMB) ESD and Surge Protection (TVS/ESD) ROHS,双向TVS 6.5V截止 峰值浪涌电流：53.57A,0.0384,849657,1,Circuit Protection,2026-06-07 09:28:36,5,0.192
C7426,TexasInstruments-NE5532DR/C7426,https://www.lcsc.com/datasheet/lcsc_datasheet_1809301912_Texas-Instruments-NE5532DR_C7426.pdf,base,0,2026-07-24 06:07:31,Texas Instruments,NE5532DR,SOIC-8,Operational Amplifier,-15V~15V 0℃~+70℃ 100dB 10MHz 10nA 16mA 1uA 2 30V 38mA 500uV 5nV/√Hz@1kHz 5uV/℃ 9V/us SOIC-8 Operational Amplifier ROHS,低噪声双运算放大器,0.1086,88737,1,Amplifiers/Comparators,2026-06-07 09:28:36,1,0.1086
C7433,TexasInstruments-OP07CDR/C7433,https://www.lcsc.com/datasheet/lcsc_datasheet_1810280907_Texas-Instruments-OP07CDR_C7433.pdf,base,0,2026-07-24 06:07:31,Texas Instruments,OP07CDR,SOIC-8,Precision Op Amps,-18V~-3V、3V~18V 0.3V/us 0℃~+70℃ 1 1.8nA 10.5nV/√Hz@10Hz 120dB 12pA/℃ 400kHz 500nV/℃ 60uV 800pA Built-in compensation SOIC-8 Precision Op Amps ROHS,精密运算放大器,0.1537,131712,1,Amplifiers/Comparators,2026-06-07 09:28:36,1,0.1537
C7440,NXPSemicon-PCF8563T_5518/C7440,https://www.nxp.com/docs/en/data-sheet/PCF8563.pdf,expand,0,2026-07-24 06:07:31,NXP Semicon,"PCF8563T/5,518",SO-8,Real Time Clocks,-40℃~+85℃ 0.25uA 1V~5.5V Battery low-voltage detection、Programmable clock output、Alarm function、Countdown timer I2C Yes SO-8 Real Time Clocks ROHS,MSL=2 实时时钟/日历,0.6041,177361,1,Clock/Timing,2026-06-07 09:28:36,1,0.6041
C7502685,hongjiacheng-BAS40/C7502685,https://wmsc.lcsc.com/wmsc/upload/file/pdf/v2/lcsc/2308281443_hongjiacheng-BAS40_C7502685.pdf,expand,0,2026-07-24 06:07:31,hongjiacheng,BAS40,SOT-23,Schottky Diodes,1 Independent 1V@40mA 200mA 200nA 40V 600mA SOT-23 Schottky Diodes ROHS,BAS40,0.0152,104889,1,Diodes,2026-06-07 09:28:36,10,0.152
C7502686,hongjiacheng-BAS70/C7502686,https://wmsc.lcsc.com/wmsc/upload/file/pdf/v2/lcsc/2402010540_hongjiacheng-BAS70_C7502686.pdf,expand,0,2026-07-24 06:07:31,hongjiacheng,BAS70,SOT-23,Schottky Diodes,-55℃~+125℃ 1 Independent 100mA 100nA 1V@15mA 70V 70mA SOT-23 Schottky Diodes ROHS,BAS70,0.0155,371900,1,Diodes,2026-06-07 09:28:36,10,0.155
C7502687,hongjiacheng-BAS7004/C7502687,https://wmsc.lcsc.com/wmsc/upload/file/pdf/v2/lcsc/2308281531_hongjiacheng-BAS70-04_C7502687.pdf,expand,0,2026-07-24 06:07:31,hongjiacheng,BAS70-04,SOT-23,Schottky Diodes,-55℃~+125℃ 1 Pair Series Connection 100mA 100nA 1V@15mA 70V 70mA SOT-23 Schottky Diodes ROHS,BAS70-04,0.0226,148291,1,Diodes,2026-06-07 09:28:36,10,0.226
C7502688,hongjiacheng-BAS4004/C7502688,https://wmsc.lcsc.com/wmsc/upload/file/pdf/v2/lcsc/2402010330_hongjiacheng-BAS40-04_C7502688.pdf,expand,0,2026-07-24 06:07:31,hongjiacheng,BAS40-04,SOT-23,Schottky Diodes,1 Pair Series Connection 1V@40mA 200mA 200nA 40V 600mA SOT-23 Schottky Diodes ROHS,BAS40-04,0.0179,180060,1,Diodes,2026-06-07 09:28:36,10,0.179
C7502689,hongjiacheng-BAS4005/C7502689,https://wmsc.lcsc.com/wmsc/upload/file/pdf/v2/lcsc/2402010330_hongjiacheng-BAS40-05_C7502689.pdf,expand,0,2026-07-24 06:07:31,hongjiacheng,BAS40-05,SOT-23,Schottky Diodes,1 Pair Common Cathode 1V@40mA 200mA 200nA 40V 600mA SOT-23 Schottky Diodes ROHS,BAS40-05,0.0244,4980,1,Diodes,2026-06-07 09:28:36,10,0.244
C7502690,hongjiacheng-BAT54A/C7502690,https://wmsc.lcsc.com/wmsc/upload/file/pdf/v2/lcsc/2308281443_hongjiacheng-BAT54A_C7502690.pdf,expand,0,2026-07-24 06:07:31,hongjiacheng,BAT54A,SOT-23,Schottky Diodes,1 Pair Common Anode 1V@100mA 200mA 2uA 30V 600mA SOT-23 Schottky Diodes ROHS,BAT54A,0.015,123755,1,Diodes,2026-06-07 09:28:36,10,0.15
C7502691,hongjiacheng-RB751V40/C7502691,https://wmsc.lcsc.com/wmsc/upload/file/pdf/v2/lcsc/2308281443_hongjiacheng-RB751V-40_C7502691.pdf,expand,0,2026-07-24 06:07:31,hongjiacheng,RB751V-40,SOD-323,Schottky Diodes,200mA 30mA 370mV@1mA 40V 500nA Independent SOD-323 Schottky Diodes ROHS,RB751V-40,0.0176,659924,1,Diodes,2026-06-07 09:28:36,20,0.352
C7502692,hongjiacheng-BAT46WS/C7502692,https://wmsc.lcsc.com/wmsc/upload/file/pdf/v2/lcsc/2308281443_hongjiacheng-BAT46WS_C7502692.pdf,expand,0,2026-07-24 06:07:31,hongjiacheng,BAT46WS,SOD-323,Schottky Diodes,-55℃~+150℃ 100V 150mA 1V@250mA 2uA 350mA Independent SOD-323 Schottky Diodes ROHS,BAT46WS,0.0241,21247,1,Diodes,2026-06-07 09:28:36,20,0.482
C7502693,hongjiacheng-BAT43WS/C7502693,https://wmsc.lcsc.com/wmsc/upload/file/pdf/v2/lcsc/2308281443_hongjiacheng-BAT43WS_C7502693.pdf,expand,0,2026-07-24 06:07:31,hongjiacheng,BAT43WS,SOD-323,Schottky Diodes,1V@0.2A 200mA 30V 4A 500nA Independent SOD-323 Schottky Diodes ROHS,BAT43WS,0.0174,9217,1,Diodes,2026-06-07 09:28:36,20,0.348
C7502694,hongjiacheng-BAT54WS/C7502694,https://wmsc.lcsc.com/wmsc/upload/file/pdf/v2/lcsc/2308281443_hongjiacheng-BAT54WS_C7502694.pdf,expand,0,2026-07-24 06:07:31,hongjiacheng,BAT54WS,SOD-323,Schottky Diodes,-55℃~+125℃ 1V@100mA 200mA 2uA 30V 600A Independent SOD-323 Schottky Diodes ROHS,BAT54WS,0.0136,545615,1,Diodes,2026-06-07 09:28:36,20,0.272
C7502695,hongjiacheng-BAT60B/C7502695,https://wmsc.lcsc.com/wmsc/upload/file/pdf/v2/lcsc/2308281443_hongjiacheng-BAT60B_C7502695.pdf,expand,0,2026-07-24 06:07:31,hongjiacheng,BAT60B,SOD-323,Schottky Diodes,10V 25uA 3A 5A 600mV@1A Standalone SOD-323 Schottky Diodes ROHS,BAT60B,0.0258,1416985,1,Diodes,2026-06-07 09:28:36,20,0.516
C7502696,hongjiacheng-B0520WS/C7502696,https://wmsc.lcsc.com/wmsc/upload/file/pdf/v2/lcsc/2308281443_hongjiacheng-B0520WS_C7502696.pdf,expand,0,2026-07-24 06:07:31,hongjiacheng,B0520WS,SOD-323,Schottky Diodes,-55℃~+125℃ 1 Independent 20V 250uA 390mV@500mA 5.5A 500mA SOD-323 Schottky Diodes ROHS,B0520WS,0.0213,338846,1,Diodes,2026-06-07 09:28:36,20,0.426
C7502697,hongjiacheng-B0530WS/C7502697,https://wmsc.lcsc.com/wmsc/upload/file/pdf/v2/lcsc/2402010425_hongjiacheng-B0530WS_C7502697.pdf,expand,0,2026-07-24 06:07:31,hongjiacheng,B0530WS,SOD-323,Schottky Diodes,-55℃~+125℃ 1 Independent 30V 450mV@0.5A 5.5A 500mA 500uA SOD-323 Schottky Diodes ROHS,B0530WS,0.013,95215,1,Diodes,2026-06-07 09:28:36,20,0.26
C7502698,hongjiacheng-RB551V30/C7502698,https://wmsc.lcsc.com/wmsc/upload/file/pdf/v2/lcsc/2308281443_hongjiacheng-RB551V-30_C7502698.pdf,expand,0,2026-07-24 06:07:31,hongjiacheng,RB551V-30,SOD-323,Schottky Diodes,100uA 2A 30V 470mV@500mA 500mA Standalone SOD-323 Schottky Diodes ROHS,RB551V-30,0.0305,98064,1,Diodes,2026-06-07 09:28:36,20,0.61
C7502699,hongjiacheng-RB551V40/C7502699,https://wmsc.lcsc.com/wmsc/upload/file/pdf/v2/lcsc/2308281443_hongjiacheng-RB551V-40_C7502699.pdf,expand,0,2026-07-24 06:07:31,hongjiacheng,RB551V-40,SOD-323,Schottky Diodes,100uA 2A 40V 470mV@500mA 500mA Independent SOD-323 Schottky Diodes ROHS,RB551V-40,0.0244,76847,1,Diodes,2026-06-07 09:28:36,20,0.488
C7502700,hongjiacheng-RB751S40/C7502700,https://wmsc.lcsc.com/wmsc/upload/file/pdf/v2/lcsc/2311171118_hongjiacheng-RB751S-40_C7502700.pdf,expand,0,2026-07-24 06:07:31,hongjiacheng,RB751S-40,SOD-523,Schottky Diodes,200mA 30mA 370mV@1mA 40V 500nA@30V Standalone SOD-523 Schottky Diodes ROHS,RB751S-40,0.0194,15448,1,Diodes,2026-06-07 09:28:36,20,0.388
C7502701,hongjiacheng-RB520S30/C7502701,https://wmsc.lcsc.com/wmsc/upload/file/pdf/v2/lcsc/2311171118_hongjiacheng-RB520S-30_C7502701.pdf,expand,0,2026-07-24 06:07:31,hongjiacheng,RB520S-30,SOD-523,Schottky Diodes,1A 1uA 200mA 30V 600mV@200mA Standalone SOD-523 Schottky Diodes ROHS,RB520S-30,0.0194,1669,1,Diodes,2026-06-07 09:28:36,20,0.388
C7502702,hongjiacheng-RB521S30/C7502702,https://wmsc.lcsc.com/wmsc/upload/file/pdf/v2/lcsc/2311171118_hongjiacheng-RB521S-30_C7502702.pdf,expand,0,2026-07-24 06:07:31,hongjiacheng,RB521S-30,SOD-523,Schottky Diodes,1A 200mA 30V 30uA 500mV@200mA Standalone SOD-523 Schottky Diodes ROHS,RB521S-30,0.0202,189109,1,Diodes,2026-06-07 09:28:36,20,0.404
C7502703,hongjiacheng-RB521S40/C7502703,https://wmsc.lcsc.com/wmsc/upload/file/pdf/v2/lcsc/2311171118_hongjiacheng-RB521S-40_C7502703.pdf,expand,0,2026-07-24 06:07:31,hongjiacheng,RB521S-40,SOD-523,Schottky Diodes,1 Independent 1A 200mA 40V 540mV@200mA 90uA SOD-523 Schottky Diodes ROHS,RB521S-40,0.0159,365,1,Diodes,2026-06-07 09:28:36,20,0.318
C7502704,hongjiacheng-BAT54CWT/C7502704,https://jlc-prod-smt.oss-eu-central-1.aliyuncs.com/smtDataManualFile/8602998413151780864-C7502704.pdf?response-content-disposition=attachment%3B%20filename%3DC7502704.pdf%3B%20filename%2A%3DUTF-8%27%27C7502704.pdf&x-oss-date=20260724T060729Z&x-oss-expires=1800&x-oss-security-token=CAISgAN1q6Ft5B2yfSjIr5rgIuvij5JrwJuYW2uEimMAWf9gvPL9kTz2IHhMdHJsAOodtv0%2FmmhT6PkclqRLcbhpcmfjV%2BZHzLB8qZgSm3pQ4J7b16cNrbH4M4H6aXeirtuwDsz9SNTCALjPD3nPii50x5bjaDymRCbLGJaViJlhHLN1Ow6jdmhpCctxLAlvo9NgFxm3D%2Fu2NQPwiWf9FVdhvhEG6Vly8qOi2MaRmFy8yFTx0b0SvJ%2BjYMrmPctoN9JnSdC5mfdzau3a1TJ84gRD0a5wkaVA1zbDs5bfISEIuUzebreLqY03dV4mOvdqIcMe8qigz88fk%2FfIioH6xyxKOexoSCnFTOiiupCcQLPyao9jLu6iayqViY7QaIOTqQohZmkAMwVOasAsI3Ngh4zF97Qt0cVNkXO9gWfLI8DtuMleWgqhV9sUCnSgc5lCkRRYwGs1287ugXlSQzo890KPDAEovaKCnZ2ZSfh7Y4sNknI6i%2Bfc2Se2MIkIbznnuqKWD5sagAGtgh5Y2Oa6ZbaA%2B9JVuj0bt6%2BEB4np2GpeH5aPDJ365C1x94VR8MBAsunLVkDCOwbLaI26%2BlYsT6J6MwF6C56rtvzgWh3Ad4zFk7zVS3iY6JiVDwCsvcG0wV%2FO2iJlVMhTo8i4V9hWf7ScKyZshBoGtb8Z8xvJnV9r%2Bl8pNfnjbyAA&x-oss-signature-version=OSS4-HMAC-SHA256&x-oss-credential=STS.NYUiQVbMJwYsYM5ncUUpLS7Vs%2F20260724%2Feu-central-1%2Foss%2Faliyun_v4_request&x-oss-signature=9ac7eb780d9aff6d53cbfa962c990818dc3a05a83131daf7b24c4e8a583c2ee5,expand,0,2026-07-24 06:07:31,hongjiacheng,BAT54CWT,-,Schottky Diodes,1V@100mA 200mA 2uA 30V Independent - Schottky Diodes ROHS,BAT54CWT,0.0106,0,845,Diodes,2026-06-07 09:28:36,850,9.01
C7502705,hongjiacheng-BAT54W/C7502705,https://wmsc.lcsc.com/wmsc/upload/file/pdf/v2/lcsc/2308281443_hongjiacheng-BAT54W_C7502705.pdf,expand,0,2026-07-24 06:07:31,hongjiacheng,BAT54W,SOD-123,Schottky Diodes,-55℃~+150℃ 200mA 2uA 30V 600mA 800mV@100mA Standalone SOD-123 Schottky Diodes ROHS,BAT54W,0.0108,173052,1,Diodes,2026-06-07 09:28:36,15,0.162
C7502706,hongjiacheng-SD103AW/C7502706,https://wmsc.lcsc.com/wmsc/upload/file/pdf/v2/lcsc/2308281443_hongjiacheng-SD103AW_C7502706.pdf,expand,0,2026-07-24 06:07:31,hongjiacheng,SD103AW,SOD-123,Schottky Diodes,1 Independent 350mA 40V 5uA 600mV@200mA SOD-123 Schottky Diodes ROHS,SD103AW,0.0109,1005,1,Diodes,2026-06-07 09:28:36,15,0.1635
C7502707,hongjiacheng-B0520W/C7502707,https://wmsc.lcsc.com/wmsc/upload/file/pdf/v2/lcsc/2308281443_hongjiacheng-B0520W_C7502707.pdf,expand,0,2026-07-24 06:07:31,hongjiacheng,B0520W,SOD-123,Schottky Diodes,-55℃~+125℃ 1 Independent 20V 250uA 385mV@500mA 5.5A 500mA SOD-123 Schottky Diodes ROHS,B0520W,0.0205,39098,1,Diodes,2026-06-07 09:28:36,15,0.3075
C7502708,hongjiacheng-B0530W/C7502708,https://wmsc.lcsc.com/wmsc/upload/file/pdf/v2/lcsc/2401290450_hongjiacheng-B0530W_C7502708.pdf,expand,0,2026-07-24 06:07:31,hongjiacheng,B0530W,SOD-123,Schottky Diodes,-55℃~+125℃ 130uA 30V 430mV@500mA 5.5A 500mA Standalone SOD-123 Schottky Diodes ROHS,B0530W,0.0216,2465,1,Diodes,2026-06-07 09:28:36,15,0.324
C7502709,hongjiacheng-DSK34/C7502709,https://wmsc.lcsc.com/wmsc/upload/file/pdf/v2/lcsc/2407101112_hongjiacheng-DSK34_C7502709.pdf,expand,0,2026-07-24 06:07:31,hongjiacheng,DSK34,SOD-123FL,Schottky Diodes,-55℃~+125℃ 3A 40V 500uA 550mV@3A 80A Standalone SOD-123FL Schottky Diodes ROHS,DSK34,0.029,516149,1,Diodes,2026-06-07 09:28:36,5,0.145
C7502710,hongjiacheng-B16W/C7502710,https://wmsc.lcsc.com/wmsc/upload/file/pdf/v2/lcsc/2308281443_hongjiacheng-B16W_C7502710.pdf,expand,0,2026-07-24 06:07:31,hongjiacheng,B16W,SOD-123,Schottky Diodes,1 Independent 100uA 10A 1A 60V 700mV@1A SOD-123 Schottky Diodes ROHS,B16W,0.0184,18125,1,Diodes,2026-06-07 09:28:36,15,0.276
C7502711,hongjiacheng-DSK14/C7502711,https://wmsc.lcsc.com/wmsc/upload/file/pdf/v2/lcsc/2407101112_hongjiacheng-DSK14_C7502711.pdf,expand,0,2026-07-24 06:07:31,hongjiacheng,DSK14,SOD-123FL,Schottky Diodes,-55℃~+125℃ 1A 25A 40V 500uA 550mV@1A Standalone SOD-123FL Schottky Diodes ROHS,DSK14,0.014,158121,1,Diodes,2026-06-07 09:28:36,15,0.21
C7502712,hongjiacheng-DSK26/C7502712,https://www.lcsc.com/datasheet/lcsc_datasheet_2408141453_hongjiacheng-DSK26_C7502712.pdf,expand,0,2026-07-24 06:07:31,hongjiacheng,DSK26,SOD-123FL,Schottky Diodes,-55℃~+150℃ 2A 500uA 50A 60V 700mV@2A Standalone SOD-123FL Schottky Diodes ROHS,DSK26,0.0245,113525,1,Diodes,2026-06-07 09:28:36,15,0.3675
C7502713,hongjiacheng-DSK210/C7502713,https://wmsc.lcsc.com/wmsc/upload/file/pdf/v2/lcsc/2407101112_hongjiacheng-DSK210_C7502713.pdf,expand,0,2026-07-24 06:07:31,hongjiacheng,DSK210,SOD-123FL,Schottky Diodes,-55℃~+150℃ 100V 2A 500uA 50A 850mV@2A Standalone SOD-123FL Schottky Diodes ROHS,DSK210,0.029,12233,1,Diodes,2026-06-07 09:28:36,15,0.435
C7502714,hongjiacheng-B5819WT/C7502714,https://wmsc.lcsc.com/wmsc/upload/file/pdf/v2/lcsc/2406131652_hongjiacheng-B5819WT_C7502714.pdf,expand,0,2026-07-24 06:07:31,hongjiacheng,B5819WT,SOD-523,Schottky Diodes,1.5A 350mA 40V 5uA@30V 600mV@200mA Standalone SOD-523 Schottky Diodes ROHS,B5819WT,0.0156,397800,1,Diodes,2026-06-07 09:28:36,20,0.312
C7502715,hongjiacheng-RB160M30/C7502715,https://wmsc.lcsc.com/wmsc/upload/file/pdf/v2/lcsc/2309051412_hongjiacheng-RB160M-30_C7502715.pdf,expand,0,2026-07-24 06:07:31,hongjiacheng,RB160M-30,SOD-123,Schottky Diodes,1A 30A 30V 480mV@1A 50uA Standalone SOD-123 Schottky Diodes ROHS,RB160M-30,0.0353,30748,1,Diodes,2026-06-07 09:28:36,15,0.5295
C7502716,hongjiacheng-BAS70WS/C7502716,https://wmsc.lcsc.com/wmsc/upload/file/pdf/v2/lcsc/2308281443_hongjiacheng-BAS70WS_C7502716.pdf,expand,0,2026-07-24 06:07:31,hongjiacheng,BAS70WS,SOD-323,Schottky Diodes,-55℃~+150℃ 100mA 100nA 1V@15mA 70V 70mA Independent SOD-323 Schottky Diodes ROHS,BAS70WS,0.0183,59577,1,Diodes,2026-06-07 09:28:36,20,0.366
C7502717,hongjiacheng-RB501V40/C7502717,https://wmsc.lcsc.com/wmsc/upload/file/pdf/v2/lcsc/2308281443_hongjiacheng-RB501V-40_C7502717.pdf,expand,0,2026-07-24 06:07:31,hongjiacheng,RB501V-40,SOD-323,Schottky Diodes,100mA 1A 30uA 40V 550mV@100mA Independent SOD-323 Schottky Diodes ROHS,RB501V-40,0.0138,15213,1,Diodes,2026-06-07 09:28:36,20,0.276
C7502718,hongjiacheng-1SS355/C7502718,https://wmsc.lcsc.com/wmsc/upload/file/pdf/v2/lcsc/2308281443_hongjiacheng-1SS355_C7502718.pdf,expand,0,2026-07-24 06:07:31,hongjiacheng,1SS355,SOD-323,Switching Diodes,-55℃~+150℃ 1.2V@100mA 100mA 100nA 250mW 4ns 500mA 80V Standalone SOD-323 Switching Diodes ROHS,1SS355,0.0114,53162,1,Diodes,2026-06-07 09:28:36,20,0.228
C7502719,hongjiacheng-BAS416/C7502719,https://wmsc.lcsc.com/wmsc/upload/file/pdf/v2/lcsc/2308281443_hongjiacheng-BAS416_C7502719.pdf,expand,0,2026-07-24 06:07:31,hongjiacheng,BAS416,SOD-323,Switching Diodes,-55℃~+150℃ 1.25V@150mA 200mA 250mW 3ns 4A 5nA 85V Standalone SOD-323 Switching Diodes ROHS,BAS416,0.0133,227802,1,Diodes,2026-06-07 09:28:36,20,0.266
C7502720,hongjiacheng-BAS316/C7502720,https://wmsc.lcsc.com/wmsc/upload/file/pdf/v2/lcsc/2308281443_hongjiacheng-BAS316_C7502720.pdf,expand,0,2026-07-24 06:07:31,hongjiacheng,BAS316,SOD-323,Switching Diodes,-55℃~+150℃ 1.25V@150mA 100V 1uA 250mA 250mW 2A 4ns Standalone SOD-323 Switching Diodes ROHS,BAS316,0.0135,404847,1,Diodes,2026-06-07 09:28:36,20,0.27
C7502721,hongjiacheng-1SS400/C7502721,https://wmsc.lcsc.com/wmsc/upload/file/pdf/v2/lcsc/2311171118_hongjiacheng-1SS400_C7502721.pdf,expand,0,2026-07-24 06:07:31,hongjiacheng,1SS400,SOD-523,Switching Diodes,-55℃~+150℃ 1.2V@100mA 100mA 100nA 150mW 2A 4ns 80V Standalone SOD-523 Switching Diodes ROHS,1SS400,0.0148,7837,1,Diodes,2026-06-07 09:28:36,20,0.296
C7502722,hongjiacheng-BAS516/C7502722,https://wmsc.lcsc.com/wmsc/upload/file/pdf/v2/lcsc/2311171118_hongjiacheng-BAS516_C7502722.pdf,expand,0,2026-07-24 06:07:31,hongjiacheng,BAS516,SOD-523,Switching Diodes,-55℃~+150℃ 1.25V@150mA 150mW 1uA 250mA 4ns 75V Standalone SOD-523 Switching Diodes ROHS,BAS516,0.0153,11839,1,Diodes,2026-06-07 09:28:36,20,0.306
C7502723,hongjiacheng-MMBD4148/C7502723,https://wmsc.lcsc.com/wmsc/upload/file/pdf/v2/lcsc/2308281443_hongjiacheng-MMBD4148_C7502723.pdf,expand,0,2026-07-24 06:07:31,hongjiacheng,MMBD4148,SOT-23,Switching Diodes,-55℃~+150℃ 1 Independent 1.25V@150mA 150mA 2.5uA 2A 350mW 4ns 75V SOT-23 Switching Diodes ROHS,MMBD4148,0.0115,74895,1,Diodes,2026-06-07 09:28:36,10,0.115
C7502724,hongjiacheng-BAS16/C7502724,https://wmsc.lcsc.com/wmsc/upload/file/pdf/v2/lcsc/2308281443_hongjiacheng-BAS16_C7502724.pdf,expand,0,2026-07-24 06:07:31,hongjiacheng,BAS16,SOT-23,Switching Diodes,-55℃~+150℃ 1.25V@150mA 150mA 1uA 225mW 2A 4ns 75V Standalone SOT-23 Switching Diodes ROHS,BAS16,0.0126,151449,1,Diodes,2026-06-07 09:28:36,10,0.126
C7502725,hongjiacheng-BAS21/C7502725,https://wmsc.lcsc.com/wmsc/upload/file/pdf/v2/lcsc/2308281443_hongjiacheng-BAS21_C7502725.pdf,expand,0,2026-07-24 06:07:31,hongjiacheng,BAS21,SOT-23,Switching Diodes,-55℃~+150℃ 1.25V@150mA 100nA 2.5A 200mA 225mW 250V 50ns Standalone SOT-23 Switching Diodes ROHS,BAS21,0.0133,24492,1,Diodes,2026-06-07 09:28:36,10,0.133
C7502726,hongjiacheng-BAS21S/C7502726,https://wmsc.lcsc.com/wmsc/upload/file/pdf/v2/lcsc/2401290620_hongjiacheng-BAS21S_C7502726.pdf,expand,0,2026-07-24 06:07:31,hongjiacheng,BAS21S,SOT-23,Switching Diodes,-55℃~+150℃ 1 Pair Series Connection 1.25V@200mA 100nA 2.5A 200mA 225mW 250V 50ns SOT-23 Switching Diodes ROHS,BAS21S,0.0162,131646,1,Diodes,2026-06-07 09:28:36,10,0.162
C7502727,hongjiacheng-BAV99W/C7502727,https://wmsc.lcsc.com/wmsc/upload/file/pdf/v2/lcsc/2308281443_hongjiacheng-BAV99W_C7502727.pdf,expand,0,2026-07-24 06:07:31,hongjiacheng,BAV99W,SOT-323,Switching Diodes,-55℃~+150℃ 1 Pair Series Connection 1.25V@150mA 150mA 2.5uA 200mW 2A 4ns 75V SOT-323 Switching Diodes ROHS,BAV99W,0.0133,39198,1,Diodes,2026-06-07 09:28:36,10,0.133
C7502728,hongjiacheng-MMBD4448HTW/C7502728,,expand,0,2026-07-24 06:07:31,hongjiacheng,MMBD4448HTW,-,Switching Diodes,- Switching Diodes ROHS,MMBD4448HTW,0.0111,0,807,Diodes,2026-06-07 09:28:36,807,8.9577
C7502729,hongjiacheng-BAW56/C7502729,https://wmsc.lcsc.com/wmsc/upload/file/pdf/v2/lcsc/2404031008_hongjiacheng-BAW56_C7502729.pdf,expand,0,2026-07-24 06:07:31,hongjiacheng,BAW56,SOT-23,Switching Diodes,-55℃~+150℃ 1 Pair Common Anode 1.25V@150mA 2.5uA 200mA 225mW 2A 4ns 70V SOT-23 Switching Diodes ROHS,BAW56,0.0153,50548,1,Diodes,2026-06-07 09:28:36,10,0.153
C7502730,hongjiacheng-1SS181/C7502730,https://wmsc.lcsc.com/wmsc/upload/file/pdf/v2/lcsc/2308281443_hongjiacheng-1SS181_C7502730.pdf,expand,0,2026-07-24 06:07:31,hongjiacheng,1SS181,SOT-23,Switching Diodes,-55℃~+150℃ 1 Pair Common Anode 1.2V@100mA 100mA 150mW 2A 4ns 500nA 80V SOT-23 Switching Diodes ROHS,1SS181,0.0129,25872,1,Diodes,2026-06-07 09:28:36,10,0.129
C7502731,hongjiacheng-1SS226/C7502731,https://wmsc.lcsc.com/wmsc/upload/file/pdf/v2/lcsc/2308281443_hongjiacheng-1SS226_C7502731.pdf,expand,0,2026-07-24 06:07:31,hongjiacheng,1SS226,SOT-23,Switching Diodes,-65℃~+150℃ 1 Pair Series Connection 100mA 150mW 1V@100mA 2.5uA 2A 4ns 80V SOT-23 Switching Diodes ROHS,1SS226,0.0152,25957,1,Diodes,2026-06-07 09:28:36,10,0.152
C7512,TexasInstruments-ULN2003ADR/C7512,https://www.lcsc.com/datasheet/lcsc_datasheet_2304140030_Texas-Instruments-ULN2003ADR_C7512.pdf,base,0,2026-07-24 06:07:31,Texas Instruments,ULN2003ADR,SOIC-16,Darlington Transistor Arrays,1.7V 15pF 30V 500mA 50V 50uA 50uA Seven channels SOIC-16 Darlington Transistor Arrays ROHS,ULN2003ADR,0.1683,421174,1,Transistors/Thyristors,2026-06-07 09:28:36,1,0.1683
C7532,HoltekSemicon-HT1621B/C7532,https://www.lcsc.com/datasheet/lcsc_datasheet_2404031725_Holtek-Semicon-HT1621B_C7532.pdf,expand,0,2026-07-24 06:07:31,Holtek Semicon,HT1621B,LQFP-48(7x7),LCD Drivers,"-40℃~+85℃ 1/3,1/2 1/4,1/3,1/2 2.4V~5.2V 256kHz 3-Wire Serial Interface 32 Segment 32x4 bit 60uA LQFP-48(7x7) LCD Drivers ROHS",电压2.4V~5.2V 配置32x4bit的LCD驱动,0.6186,13346,1,LED Drivers,2026-06-07 09:28:36,1,0.6186
C75501,UTC_Unisonic_Tech-78L12G_AB3R/C75501,https://www.lcsc.com/datasheet/lcsc_datasheet_2304140030_UTC-Unisonic-Tech-78L12G-AB3-R_C75501.pdf,expand,0,2026-07-24 06:07:31,UTC(Unisonic Tech),78L12G-AB3-R,SOT-89,"Voltage Regulators - Linear, Low Drop Out (LDO) Regulators","-40℃~+85℃ 1 1.7V 100mA 12V 27V 2mA 65dB@(120Hz) 80uV Fixed Over Current Protection、Over Temperature Protection、Short Circuit Protection Positive SOT-89 Voltage Regulators - Linear, Low Drop Out (LDO) Regulators ROHS",12V 100mA 27V,0.0838,0,107,Power Management (PMIC),2026-06-07 09:28:36,109,9.1342
C75510,UTC_Unisonic_Tech-LM317AG_TN3R/C75510,https://www.lcsc.com/datasheet/lcsc_datasheet_2304140030_UTC-Unisonic-Tech-LM317AG-TN3-R_C75510.pdf,expand,0,2026-07-24 06:07:31,UTC(Unisonic Tech),LM317AG-TN3-R,TO-252-2(DPAK),"Voltage Regulators - Linear, Low Drop Out (LDO) Regulators","-40℃~+85℃ 1 1.2V~37V 1.5A 40V 5V@(500mA) 80dB@(120Hz) Adjustable Over Current Protection、Over Temperature Protection、Short Circuit Protection Positive TO-252-2(DPAK) Voltage Regulators - Linear, Low Drop Out (LDO) Regulators ROHS",1.2V~37V 1.5A 40V,0.2278,10012,1,Power Management (PMIC),2026-06-07 09:28:36,2,0.4556
C7562,STMicroelectronics-M24C02WMN6TP/C7562,https://www.lcsc.com/datasheet/lcsc_datasheet_1809061818_STMicroelectronics-M24C02-WMN6TP_C7562.pdf,expand,0,2026-07-24 06:07:31,STMicroelectronics,M24C02-WMN6TP,SOIC-8,EEPROM,"-40℃~+85℃ 2.5V~5.5V 200 Years 2Kbit 4,000,000 Cycles 400kHz 5ms I2C SOIC-8 EEPROM ROHS",1Kbit和2Kbit串行I²C总线EEPROM,0.1347,555506,1,Memory,2026-06-07 09:28:36,1,0.1347
C7593,TexasInstruments-NE555DR/C7593,https://www.lcsc.com/datasheet/lcsc_datasheet_1811012330_Texas-Instruments-NE555DR_C7593.pdf,expand,0,2026-07-24 06:07:31,Texas Instruments,NE555DR,SOIC-8,555 Timers / Counters,0℃~+70℃ 10mA 4.5V~16V SOIC-8 555 Timers / Counters ROHS,精密定时器,0.1321,210421,1,Clock/Timing,2026-06-07 09:28:36,1,0.1321
C7722,TexasInstruments-TPS61040DBVR/C7722,https://www.lcsc.com/datasheet/lcsc_datasheet_1809151118_Texas-Instruments-TPS61040DBVR_C7722.pdf,expand,0,2026-07-24 06:07:31,Texas Instruments,TPS61040DBVR,SOT-23-5,DC-DC Converters,-40℃~+125℃@(TJ) 1 1.8V~6V 1MHz 28V 28uA 400mA Adjustable Boost Boost Built-in No SOT-23-5 DC-DC Converters ROHS,升压型 400mA 1.8V~6V,1.2082,17916,1,Power Management (PMIC),2026-06-07 09:28:36,5,6.041
C78395,Brightking-P6SMB6_8CATR13/C78395,https://www.lcsc.com/datasheet/lcsc_datasheet_1810181007_Brightking-P6SMB6-8CA-TR13_C78395.pdf,base,0,2026-07-24 06:07:31,Brightking,P6SMB6.8CA/TR13,SMB(DO-214AA),ESD and Surge Protection (TVS/ESD),10.5V 1uA 5.8V 58.1A 6.45V 600W Bidirectional TVS SMB(DO-214AA) ESD and Surge Protection (TVS/ESD) ROHS,双向TVS 5.8V截止 峰值浪涌电流：58.1A,0.0551,712275,1,Circuit Protection,2026-06-07 09:28:36,5,0.2755
C7859,TexasInstruments-SN74LVC4245APWR/C7859,https://www.lcsc.com/datasheet/lcsc_datasheet_1809192324_Texas-Instruments-SN74LVC4245APWR_C7859.pdf,expand,0,2026-07-24 06:07:31,Texas Instruments,SN74LVC4245APWR,TSSOP-24,"Translators, Level Shifters","-40℃~+85℃ 1 2.7V~3.6V 4.5V~5.5V 8 Bidirectional Tri-State TSSOP-24 Translators, Level Shifters ROHS",三态输出，八路总线收发器及3.3V至5V电平转换器,0.551,52161,1,Logic,2026-06-07 09:28:36,1,0.551
C7881,RENESAS-ICL7660AIBAZAT/C7881,https://www.lcsc.com/datasheet/lcsc_datasheet_1811051712_RENESAS-ICL7660AIBAZA-T_C7881.pdf,expand,0,2026-07-24 06:07:31,RENESAS,ICL7660AIBAZA-T,SOIC-8,Charge Pumps,-12V~-1.5V -40℃~+85℃ 1.5V~12V 100uA 8kHz 97Ω 98% Inverted SOIC-8 Charge Pumps ROHS,超电压转换器,0.9601,12426,1,Power Management (PMIC),2026-06-07 09:28:36,1,0.9601
C7950,onsemi-LM358DR2G/C7950,https://www.lcsc.com/datasheet/lcsc_datasheet_2304140030_onsemi-LM358DR2G_C7950.pdf,base,0,2026-07-24 06:07:31,onsemi,LM358DR2G,SOIC-8,Operational Amplifier,-16V~16V 0℃~+70℃ 10pA/℃ 10uV/℃ 150nA 2 32V 3V~32V 40mA 5nA 700uA 70dB 7mV SOIC-8 Operational Amplifier ROHS,单电源双运算放大器,0.0569,696245,1,Amplifiers/Comparators,2026-06-07 09:28:36,1,0.0569
C7955,onsemi-LM393DR2G/C7955,https://www.lcsc.com/datasheet/lcsc_datasheet_1809171611_onsemi-LM393DR2G_C7955.pdf,base,0,2026-07-24 06:07:31,onsemi,LM393DR2G,SOIC-8,Comparators,-18V~-1V、1V~18V 0℃~+70℃ 1.3us 2 25nA 2V~36V 300ns 36V 400uA 5mV 5nA TTL、CMOS SOIC-8 Comparators ROHS,低失调电压双比较器,0.0658,271904,1,Amplifiers/Comparators,2026-06-07 09:28:36,1,0.0658
C7972,TexasInstruments-LMV321IDBVR/C7972,https://www.lcsc.com/datasheet/lcsc_datasheet_1809151123_Texas-Instruments-LMV321IDBVR_C7972.pdf,expand,0,2026-07-24 06:07:31,Texas Instruments,LMV321IDBVR,SOT-23-5,Operational Amplifier,-40℃~+125℃ 1 11nA 170uA 1MHz 1V/us 2.7V~5.5V 46nV/√Hz@1kHz 5.5V 5mA 5nA 63dB 7mV 9uV/℃ Rail-to-Rail Output SOT-23-5 Operational Amplifier ROHS,低电压轨到轨输出运算放大器,0.1305,160003,1,Amplifiers/Comparators,2026-06-07 09:28:36,5,0.6525
C79988,STMicroelectronics-M24C64RMN6TP/C79988,https://www.lcsc.com/datasheet/lcsc_datasheet_1809261911_STMicroelectronics-M24C64-RMN6TP_C79988.pdf,expand,0,2026-07-24 06:07:31,STMicroelectronics,M24C64-RMN6TP,SOIC-8,EEPROM,"-40℃~+85℃ 1.8V~5.5V 1MHz 200 Years 4,000,000 Cycles 5ms 64Kbit Hardware write protection function、Noise suppression function、Built-in power-on reset (POR)、Built-in error correction code (ECC) function I2C SOIC-8 EEPROM ROHS",64 Kbit串行I2C总线EEPROM,0.1503,123487,1,Memory,2026-06-07 09:28:36,1,0.1503
C81598,ST_Semtech-1N4148W/C81598,https://www.lcsc.com/datasheet/lcsc_datasheet_1811061725_ST-Semtech-1N4148W_C81598.pdf,base,0,2026-07-24 06:07:31,ST(Semtech),1N4148W,SOD-123,Switching Diodes,150mA 1A 1V@50mA 1uA@75V 400mW 4ns 75V Independent SOD-123 Switching Diodes ROHS,1N4148W,0.0116,2354683,1,Diodes,2026-06-07 09:28:36,15,0.174
C8218,8708-0603WAF2000T5E/C8218,https://www.lcsc.com/datasheet/lcsc_datasheet_2206010216_UNI-ROYAL-Uniroyal-Elec-0603WAF2000T5E_C8218.pdf,base,0,2026-07-24 06:07:31,UNI-ROYAL(Uniroyal Elec),0603WAF2000T5E,0603,Chip Resistor - Surface Mount,-55℃~+155℃ 100mW 200Ω 75V Thick Film Resistor ±1% ±100ppm/℃ 0603 Chip Resistor - Surface Mount ROHS,200Ω ±1% 100mW 厚膜电阻,0.0074,1662478,1,Resistors,2026-06-07 09:28:36,20,0.148
C8254,STMicroelectronics-STM8S105K6T6C/C8254,https://www.lcsc.com/datasheet/lcsc_datasheet_2304140030_STMicroelectronics-STM8S105K6T6C_C8254.pdf,expand,0,2026-07-24 06:07:31,STMicroelectronics,STM8S105K6T6C,LQFP-32(7x7),Microcontrollers (MCU/MPU/SOC),-40℃~+85℃ 10bit 16MHz 1KB 2.95V~5.5V 25 2KB 32KB 8 Bit Built-in FLASH STM8 LQFP-32(7x7) Microcontrollers (MCU/MPU/SOC) ROHS,主流基本型系列8位MCU，具有32 KB Flash、16 MHz CPU和集成EEPROM,1.8251,539,1,Embedded Processors & Controllers,2026-06-07 09:28:36,1,1.8251
C8326,8818-MMBT5401_RANGE_200_300/C8326,https://www.lcsc.com/datasheet/lcsc_datasheet_1809140241_Jiangsu-Changjing-Electronics-Technology-Co---Ltd--MMBT5401-RANGE-200-300_C8326.pdf,base,0,2026-07-24 06:07:31,"Jiangsu Changjing Electronics Technology Co., Ltd.",MMBT5401(RANGE:200-300),SOT-23,Bipolar (BJT),-55℃~+150℃ 1 PNP 100MHz 100nA 150V 300 300mW 500mV 5V 600mA PNP SOT-23 Bipolar (BJT) ROHS,MMBT5401(RANGE:200-300),0.0179,423532,1,Transistors/Thyristors,2026-06-07 09:28:36,10,0.179
C84256,85425-NCD0805R1/C84256,https://www.lcsc.com/datasheet/lcsc_datasheet_2409272203_Foshan-NationStar-Optoelectronics-NCD0805R1_C84256.pdf,base,0,2026-07-24 06:07:31,Foshan NationStar Optoelectronics,NCD0805R1,0805,LED Indication - Discrete,-30℃~+85℃ 1.6V~2.6V 130° 195mcd 25mA 615nm~630nm 630nm 65mW Discrete Diode Red 0805 LED Indication - Discrete ROHS,片式发光二极管,0.0133,1951592,1,Optoelectronics,2026-06-07 09:28:36,20,0.266
C8492,LRC-LBSS84LT1G/C8492,https://www.lcsc.com/datasheet/lcsc_datasheet_1811031711_LRC-LBSS84LT1G_C8492.pdf,expand,0,2026-07-24 06:07:31,LRC,LBSS84LT1G,SOT-23,MOSFETs,-55℃~+150℃ 1 P-Channel 10pF 10Ω@5V 130mA 225mW 2V 30pF 50V 5pF 6nC P-Channel SOT-23 MOSFETs ROHS,LBSS84LT1G,0.0213,76585,1,Transistors/Thyristors,2026-06-07 09:28:36,10,0.213
C8512,9007-MMBT2222A1P/C8512,https://www.lcsc.com/datasheet/lcsc_datasheet_1811081957_Jiangsu-Changjing-Electronics-Technology-Co---Ltd--MMBT2222A-1P_C8512.pdf,base,0,2026-07-24 06:07:31,"Jiangsu Changjing Electronics Technology Co., Ltd.",MMBT2222A 1P,SOT-23,Bipolar (BJT),-55℃~+150℃ 1 NPN 100 10nA 300MHz 300mW 40V 600mA 6V NPN SOT-23 Bipolar (BJT) ROHS,MMBT2222A 1P,0.0184,149086,1,Transistors/Thyristors,2026-06-07 09:28:36,10,0.184
C85364,ProTekDevices-SRV05_4_PT7/C85364,https://www.lcsc.com/datasheet/lcsc_datasheet_1809192313_ProTek-Devices-SRV05-4-P-T7_C85364.pdf,expand,0,2026-07-24 06:07:31,ProTek Devices,SRV05-4-P-T7,SOT-23-6,ESD and Surge Protection (TVS/ESD),12V 1A@8/20us 3.5pF 500W@8/20us 5V 5uA 6V ESD Four channels IEC 61000-4-2、IEC 61000-4-5、IEC 61000-4-4 SOT-23-6 ESD and Surge Protection (TVS/ESD) ROHS,ESD 5V截止 峰值浪涌电流：1A@8/20us,0.3047,27834,1,Circuit Protection,2026-06-07 09:28:36,5,1.5235
C8542,9037-SS8550_Y2_RANGE_200_350/C8542,https://www.lcsc.com/datasheet/lcsc_datasheet_1810161212_Jiangsu-Changjing-Electronics-Technology-Co---Ltd--SS8550-Y2-RANGE-200-350_C8542.pdf,base,0,2026-07-24 06:07:31,"Jiangsu Changjing Electronics Technology Co., Ltd.",SS8550 Y2(RANGE:200-350),SOT-23,Bipolar (BJT),-55℃~+150℃ 1 PNP 1.5A 100MHz 100nA 200 25V 300mW 500mV 5V PNP SOT-23 Bipolar (BJT) ROHS,SS8550 Y2(RANGE:200-350),0.0178,579781,1,Transistors/Thyristors,2026-06-07 09:28:36,10,0.178
C8543,9038-S9012_2T1_RANGE_200_350/C8543,https://www.lcsc.com/datasheet/lcsc_datasheet_2304140030_Jiangsu-Changjing-Electronics-Technology-Co---Ltd--S9012-2T1-RANGE-200-350_C8543.pdf,base,0,2026-07-24 06:07:31,"Jiangsu Changjing Electronics Technology Co., Ltd.",S9012 2T1(RANGE:200-350),SOT-23,Bipolar (BJT),-55℃~+150℃ 1 PNP 100nA 120 150MHz 25V 300mW 500mA 5V 600mV PNP SOT-23 Bipolar (BJT) ROHS,S9012 2T1(RANGE:200-350),0.0191,135981,1,Transistors/Thyristors,2026-06-07 09:28:36,10,0.191
C8545,9040-2N7002/C8545,https://www.lcsc.com/datasheet/lcsc_datasheet_2304140030_Jiangsu-Changjing-Electronics-Technology-Co---Ltd--2N7002_C8545.pdf,base,0,2026-07-24 06:07:31,"Jiangsu Changjing Electronics Technology Co., Ltd.",2N7002,SOT-23,MOSFETs,1 N-channel 115mA 2.5V 225mW 25pF 50pF 5pF 5Ω@10V 60V N-Channel ±20V SOT-23 MOSFETs ROHS,2N7002,0.0176,192234,1,Transistors/Thyristors,2026-06-07 09:28:36,10,0.176
C8598,9093-B5819WSL/C8598,https://www.lcsc.com/datasheet/lcsc_datasheet_2304140030_Jiangsu-Changjing-Electronics-Technology-Co---Ltd--B5819W-SL_C8598.pdf,base,0,2026-07-24 06:07:31,"Jiangsu Changjing Electronics Technology Co., Ltd.",B5819W SL,SOD-123,Schottky Diodes,1A 40V 600mV@1A 9A Independent SOD-123 Schottky Diodes ROHS,B5819W SL,0.029,626583,1,Diodes,2026-06-07 09:28:36,20,0.58
C8678,MDD_Microdiode_Semiconductor-SS34/C8678,https://www.lcsc.com/datasheet/lcsc_datasheet_2407101107_MDD-Microdiode-Semiconductor-SS34_C8678.pdf,base,0,2026-07-24 06:07:31,MDD(Microdiode Semiconductor),SS34,SMA(DO-214AC),Schottky Diodes,-55℃~+125℃ 3A 40V 500uA@40V 550mV@3A Independent SMA(DO-214AC) Schottky Diodes ROHS,SS34,0.0348,2276100,1,Diodes,2026-06-07 09:28:36,9,0.3132
C8734,STMicroelectronics-STM32F103C8T6/C8734,https://www.lcsc.com/datasheet/lcsc_datasheet_2302211130_STMicroelectronics-STM32F103C8T6_C8734.pdf,expand,0,2026-07-24 06:07:31,STMicroelectronics,STM32F103C8T6,LQFP-48(7x7),Microcontrollers (MCU/MPU/SOC),-40℃~+85℃ 12bit 20KB 2V~3.6V 32 Bit 37 64KB 72MHz ARM Cortex-M3 Built-in FLASH LQFP-48(7x7) Microcontrollers (MCU/MPU/SOC) ROHS,主流增强型ARM Cortex-M3 MCU，具有64 KB Flash、72 MHz CPU、电机控制、USB和CAN,1.9878,162563,1,Embedded Processors & Controllers,2026-06-07 09:28:36,1,1.9878
C8959,9478-DS1302Z_TR/C8959,https://www.lcsc.com/datasheet/lcsc_datasheet_2304140030_Analog-Devices-Inc--Maxim-Integrated-DS1302Z-T-R_C8959.pdf,expand,0,2026-07-24 06:07:31,Analog Devices Inc./Maxim Integrated,DS1302Z+T&R,SOIC-8,Real Time Clocks,0℃~+70℃ 1nA 2V~5.5V 300nA Backup power management and battery charging、InsideSRAM/NVRAM、Sleep/Wake control External SPI SOIC-8 Real Time Clocks ROHS,带涓流充电的时钟芯片,1.1598,12665,1,Clock/Timing,2026-06-07 09:28:36,1,1.1598
C8963,MaxLinear-SP3485EN_LTR/C8963,https://www.lcsc.com/datasheet/lcsc_datasheet_2304140030_MaxLinear-SP3485EN-L-TR_C8963.pdf,base,0,2026-07-24 06:07:31,MaxLinear,SP3485EN-L/TR,SOIC-8,RS-485 / RS-422 ICs,-40℃~+85℃ 1 1 10Mbps 2mA 3.3V 32 Half-Duplex Transceiver SOIC-8 RS-485 / RS-422 ICs ROHS,SP3485 +3.3V低功耗半双工RS-485收发器，数据速率10Mbps,0.2885,333418,1,Interface,2026-06-07 09:28:36,1,0.2885
C89811,90993-NCD0603Y2/C89811,https://www.lcsc.com/datasheet/lcsc_datasheet_2008201033_Foshan-NationStar-Optoelectronics-NCD0603Y2_C89811.pdf,expand,0,2026-07-24 06:07:31,Foshan NationStar Optoelectronics,NCD0603Y2,0603,LED Indication - Discrete,-30℃~+85℃ 1.6V~2.6V 130° 220mcd 25mA 586nm~595nm 595nm 65mW Discrete Diode Yellow 0603 LED Indication - Discrete ROHS,片式发光二极管,0.0159,16318,564,Optoelectronics,2026-06-07 09:28:36,570,9.063
C9002,YXC_CrystalOscillators-X322512MSB4SI/C9002,https://www.lcsc.com/datasheet/lcsc_datasheet_2403291504_YXC-Crystal-Oscillators-X322512MSB4SI_C9002.pdf,base,0,2026-07-24 06:07:31,YXC Crystal Oscillators,X322512MSB4SI,SMD3225-4P,Crystals,-40℃~+85℃ 12MHz 20pF Crystal Oscillator ±10ppm ±20ppm SMD3225-4P Crystals ROHS,YSX321SL 12MHZ 4P 3225 20PF ±10PPM -40~85℃ (±20PPM),0.0949,258097,1,"Crystals, Oscillators, Resonators",2026-06-07 09:28:36,5,0.4745
C9006,YXC_CrystalOscillators-X322525MOB4SI/C9006,https://www.lcsc.com/datasheet/lcsc_datasheet_2403291504_YXC-Crystal-Oscillators-X322525MOB4SI_C9006.pdf,base,0,2026-07-24 06:07:31,YXC Crystal Oscillators,X322525MOB4SI,SMD3225-4P,Crystals,-40℃~+85℃ 12pF 25MHz Crystal Oscillator ±10ppm ±20ppm SMD3225-4P Crystals ROHS,YSX321SL 25MHZ 4P 3225 12PF ±10PPM -40~85℃ (±20PPM),0.0996,185262,1,"Crystals, Oscillators, Resonators",2026-06-07 09:28:36,5,0.498
C9196,9721-1206B102K202NT/C9196,https://www.lcsc.com/datasheet/lcsc_datasheet_2304140030_FH--Guangdong-Fenghua-Advanced-Tech-1206B102K202NT_C9196.pdf,base,0,2026-07-24 06:07:31,FH (Guangdong Fenghua Advanced Tech),1206B102K202NT,1206,Multilayer Ceramic Capacitors MLCC - SMD/SMT,1nF 2kV X7R ±10% 1206 Multilayer Ceramic Capacitors MLCC - SMD/SMT ROHS,1nF ±10% 2kV,0.0661,1294526,1,Capacitors,2026-06-07 09:28:36,11,0.7271
C95872,MDD_Microdiode_Semiconductor-M7/C95872,https://www.lcsc.com/datasheet/lcsc_datasheet_2407101107_MDD-Microdiode-Semiconductor-M7_C95872.pdf,base,0,2026-07-24 06:07:31,MDD(Microdiode Semiconductor),M7,SMA(DO-214AC),Diodes - General Purpose,-55℃~+150℃ 1.1V@1A 1A 1kV 30A 5uA@1kV Independent SMA(DO-214AC) Diodes - General Purpose ROHS,M7,0.0105,2491628,1,Diodes,2026-06-07 09:28:36,11,0.1155
C96123,97327-CL31A476MPHNNNE/C96123,https://www.lcsc.com/datasheet/lcsc_datasheet_2304140030_Samsung-Electro-Mechanics-CL31A476MPHNNNE_C96123.pdf,base,0,2026-07-24 06:07:31,Samsung Electro-Mechanics,CL31A476MPHNNNE,1206,Multilayer Ceramic Capacitors MLCC - SMD/SMT,10V 47uF X5R ±20% 1206 Multilayer Ceramic Capacitors MLCC - SMD/SMT ROHS,47uF ±20% 10V,0.3852,818379,1,Capacitors,2026-06-07 09:28:36,5,1.926
C9634,10164-D882_RANGE_160_320/C9634,https://www.lcsc.com/datasheet/lcsc_datasheet_1809192311_Jiangsu-Changjing-Electronics-Technology-Co---Ltd--D882-RANGE-160-320_C9634.pdf,base,0,2026-07-24 06:07:31,"Jiangsu Changjing Electronics Technology Co., Ltd.",D882(RANGE:160-320),SOT-89-3L,Bipolar (BJT),-55℃~+150℃ 1 NPN 160 1uA 30V 3A 500mV 500mW 50MHz 6V NPN SOT-89-3L Bipolar (BJT) ROHS,D882(RANGE:160-320),0.0692,142829,1,Transistors/Thyristors,2026-06-07 09:28:36,5,0.346
C96446,97651-CL10A106MA8NRNC/C96446,https://www.lcsc.com/datasheet/lcsc_datasheet_2304140030_Samsung-Electro-Mechanics-CL10A106MA8NRNC_C96446.pdf,base,0,2026-07-24 06:07:31,Samsung Electro-Mechanics,CL10A106MA8NRNC,0603,Multilayer Ceramic Capacitors MLCC - SMD/SMT,10uF 25V X5R ±20% 0603 Multilayer Ceramic Capacitors MLCC - SMD/SMT ROHS,10uF ±20% 25V,0.1246,8315116,1,Capacitors,2026-06-07 09:28:36,20,2.492
C9669,AnalogDevices-ADUM1201ARZRL7/C9669,https://www.lcsc.com/datasheet/lcsc_datasheet_1810151812_Analog-Devices-ADUM1201ARZ-RL7_C9669.pdf,expand,0,2026-07-24 06:07:31,Analog Devices,ADUM1201ARZ-RL7,SOIC-8,Digital Isolators,-40℃~+105℃ 1 1 1Mbps 2.7V~5.5V 2.7V~5.5V 2500 25kV/us 50ns Bidirectional signal isolation、Multi-voltage domain interface、Power-on reset SOIC-8 Digital Isolators ROHS,双通道数字隔离器（1/1通道方向性）,2.1537,23321,1,Signal Isolation Devices,2026-06-07 09:28:36,1,2.1537
C9683,TexasInstruments-ULN2803ADWR/C9683,https://www.lcsc.com/datasheet/lcsc_datasheet_1810272108_Texas-Instruments-ULN2803ADWR_C9683.pdf,expand,0,2026-07-24 06:07:31,Texas Instruments,ULN2803ADWR,SOIC-18-300mil,Darlington Transistor Arrays,-40℃~+85℃ 500mA 50V 8 SOIC-18-300mil Darlington Transistor Arrays ROHS,ULN2803ADWR,6.2162,2380,1,Transistors/Thyristors,2026-06-07 09:28:36,1,6.2162
C97521,WinbondElec-W25Q128JVSIQ/C97521,https://www.lcsc.com/datasheet/lcsc_datasheet_1811142111_Winbond-Elec-W25Q128JVSIQ_C97521.pdf,base,0,2026-07-24 06:07:31,Winbond Elec,W25Q128JVSIQ,SOIC-8-208mil,NOR FLASH,"-40℃~+85℃ 100,000 cycles 120ms@(32KB) 128Mbit 133MHz 1uA 2.7V~3.6V 20 Years 3ms Power-on reset、Hardware write protection、Software write protection、Write enable latch、Absolute write protection SPI SOIC-8-208mil NOR FLASH ROHS",编带 支持双路/四路SPI接口的3V、128Mbit 串行闪存,2.5242,138743,1,Memory,2026-06-07 09:28:36,1,2.5242
C9861,STMicroelectronics-STM32L151C8T6/C9861,https://www.lcsc.com/datasheet/lcsc_datasheet_2304140030_STMicroelectronics-STM32L151C8T6_C9861.pdf,expand,0,2026-07-24 06:07:31,STMicroelectronics,STM32L151C8T6,LQFP-48(7x7),Microcontrollers (MCU/MPU/SOC),-40℃~+85℃ 1.8V~3.6V 10KB 12bit 12bit 32 Bit 32MHz 37 4KB 64KB ARM Cortex-M3 Built-in FLASH LQFP-48(7x7) Microcontrollers (MCU/MPU/SOC) ROHS,超低功耗Arm Cortex-M3 MCU，具有64-KB Flash存储器、32 MHz CPU和USB,7.4356,627,1,Embedded Processors & Controllers,2026-06-07 09:28:36,1,7.4356
C9864,TexasInstruments-TPS5430DDAR/C9864,https://www.lcsc.com/datasheet/lcsc_datasheet_1811081920_Texas-Instruments-TPS5430DDAR_C9864.pdf,base,0,2026-07-24 06:07:31,Texas Instruments,TPS5430DDAR,SOIC-8-EP,DC-DC Converters,-40℃~+125℃@(TJ) 1 1.221V~32.04V 3A 4.4mA 5.5V~36V 500kHz Adjustable Buck Buck Built-in No SOIC-8-EP DC-DC Converters ROHS,降压型 3A 5.5V~36V,0.9633,112945,1,Power Management (PMIC),2026-06-07 09:28:36,1,0.9633
C9865,TexasInstruments-TPS54331DR/C9865,https://www.lcsc.com/datasheet/lcsc_datasheet_1808272040_Texas-Instruments-TPS54331DR_C9865.pdf,expand,0,2026-07-24 06:07:31,Texas Instruments,TPS54331DR,SOIC-8,DC-DC Converters,-40℃~+150℃@(TJ) 1 110uA 3.5V~28V 3A 570kHz 800mV~25V Adjustable Buck Buck Built-in No SOIC-8 DC-DC Converters ROHS,降压型 3A 3.5V~28V,0.4398,84481,1,Power Management (PMIC),2026-06-07 09:28:36,1,0.4398
C10000,TexasInstruments-LM2596SADJ/C10000,,expand,1,2025-04-11 03:46:13,Texas Instruments,LM2596S-ADJ,TO-263-5(DDPAK),DC-DC Converters,Step-down type 4.5V~40V 3A TO-263-5(DDPAK)  DC-DC Converters ROHS,LM2596S-ADJ,0.2985,0,28,Power Management (PMIC),,,
C101412,LizElec-CR0805F81050G/C101412,8.590913524565176e+18,expand,1,2025-04-11 03:46:13,Liz Elec,CR0805F81050G,0805,Chip Resistor - Surface Mount,±1% 105Ω 0805  Chip Resistor - Surface Mount ROHS,105Ω ±1%,0.0015,0,4512,Resistors,,,
C101470,LizElec-CR0805F81401G/C101470,8.590913524573158e+18,expand,1,2025-04-11 03:46:13,Liz Elec,CR0805F81401G,0805,Chip Resistor - Surface Mount,125mW 150V ±1% 1.4kΩ 0805  Chip Resistor - Surface Mount ROHS,1.4kΩ ±1% 125mW,0.0024,4073,1,Resistors,,,
C102076,LizElec-CR1206F41204G/C102076,8.590912087185314e+18,expand,1,2025-04-11 03:46:13,Liz Elec,CR1206F41204G,1206,Chip Resistor - Surface Mount,±1% 1.2MΩ 1206  Chip Resistor - Surface Mount ROHS,1.2MΩ ±1%,0.0033,30,2198,Resistors,,,
C102681,Ralec-RTT010000FTH/C102681,,expand,1,2025-04-11 03:46:13,Ralec,RTT010000FTH,0201,Chip Resistor - Surface Mount,RALEC RTT010000FTH,0Ω(0000) ±1%,0.0004,0,10000,Resistors,,,
C102682,Ralec-RTT01000JTH/C102682,,expand,1,2025-04-11 03:46:13,Ralec,RTT01000JTH,0201,Chip Resistor - Surface Mount,0201  Chip Resistor - Surface Mount ROHS,0Ω(000) ±5%,0.0004,0,10000,Resistors,,,
C112792,KecSemicon-KRA302E_RTKP/C112792,8.590912088104002e+18,expand,1,2025-04-11 03:46:13,Kec Semicon,KRA302E-RTK/P,ESM,Bipolar (BJT),ESM  Bipolar (BJT) ROHS,KRA302E-RTK/P,0.0296,0,253,Transistors/Thyristors,,,
C113400,114635-IPP034N08N5AKSA1/C113400,,expand,1,2025-04-11 03:46:13,Infineon Technologies,IPP034N08N5AKSA1,TO-220-3,MOSFETs,Infineon Technologies IPP034N08N5AKSA1,IPP034N08N5AKSA1,6.189,0,2,Transistors/Thyristors,,,
C114674,115918-0201WMF4300TCE/C114674,,expand,1,2025-04-11 03:46:13,uni-royal(uniroyal elec),0201WMF4300TCE,0201,Chip Resistor - Surface Mount,UNI-ROYAL(Uniroyal Elec) 0201WMF4300TCE,430Ω ±1% 50mW 厚膜电阻,0.001,0,8572,Resistors,,,
C115552,116800-C0201C0G2R7C500NTA/C115552,,expand,1,2025-04-11 03:46:13,eyang(shenzhen Eyang Tech development),C0201C0G2R7C500NTA,0201,Multilayer Ceramic Capacitors MLCC - SMD/SMT,EYANG(Shenzhen Eyang Tech Development) C0201C0G2R7C500NTA,2.7pF 50V,0.0006,0,14286,Capacitors,,,
C123436,Walsin_TechCorp-0201B103K100/C123436,,expand,1,2025-04-11 03:46:13,Walsin Tech Corp,0201B103K100,0201,Multilayer Ceramic Capacitors MLCC - SMD/SMT,Walsin Tech Corp 0201B103K100,±10%,0.0034,0,2381,Capacitors,,,
C123437,Walsin_TechCorp-0201N100J500/C123437,,expand,1,2025-04-11 03:46:13,Walsin Tech Corp,0201N100J500,0201,Multilayer Ceramic Capacitors MLCC - SMD/SMT,Walsin Tech Corp 0201N100J500,10pF 50V,0.0027,0,2956,Capacitors,,,
C123438,Walsin_TechCorp-0201N200J500/C123438,,expand,1,2025-04-11 03:46:13,Walsin Tech Corp,0201N200J500,0201,Multilayer Ceramic Capacitors MLCC - SMD/SMT,Walsin Tech Corp 0201N200J500,±5%,0.0015,0,5358,Capacitors,,,
C142300,EverlightElec-ELM3052_TA/C142300,,expand,1,2025-04-04 03:45:28,Everlight Elec,ELM3052(TA),SOP-4-175mil,"Triac, SCR Output Optoisolators","SOP-4-175mil  Triac, SCR Output Optoisolators ROHS",ELM3052(TA),0.2018,5,38,Optoisolators,,,
C151033,DiodesIncorporated-APX809_40SAG7/C151033,8.590912460083834e+18,expand,1,2025-03-28 03:45:45,Diodes Incorporated,APX809-40SAG-7,SOT-23-3,Supervisor and Reset ICs,140ms Active Low 1 SOT-23-3  Supervisor and Reset ICs ROHS,APX809-40SAG-7,0.1212,0,67,Power Management (PMIC),,,
C152756,Walsin_TechCorp-0201X333K6R3/C152756,,expand,1,2025-04-11 03:46:13,Walsin Tech Corp,0201X333K6R3,0201,Multilayer Ceramic Capacitors MLCC - SMD/SMT,Walsin Tech Corp 0201X333K6R3,33nF 6.3V,0.0015,0,5358,Capacitors,,,
C152759,Walsin_TechCorp-0201X104K100/C152759,,expand,1,2025-04-11 03:46:13,Walsin Tech Corp,0201X104K100,0201,Multilayer Ceramic Capacitors MLCC - SMD/SMT,Walsin Tech Corp 0201X104K100,±10%,0.0008,0,9524,Capacitors,,,
C152763,Walsin_TechCorp-0201N5R6C500/C152763,,expand,1,2025-04-11 03:46:13,Walsin Tech Corp,0201N5R6C500,0201,Multilayer Ceramic Capacitors MLCC - SMD/SMT,Walsin Tech Corp 0201N5R6C500,5.6pF 50V,0.0014,0,5715,Capacitors,,,
C152764,Walsin_TechCorp-0201N560J500/C152764,,expand,1,2025-04-11 03:46:13,Walsin Tech Corp,0201N560J500,0201,Multilayer Ceramic Capacitors MLCC - SMD/SMT,Walsin Tech Corp 0201N560J500,56pF 50V,0.0007,0,10715,Capacitors,,,
C152766,Walsin_TechCorp-0201N470J500/C152766,,expand,1,2025-04-11 03:46:13,Walsin Tech Corp,0201N470J500,0201,Multilayer Ceramic Capacitors MLCC - SMD/SMT,Walsin Tech Corp 0201N470J500,47pF 50V,0.0024,0,3297,Capacitors,,,
C152768,Walsin_TechCorp-0201N330J500/C152768,,expand,1,2025-04-11 03:46:13,Walsin Tech Corp,0201N330J500,0201,Multilayer Ceramic Capacitors MLCC - SMD/SMT,Walsin Tech Corp 0201N330J500,33pF 50V,0.0031,0,2598,Capacitors,,,
C152769,Walsin_TechCorp-0201N2R7C500/C152769,,expand,1,2025-04-11 03:46:13,Walsin Tech Corp,0201N2R7C500,0201,Multilayer Ceramic Capacitors MLCC - SMD/SMT,Walsin Tech Corp 0201N2R7C500,2.7pF 50V,0.0033,0,2381,Capacitors,,,
C152772,Walsin_TechCorp-0201N1R2B500/C152772,,expand,1,2025-04-11 03:46:13,Walsin Tech Corp,0201N1R2B500,0201,Multilayer Ceramic Capacitors MLCC - SMD/SMT,Walsin Tech Corp 0201N1R2B500,1.2pF 50V,0.0015,0,5358,Capacitors,,,
C152773,Walsin_TechCorp-0201N180J500/C152773,,expand,1,2025-04-11 03:46:13,Walsin Tech Corp,0201N180J500,0201,Multilayer Ceramic Capacitors MLCC - SMD/SMT,Walsin Tech Corp 0201N180J500,18pF 50V,0.0036,0,2256,Capacitors,,,
C152774,Walsin_TechCorp-0201N120J500/C152774,,expand,1,2025-04-11 03:46:13,Walsin Tech Corp,0201N120J500,0201,Multilayer Ceramic Capacitors MLCC - SMD/SMT,Walsin Tech Corp 0201N120J500,±5%,0.0015,0,5042,Capacitors,,,
C158713,Ralec-RTT012200FTH/C158713,,expand,1,2025-04-11 03:46:13,Ralec,RTT012200FTH,0201,Chip Resistor - Surface Mount,0201  Chip Resistor - Surface Mount ROHS,220Ω(2200) ±1%,0.0011,0,7143,Resistors,,,
C158730,Ralec-RTT011623FTH/C158730,,expand,1,2025-04-11 03:46:13,Ralec,RTT011623FTH,0201,Chip Resistor - Surface Mount,0201  Chip Resistor - Surface Mount ROHS,162KΩ(1623) ±1%,0.0006,0,10000,Resistors,,,
C158766,Ralec-RTT01162JTH/C158766,,expand,1,2025-04-11 03:46:13,Ralec,RTT01162JTH,0201,Chip Resistor - Surface Mount,0201  Chip Resistor - Surface Mount ROHS,1.6KΩ(162) ±5%,0.0007,0,10000,Resistors,,,
C158772,Ralec-RTT01161JTH/C158772,,expand,1,2025-04-11 03:46:13,Ralec,RTT01161JTH,0201,Chip Resistor - Surface Mount,0201  Chip Resistor - Surface Mount ROHS,160Ω(161) ±5%,0.0005,0,10000,Resistors,,,
C158774,Ralec-RTT01160JTH/C158774,,expand,1,2025-04-11 03:46:13,Ralec,RTT01160JTH,0201,Chip Resistor - Surface Mount,0201  Chip Resistor - Surface Mount ROHS,16Ω(160) ±5%,0.0005,0,10000,Resistors,,,
C158786,Ralec-RTT01155JTH/C158786,,expand,1,2025-04-11 03:46:13,Ralec,RTT01155JTH,0201,Chip Resistor - Surface Mount,0201  Chip Resistor - Surface Mount ROHS,1.5MΩ(155) ±5%,0.0009,0,8572,Resistors,,,
C158799,Ralec-RTT011472FTH/C158799,,expand,1,2025-04-11 03:46:13,Ralec,RTT011472FTH,0201,Chip Resistor - Surface Mount,0201  Chip Resistor - Surface Mount ROHS,14.7KΩ(1472) ±1%,0.0006,0,10000,Resistors,,,
C158824,Ralec-RTT01124JTH/C158824,,expand,1,2025-04-11 03:46:13,Ralec,RTT01124JTH,0201,Chip Resistor - Surface Mount,0201  Chip Resistor - Surface Mount ROHS,120KΩ(124) ±5%,0.0005,0,10000,Resistors,,,
C158834,Ralec-RTT01121JTH/C158834,,expand,1,2025-04-11 03:46:13,Ralec,RTT01121JTH,0201,Chip Resistor - Surface Mount,0201  Chip Resistor - Surface Mount ROHS,120Ω(121) ±5%,0.0005,0,10000,Resistors,,,
C158840,Ralec-RTT01120JTH/C158840,,expand,1,2025-04-11 03:46:13,Ralec,RTT01120JTH,0201,Chip Resistor - Surface Mount,0201  Chip Resistor - Surface Mount ROHS,12Ω(120) ±5%,0.0005,0,10000,Resistors,,,
C158850,Ralec-RTT011151FTH/C158850,,expand,1,2025-04-11 03:46:13,Ralec,RTT011151FTH,0201,Chip Resistor - Surface Mount,0201  Chip Resistor - Surface Mount ROHS,1.15KΩ(1151) ±1%,0.0006,0,10000,Resistors,,,
C158856,Ralec-RTT01113JTH/C158856,,expand,1,2025-04-11 03:46:13,Ralec,RTT01113JTH,0201,Chip Resistor - Surface Mount,0201  Chip Resistor - Surface Mount ROHS,11KΩ(113) ±5%,0.0005,0,10000,Resistors,,,
C1593791,Rubycon-50ZLH100MEFCTA8X115/C1593791,,expand,1,2025-04-11 03:46:13,Rubycon,50ZLH100MEFCTA8X11.5,"Plugin,D8xL11.5mm",Aluminum Electrolytic Capacitors - Leaded,Rubycon 50ZLH100MEFCTA8X11.5,100uF ±20% 50V,0.0822,0,93,Capacitors,,,
C16654,17337-0_22uF_224_10_63V/C16654,,expand,1,2025-04-11 03:46:13,Samsung electro-mechanics,0.22uF(224) ±10% 6.3V,0201,Multilayer Ceramic Capacitors MLCC - SMD/SMT,Samsung Electro-Mechanics 0.22uF(224) ±10% 6.3V,220nF (224) ±10% 6.3V,0.0059,0,1361,Capacitors,,,
C170200,Walsin_TechCorp-WR02X103JAL/C170200,,expand,1,2025-04-11 03:46:13,Walsin Tech Corp,WR02X103JAL,0201,Chip Resistor - Surface Mount,Walsin Tech Corp WR02X103JAL,10kΩ 50mW,0.0005,0,15000,Resistors,,,
C170203,Walsin_TechCorp-WR02X204JAL/C170203,,expand,1,2025-04-11 03:46:13,Walsin Tech Corp,WR02X204JAL,0201,Chip Resistor - Surface Mount,0201  Chip Resistor - Surface Mount ROHS,200KΩ(204) ±5%,0.0005,0,14286,Resistors,,,
C170204,Walsin_TechCorp-WR02X220JAL/C170204,,expand,1,2025-04-11 03:46:13,Walsin Tech Corp,WR02X220JAL,0201,Chip Resistor - Surface Mount,Walsin Tech Corp WR02X220JAL,22Ω 50mW,0.0007,0,12245,Resistors,,,
C171937,Walsin_TechCorp-WR02X104JAL/C171937,,expand,1,2025-04-11 03:46:13,Walsin Tech Corp,WR02X104JAL,0201,Chip Resistor - Surface Mount,Walsin Tech Corp WR02X104JAL,100kΩ 50mW,0.0005,0,15000,Resistors,,,
C171942,Walsin_TechCorp-WR02X154JAL/C171942,,expand,1,2025-04-11 03:46:13,Walsin Tech Corp,WR02X154JAL,0201,Chip Resistor - Surface Mount,Walsin Tech Corp WR02X154JAL,150kΩ 50mW,0.0007,0,12245,Resistors,,,
C171946,Walsin_TechCorp-WR02X202JAL/C171946,,expand,1,2025-04-11 03:46:13,Walsin Tech Corp,WR02X202JAL,0201,Chip Resistor - Surface Mount,Walsin Tech Corp WR02X202JAL,2kΩ 50mW,0.0014,0,5715,Resistors,,,
C171947,Walsin_TechCorp-WR02X203JAL/C171947,,expand,1,2025-04-11 03:46:13,Walsin Tech Corp,WR02X203JAL,0201,Chip Resistor - Surface Mount,Walsin Tech Corp WR02X203JAL,20kΩ 50mW,0.001,0,7793,Resistors,,,
C171949,Walsin_TechCorp-WR02X221JAL/C171949,,expand,1,2025-04-11 03:46:13,Walsin Tech Corp,WR02X221JAL,0201,Chip Resistor - Surface Mount,Walsin Tech Corp WR02X221JAL,220Ω 50mW,0.0005,0,15000,Resistors,,,
C171959,Walsin_TechCorp-WR02X302JAL/C171959,,expand,1,2025-04-11 03:46:13,Walsin Tech Corp,WR02X302JAL,0201,Chip Resistor - Surface Mount,Walsin Tech Corp WR02X302JAL,3kΩ 50mW,0.0006,0,14286,Resistors,,,
C171962,Walsin_TechCorp-WR02X330JAL/C171962,,expand,1,2025-04-11 03:46:13,Walsin Tech Corp,WR02X330JAL,0201,Chip Resistor - Surface Mount,Walsin Tech Corp WR02X330JAL,33Ω 50mW,0.001,0,8572,Resistors,,,
C172826,Walsin_TechCorp-RF03N0R3B250/C172826,,expand,1,2025-04-11 03:46:13,Walsin Tech Corp,RF03N0R3B250,0201,Multilayer Ceramic Capacitors MLCC - SMD/SMT,Walsin Tech Corp RF03N0R3B250,0.3pF 25V,0.0072,0,1128,Capacitors,,,
C172834,Walsin_TechCorp-RF03N100J250/C172834,,expand,1,2025-04-11 03:46:13,Walsin Tech Corp,RF03N100J250,0201,Multilayer Ceramic Capacitors MLCC - SMD/SMT,Walsin Tech Corp RF03N100J250,±5%,0.0161,0,505,Capacitors,,,
C172847,Walsin_TechCorp-RF03N2R7B250/C172847,,expand,1,2025-04-11 03:46:13,Walsin Tech Corp,RF03N2R7B250,0201,Multilayer Ceramic Capacitors MLCC - SMD/SMT,Walsin Tech Corp RF03N2R7B250,2.7pF 25V,0.0081,0,997,Capacitors,,,
C172856,Walsin_TechCorp-RF03N150J250/C172856,,expand,1,2025-04-11 03:46:13,Walsin Tech Corp,RF03N150J250,0201,Multilayer Ceramic Capacitors MLCC - SMD/SMT,Walsin Tech Corp RF03N150J250,±5%,0.008,0,1009,Capacitors,,,
C179911,TexasInstruments-SN74LVC1G97QDCKRQ1/C179911,8.590912284665594e+18,expand,1,2025-04-11 03:46:13,Texas Instruments,SN74LVC1G97QDCKRQ1,SC-70-6,Logic Gates,1.65V~5.5V 1 ConfigurableMultipleFunction SC-70-6  Logic Gates ROHS,SN74LVC1G97QDCKRQ1,0.2319,0,31,Logic,,,
C180268,Walsin_TechCorp-RF03N3R3B250/C180268,,expand,1,2025-04-11 03:46:13,Walsin Tech Corp,RF03N3R3B250,0201,Multilayer Ceramic Capacitors MLCC - SMD/SMT,Walsin Tech Corp RF03N3R3B250,±0.1pF,0.0085,0,953,Capacitors,,,
C180290,Walsin_TechCorp-WR02X105JAL/C180290,,expand,1,2025-04-11 03:46:13,Walsin Tech Corp,WR02X105JAL,0201,Chip Resistor - Surface Mount,Walsin Tech Corp WR02X105JAL,1MΩ 50mW,0.0005,0,15000,Resistors,,,
C183667,195071-C0201COG3R3C500NTA/C183667,,expand,1,2025-04-11 03:46:13,eyang(shenzhen Eyang Tech development),C0201COG3R3C500NTA,0201,Multilayer Ceramic Capacitors MLCC - SMD/SMT,EYANG(Shenzhen Eyang Tech Development) C0201COG3R3C500NTA,3.3pF 50V,0.0031,0,2679,Capacitors,,,
C183668,195072-C0201COG3R9C500NTA/C183668,,expand,1,2025-04-11 03:46:13,eyang(shenzhen Eyang Tech development),C0201COG3R9C500NTA,0201,Multilayer Ceramic Capacitors MLCC - SMD/SMT,EYANG(Shenzhen Eyang Tech Development) C0201COG3R9C500NTA,3.9pF 50V,0.0034,0,2381,Capacitors,,,
C183669,195073-C0201COG4R7C500NTA/C183669,,expand,1,2025-04-11 03:46:13,eyang(shenzhen Eyang Tech development),C0201COG4R7C500NTA,0201,Multilayer Ceramic Capacitors MLCC - SMD/SMT,EYANG(Shenzhen Eyang Tech Development) C0201COG4R7C500NTA,4.7pF 50V,0.0032,0,2521,Capacitors,,,
C183676,195080-C0201COG220J500NTA/C183676,,expand,1,2025-04-11 03:46:13,eyang(shenzhen Eyang Tech development),C0201COG220J500NTA,0201,Multilayer Ceramic Capacitors MLCC - SMD/SMT,EYANG(Shenzhen Eyang Tech Development) C0201COG220J500NTA,22pF 50V,0.0011,0,7143,Capacitors,,,
C1854033,1944846-1ED44175N01BXTSA1/C1854033,,expand,1,2025-04-11 03:46:13,Infineon Technologies,1ED44175N01BXTSA1,SOT-23-6,Gate Drivers,Infineon Technologies 1ED44175N01BXTSA1,1ED44175N01BXTSA1,0.717,0,12,Power Management (PMIC),,,
C1974065,DiodesIncorporated-DFLT15A7/C1974065,,expand,1,2025-04-11 03:46:13,Diodes Incorporated,DFLT15A-7,Power-DI-123,ESD and Surge Protection (TVS/ESD),Diodes Incorporated DFLT15A-7,DFLT15A-7,0.087,0,39,Circuit Protection,,,
C202859,MegawinTech-MPC89L515AF/C202859,8.590912637985508e+18,expand,1,2025-04-11 03:46:13,Megawin Tech,MPC89L515AF,PQFP-44(10x10),Microcontrollers (MCU/MPU/SOC),Megawin Tech MPC89L515AF,MPC89L515AF,1.3155,0,6,Embedded Processors & Controllers,,,
C210465,Tdk-B72207S0750K101/C210465,8.590912285601329e+18,expand,1,2025-04-11 03:46:13,Tdk,B72207S0750K101,Plugin,Varistors,100V 75V 120V Plugin  Varistors ROHS,B72207S0750K101,0.0405,11,186,Circuit Protection,,,
C210695,Tdk-B72214S2421K101/C210695,8.59091228577316e+18,expand,1,2025-04-11 03:46:13,Tdk,B72214S2421K101,Plugin,Varistors,560V 420V 680V Plugin  Varistors ROHS,B72214S2421K101,0.087,0,78,Circuit Protection,,,
C2151389,2243437-BGC100GN6E6327XTSA1/C2151389,,expand,1,2025-04-11 03:46:13,Infineon Technologies,BGC100GN6E6327XTSA1,TSNP-6-2,RF Amplifiers,Infineon Technologies BGC100GN6E6327XTSA1,BGC100GN6E6327XTSA1,0.3684,0,24,RF & Wireless,,,
C2151411,2243459-BGM15LA12E6327XTSA1/C2151411,,expand,1,2025-04-11 03:46:13,Infineon Technologies,BGM15LA12E6327XTSA1,ATSLP-12-3,RF Amplifiers,Infineon Technologies BGM15LA12E6327XTSA1,BGM15LA12E6327XTSA1,0.714,0,13,RF & Wireless,,,
C2151894,2243942-BGS12S3N6E6327XTSA1/C2151894,,expand,1,2025-04-11 03:46:13,Infineon Technologies,BGS12S3N6E6327XTSA1,PG-TSNP-6-6,RF Switches,Infineon Technologies BGS12S3N6E6327XTSA1,BGS12S3N6E6327XTSA1,0.0515,0,65,RF & Wireless,,,
C231048,Yageo-AC2512JK07620RL/C231048,8.590912570532712e+18,expand,1,2025-04-11 03:46:13,Yageo,AC2512JK-07620RL,2512,Chip Resistor - Surface Mount,1W Thick Film Resistors 500V ±5% ±100ppm/℃ 620Ω 2512  Chip Resistor - Surface Mount ROHS,厚膜电阻 620Ω ±5% 1W,0.0186,2,387,Resistors,,,
C231319,OmronElectronics-B3F3125/C231319,8.590912286578195e+18,expand,1,2025-04-11 03:46:13,Omron Electronics,B3F-3125,Plugin,Tactile Switches,Plugin  Tactile Switches ROHS,B3F-3125,0.0896,0,95,Switches,,,
C236260,Onsemi-NCP3066DR2G/C236260,8.590912649289429e+18,expand,1,2025-04-11 03:46:13,Onsemi,NCP3066DR2G,SOIC-8,LED Drivers,150kHz 1 DC-DCVoltage Stabilizer 1.5A 3V~40V SOIC-8  LED Drivers ROHS,NCP3066DR2G,1.2765,0,7,LED Drivers,,,
C2440242,Diyi_ElecTech-SR1060L/C2440242,8.590913560161965e+18,expand,1,2025-04-11 03:46:13,Diyi Elec Tech,SR1060L,DO-201AD,Schottky Diodes,DIYI Elec Tech SR1060L,SR1060L,0.0722,0,116,Diodes,,,
C246996,244204-0201WMF1203TCE/C246996,,expand,1,2025-04-11 03:46:13,uni-royal(uniroyal elec),0201WMF1203TCE,0201,Chip Resistor - Surface Mount,50mW Thick Film Resistors 25V ±1% 120kΩ 0201  Chip Resistor - Surface Mount ROHS,120kΩ ±1% 50mW 厚膜电阻,0.0005,0,15000,Resistors,,,
C25057,25800-0201WMJ0221TEE/C25057,,expand,1,2025-04-11 03:46:13,uni-royal(uniroyal elec),0201WMJ0221TEE,0201,Chip Resistor - Surface Mount,UNI-ROYAL(Uniroyal Elec) 0201WMJ0221TEE,220Ω ±5% 50mW 厚膜电阻,0.0005,0,15000,Resistors,,,
C255745,IsocomComponents-6N138SMTR/C255745,8.590910169025101e+18,expand,1,2025-04-04 03:45:28,Isocom Components,6N138SMT/R,SMD-8P,Logic Output Optoisolators,Isocom Components 6N138SMT/R,6N138SMT/R,0.171,0,49,Optoisolators,,,
C25740,26483-0201WMF4702TEE/C25740,,expand,1,2025-04-11 03:46:13,uni-royal(uniroyal elec),0201WMF4702TEE-,0201,Chip Resistor - Surface Mount,0201  Chip Resistor - Surface Mount ROHS,47KΩ(4702) ±1%,0.0005,0,14286,Resistors,,,
C258466,DarfonElec-C0603NP0150JGT/C258466,,expand,1,2025-04-11 03:46:13,Darfon Elec,C0603NP0150JGT,0201,Multilayer Ceramic Capacitors MLCC - SMD/SMT,0201  Multilayer Ceramic Capacitors MLCC - SMD/SMT ROHS,±5%,0.0036,0,2256,Capacitors,,,
C2653773,InfineonTechnologies-BTS3134DATMA1/C2653773,,expand,1,2025-04-11 03:46:13,Infineon Technologies,BTS3134DATMA1,PG-TO-252-3,Power Distribution Switches,Infineon Technologies BTS3134DATMA1,BTS3134DATMA1,1.3695,0,7,Power Management (PMIC),,,
C2653819,2745728-1EDN7512BXTSA1/C2653819,,expand,1,2025-04-11 03:46:13,Infineon Technologies,1EDN7512BXTSA1,SOT-23-5,Gate Drivers,Infineon Technologies 1EDN7512BXTSA1,1EDN7512BXTSA1,0.576,0,15,Power Management (PMIC),,,
C265389,Jst-LC04B/C265389,8.590910170132398e+18,expand,1,2025-04-11 03:46:13,Jst,LC-04B,Plugin,Wire To Board Connector,Plugin  Wire To Board Connector ROHS,LC-04-B,0.291,0,27,Connectors,,,
C2654747,2746656-BGS14PN10E6327XTSA1/C2654747,,expand,1,2025-04-11 03:46:13,Infineon Technologies,BGS14PN10E6327XTSA1,TSNP10-1,RF Switches,Infineon Technologies BGS14PN10E6327XTSA1,BGS14PN10E6327XTSA1,0.4665,0,19,RF & Wireless,,,
C2654748,2746657-BGS14MPA9E6327XTSA1/C2654748,,expand,1,2025-04-11 03:46:13,Infineon Technologies,BGS14MPA9E6327XTSA1,PG-ATSLP-9-3,RF Switches,Infineon Technologies BGS14MPA9E6327XTSA1,BGS14MPA9E6327XTSA1,0.6105,0,15,RF & Wireless,,,
C2654749,2746658-BGSA143ML10E6327XTSA1/C2654749,,expand,1,2025-04-11 03:46:13,Infineon Technologies,BGSA143ML10E6327XTSA1,PG-TSLP-10-2,RF Switches,Infineon Technologies BGSA143ML10E6327XTSA1,BGSA143ML10E6327XTSA1,0.615,0,14,RF & Wireless,,,
C266191,TeConnectivity-15716342/C266191,8.590910169952043e+18,expand,1,2025-04-11 03:46:13,Te Connectivity,1571634-2,SMD,Tactile Switches,SMD  Tactile Switches ROHS,1571634-2,0.66,0,13,Switches,,,
C267243,Semitel-SESDPSY0201V05/C267243,,expand,1,2025-04-11 03:46:13,Semitel,SESDPSY0201V05,0201,ESD Protection Devices,Semitel SESDPSY0201V05,SESDPSY0201V05,0.0197,0,409,Circuit Protection,,,
C267339,DarfonElec-C0603NP0120KGTS/C267339,,expand,1,2025-04-11 03:46:13,Darfon Elec,C0603NP0120KGTS,0201,Multilayer Ceramic Capacitors MLCC - SMD/SMT,0201  Multilayer Ceramic Capacitors MLCC - SMD/SMT ROHS,±10%,0.0034,0,2381,Capacitors,,,
C268088,257543-C0201COG5R6D500NTA/C268088,,expand,1,2025-04-11 03:46:13,eyang(shenzhen Eyang Tech development),C0201COG5R6D500NTA,0201,Multilayer Ceramic Capacitors MLCC - SMD/SMT,EYANG(Shenzhen Eyang Tech Development) C0201COG5R6D500NTA,5.6pF 50V,0.0031,0,2679,Capacitors,,,
C268090,257545-C0201COG7R0D500NTA/C268090,,expand,1,2025-04-11 03:46:13,eyang(shenzhen Eyang Tech development),C0201COG7R0D500NTA,0201,Multilayer Ceramic Capacitors MLCC - SMD/SMT,EYANG(Shenzhen Eyang Tech Development) C0201COG7R0D500NTA,7pF 50V,0.0031,0,2679,Capacitors,,,
C2685729,Cybermax-CMLW6045S1R0MST/C2685729,8.590910213287322e+18,expand,1,2025-04-11 03:46:13,Cybermax,CMLW6045S1R0MST,"SMD,6x6mm",Power Inductors,"1uH Shielded inductor ±20% SMD,6x6mm  Power Inductors ROHS",1uH ±20%,0.045,0,166,"Inductors, Coils, Chokes",,,
C2691775,Aide-HV1206X7R103K102NT/C2691775,,expand,1,2025-03-18 08:57:30,Aide,HV1206X7R103K102NT,1206,Multilayer Ceramic Capacitors MLCC - SMD/SMT,AIDE HV1206X7R103K102NT,10nF ±10% 1kV,0.0144,0,511,Capacitors,,,
C2758763,2877842-NQ01WMF5101TEE/C2758763,8.590910216630858e+18,expand,1,2025-04-11 03:46:13,uni-royal(uniroyal elec),NQ01WMF5101TEE,0201,Chip Resistor - Surface Mount,50mW 50V ±1% 5.1kΩ 0201  Chip Resistor - Surface Mount ROHS,5.1kΩ ±1% 50mW,0.0013,0,6123,Resistors,,,
C2758765,2877844-NQ01WMF2003TEE/C2758765,8.590910216437379e+18,expand,1,2025-04-11 03:46:13,uni-royal(uniroyal elec),NQ01WMF2003TEE,0201,Chip Resistor - Surface Mount,50mW 50V ±1% 200kΩ 0201  Chip Resistor - Surface Mount ROHS,200kΩ ±1% 50mW,0.0026,11661,1,Resistors,,,
C2759998,Xysemi-XB6042J2/C2759998,,expand,1,2025-04-11 03:46:13,Xysemi,XB6042J2,UDFN-4(1x1),Battery Management,XySemi XB6042J2,XB6042J2,0.0725,0,117,Power Management (PMIC),,,
C2761800,Coretong-MPX_103K275VAC_BC2/C2761800,,expand,1,2025-03-18 08:57:30,Coretong,MPX-103K275VAC-B-C2,"Plugin,P=10mm",Safety Capacitors,CORETONG MPX-103K275VAC-B-C2,等级:X2 10nF ±10% 275V,0.0276,0,273,Capacitors,,,
C2767145,2905600-0603WAF1024T5E/C2767145,8.590910196669624e+18,expand,1,2025-04-11 03:46:13,uni-royal(uniroyal elec),0603WAF1024T5E,0603,Chip Resistor - Surface Mount,100mW Thick Film Resistors 75V ±100ppm/℃ ±1% 1.02MΩ 0603  Chip Resistor - Surface Mount ROHS,1.02MΩ ±1% 100mW 厚膜电阻,0.0006,0,5000,Resistors,,,
C2767505,2905960-0805W8F4501T5E/C2767505,8.590910217339153e+18,expand,1,2025-04-11 03:46:13,uni-royal(uniroyal elec),0805W8F4501T5E,0805,Chip Resistor - Surface Mount,125mW Thick Film Resistors 150V ±100ppm/℃ ±1% 4.5kΩ 0805  Chip Resistor - Surface Mount ROHS,4.5kΩ ±1% 125mW 厚膜电阻,99999.0,0,5000,Resistors,,,
C2767847,2906302-1206W4F8403T5E/C2767847,8.590910217352278e+18,expand,1,2025-04-11 03:46:13,uni-royal(uniroyal elec),1206W4F8403T5E,1206,Chip Resistor - Surface Mount,250mW Thick Film Resistors 200V ±100ppm/℃ ±1% 840kΩ 1206  Chip Resistor - Surface Mount ROHS,840kΩ ±1% 250mW 厚膜电阻,99999.0,0,5000,Resistors,,,
C2767982,2906437-1206W4J0421T5E/C2767982,8.59091021733929e+18,expand,1,2025-04-11 03:46:13,uni-royal(uniroyal elec),1206W4J0421T5E,1206,Chip Resistor - Surface Mount,250mW Thick Film Resistors 200V ±100ppm/℃ ±5% 420Ω 1206  Chip Resistor - Surface Mount ROHS,420Ω ±5% 250mW 厚膜电阻,99999.0,0,5000,Resistors,,,
C2768246,2906701-1210W2F500JT5E/C2768246,,expand,1,2025-03-18 08:57:30,uni-royal(uniroyal elec),1210W2F500JT5E,1210,Chip Resistor - Surface Mount,500mW Thick Film Resistors 200V ±100ppm/℃ ±1% 50Ω 1210  Chip Resistor - Surface Mount ROHS,50Ω ±1% 500mW 厚膜电阻,99999.0,0,2143,Resistors,,,
C2768956,2907411-25121WF1182T4E/C2768956,8.590910218303709e+18,expand,1,2025-04-11 03:46:13,uni-royal(uniroyal elec),25121WF1182T4E,2512,Chip Resistor - Surface Mount,1W Thick Film Resistors 200V ±100ppm/℃ ±1% 11.8kΩ 2512  Chip Resistor - Surface Mount ROHS,11.8kΩ ±1% 1W 厚膜电阻,0.011,0,766,Resistors,,,
C2768981,2907436-25121WF143JT4E/C2768981,8.590910218236871e+18,expand,1,2025-04-11 03:46:13,uni-royal(uniroyal elec),25121WF143JT4E,2512,Chip Resistor - Surface Mount,1W Thick Film Resistors 200V ±100ppm/℃ ±1% 14.3Ω 2512  Chip Resistor - Surface Mount ROHS,14.3Ω ±1% 1W 厚膜电阻,0.011,0,766,Resistors,,,
C2769101,2907556-25121WF3162T4E/C2769101,8.590910218224152e+18,expand,1,2025-04-11 03:46:13,uni-royal(uniroyal elec),25121WF3162T4E,2512,Chip Resistor - Surface Mount,1W Thick Film Resistors 200V ±100ppm/℃ ±1% 31.6kΩ 2512  Chip Resistor - Surface Mount ROHS,31.6kΩ ±1% 1W 厚膜电阻,0.011,0,766,Resistors,,,
C2770506,2908961-AS122WJ0332T4E/C2770506,8.590910218827997e+18,expand,1,2025-04-11 03:46:13,uni-royal(uniroyal elec),AS122WJ0332T4E,2512,Chip Resistor - Surface Mount,2W Thick Film Resistors 500V ±5% 3.3kΩ 2512  Chip Resistor - Surface Mount ROHS,3.3kΩ ±5% 2W 厚膜电阻,0.0488,0,69,Resistors,,,
C2770887,2909342-CQ03WAF500JT5E/C2770887,8.590910218819743e+18,expand,1,2025-04-11 03:46:13,uni-royal(uniroyal elec),CQ03WAF500JT5E,0603,Chip Resistor - Surface Mount,100mW 75V ±1% 50Ω 0603  Chip Resistor - Surface Mount ROHS,50Ω ±1% 100mW,99999.0,0,5000,Resistors,,,
C2774001,2912456-HP02WAF8662TCE/C2774001,8.590910218815955e+18,expand,1,2025-04-11 03:46:13,uni-royal(uniroyal elec),HP02WAF8662TCE,0402,Chip Resistor - Surface Mount,100mW Thick Film Resistors 50V ±100ppm/℃ ±1% 86.6kΩ 0402  Chip Resistor - Surface Mount ROHS,86.6kΩ ±1% 100mW 厚膜电阻,99999.0,0,10000,Resistors,,,
C2775047,2913502-HP06W2J0185T5E/C2775047,8.590910218828674e+18,expand,1,2025-04-11 03:46:13,uni-royal(uniroyal elec),HP06W2J0185T5E,1206,Chip Resistor - Surface Mount,500mW Thick Film Resistors 200V ±100ppm/℃ ±5% 1.8MΩ 1206  Chip Resistor - Surface Mount ROHS,1.8MΩ ±5% 500mW 厚膜电阻,0.0015,95,4082,Resistors,,,
C2803478,fsdcon-EPPV1V560M0508BS/C2803478,,expand,1,2025-03-18 08:57:30,fsd-con,EPPV1V560M0508BS,"Plugin,D5xL8mm",Polymer Aluminum Capacitors,FSD-CON EPPV1V560M0508BS,56uF ±20% 35V,0.0662,0,115,Capacitors,,,
C2803545,TaiyoYuden-RA3_25V470ME3_T58/C2803545,,expand,1,2025-03-18 08:57:30,Taiyo Yuden,RA3-25V470ME3#-T58,"Plugin,D5xL11mm",Aluminum Electrolytic Capacitors - Leaded,"47uF 25V ±20% 130mA@120kHz Plugin,D5xL11mm  Aluminum Electrolytic Capacitors - Leaded ROHS",47uF ±20% 25V,0.0761,0,99,Capacitors,,,
C2827278,Jasn-G24P10S/C2827278,8.59091231753189e+18,expand,1,2025-04-11 03:46:13,Jasn,G24P10S,"SMD-24P,16.6x9mm",Pulse Transformers(LAN),"SMD-24P,16.6x9mm  Pulse Transformers(LAN) ROHS",G24P10S,0.5385,0,14,Transformers,,,
C2827387,Sorede-SNR4030TYD471M/C2827387,8.590910202361836e+18,expand,1,2025-04-11 03:46:13,Sorede,SNR4030TYD471M,"SMD,4x4mm",Power Inductors,"470uH ±20% SMD,4x4mm  Power Inductors ROHS",470uH ±20%,0.051,1452,1,"Inductors, Coils, Chokes",,,
C2827415,Sorede-SNR8040TYD221M/C2827415,8.590910229943578e+18,expand,1,2025-04-11 03:46:13,Sorede,SNR8040TYD221M,"SMD,8x8mm",Power Inductors,"220uH ±20% SMD,8x8mm  Power Inductors ROHS",220uH ±20%,0.138,840,1,"Inductors, Coils, Chokes",,,
C2828756,VikingTech-ARG05BTC9103/C2828756,8.590910229918277e+18,expand,1,2025-04-11 03:46:13,Viking Tech,ARG05BTC9103,0805,Chip Resistor - Surface Mount,125mW Thin Film Resistor 150V ±25ppm/℃ ±0.1% 910kΩ 0805  Chip Resistor - Surface Mount ROHS,薄膜电阻 910kΩ ±0.1% 125mW,0.0207,5,350,Resistors,,,
C2828772,VikingTech-ARG05DTC5101/C2828772,8.590913444940103e+18,expand,1,2025-04-11 03:46:13,Viking Tech,ARG05DTC5101,0805,Chip Resistor - Surface Mount,±0.5% ±25ppm/℃ 5.1kΩ 0805  Chip Resistor - Surface Mount ROHS,5.1kΩ ±0.5%,0.0081,0,903,Resistors,,,
C2830603,C2830603,8.590910232640245e+18,expand,1,2025-04-11 03:46:13,Osram Opto Semicon,LW G6CP-EAFA-JKQL-1-140-R18-Z,SMD3528,LED Indication - Discrete,140mA -40℃~+125℃ White 120° SMD3528  LED Indication - Discrete ROHS,白灯,0.4905,0,18,Optoelectronics,,,
C2833635,Cctc-TCC0402X7R122K500AT/C2833635,,expand,1,2025-03-18 08:57:30,Cctc,TCC0402X7R122K500AT,0402,Multilayer Ceramic Capacitors MLCC - SMD/SMT,50V 1.2nF X7R ±10% 0402  Multilayer Ceramic Capacitors MLCC - SMD/SMT ROHS,1.2nF ±10% 50V,0.0008,0,8572,Capacitors,,,
C283454,Stmicroelectronics-M93C66WMN6P/C283454,8.590910170988035e+18,expand,1,2025-04-11 03:46:13,Stmicroelectronics,M93C66-WMN6P,SO-8,EEPROM,4Kbit SPI SO-8  EEPROM ROHS,M93C66-WMN6P,0.2805,0,28,Memory,,,
C2835402,Tdk-MLG0603P3N8BTZ10/C2835402,,expand,1,2025-04-11 03:46:13,Tdk,MLG0603P3N8BTZ10,0603,Inductors (SMD),0603  Inductors (SMD) ROHS,MLG0603P3N8BTZ10,0.0024,0,2956,"Inductors, Coils, Chokes",,,
C2836457,Sillumin-SLM345/C2836457,,expand,1,2025-04-11 03:46:13,Sillumin,SLM345,SO-6-6.8mm,Gate Drivers,SO-6-6.8mm  Gate Drivers ROHS,SLM345,0.195,0,38,Power Management (PMIC),,,
C2842921,3029223-KH_PG202504DZ/C2842921,8.590913450175e+18,expand,1,2025-04-11 03:46:13,Shenzhen Kinghelm Elec,KH-PG202504-DZ,-,Pogo Pin Spring Probe Connector,-  Pogo Pin Spring Probe Connector ROHS,顶针,0.0881,0,85,Connectors,,,
C2843287,Rubycon-50YXF47MFFCT163X11/C2843287,,expand,1,2025-04-11 03:46:13,Rubycon,50YXF47MFFCT16.3X11,"Plugin,6.3x11mm",Aluminum Electrolytic Capacitors - Leaded,Rubycon 50YXF47MFFCT16.3X11,47uF ±20% 50V,0.0479,0,162,Capacitors,,,
C2844196,Rubycon-450BXC22MEFC16X20/C2844196,,expand,1,2025-04-11 03:46:13,Rubycon,450BXC22MEFC16X20,"Plugin,16x20mm",Aluminum Electrolytic Capacitors - Leaded,Rubycon 450BXC22MEFC16X20,22uF ±20% 450V,0.4755,0,17,Capacitors,,,
C2844308,Sanyear-C1210X6S107M6R3NT/C2844308,,expand,1,2025-03-18 08:57:30,Sanyear,C1210X6S107M6R3NT,1210,Multilayer Ceramic Capacitors MLCC - SMD/SMT,6.3V 100uF ±20% 1210  Multilayer Ceramic Capacitors MLCC - SMD/SMT ROHS,100uF ±20% 6.3V,0.1674,3,1,Capacitors,,,
C2844914,ChilisinElec-CHQ0603T_6N2CHU/C2844914,8.590913451172975e+18,expand,1,2025-04-11 03:46:13,Chilisin Elec,CHQ0603T-6N2C-HU,0201,Inductors (SMD),6.2nH 520mΩ 0201  Inductors (SMD) ROHS,6.2nH,0.0034,351,1,"Inductors, Coils, Chokes",,,
C2845202,RohmSemicon-MCR006YLPJ331/C2845202,8.590913453722976e+18,expand,1,2025-04-11 03:46:13,Rohm Semicon,MCR006YLPJ331,0201,Chip Resistor - Surface Mount,50mW Thick Film Resistors 25V ±1% ±200ppm/℃ 330Ω 0201  Chip Resistor - Surface Mount ROHS,厚膜电阻 330Ω ±1% 50mW,0.009,100,1,Resistors,,,
C2846550,Jamicon-TLR471M1HI20M/C2846550,,expand,1,2025-03-18 08:57:30,Jamicon,TLR471M1HI20M,"Plugin,D12.5xL20mm",Aluminum Electrolytic Capacitors - Leaded,JAMICON TLR471M1HI20M,470uF 50V,0.1725,0,36,Capacitors,,,
C2847087,ChilisinElec-BBSY00060303100Y00/C2847087,8.590913489860829e+18,expand,1,2025-04-11 03:46:13,Chilisin Elec,BBSY00060303100Y00,0201,Ferrite Beads,100mΩ ±25% 10Ω@100MHz 0201  Ferrite Beads ROHS,单路 0201磁珠 阻抗10Ω@100MHz,0.0075,10,1,Filters,,,
C2847128,ChilisinElec-PBY060303T_220YN/C2847128,,expand,1,2025-03-18 08:57:30,Chilisin Elec,PBY060303T-220Y-N,0201,Ferrite Beads,65mΩ ±25% 22Ω@100MHz 0201  Ferrite Beads ROHS,单路 0201磁珠 阻抗22Ω@100MHz,0.0063,0,1159,Filters,,,
C2847129,ChilisinElec-PBY060303T_330YN/C2847129,,expand,1,2025-03-18 08:57:30,Chilisin Elec,PBY060303T-330Y-N,0201,Ferrite Beads,90mΩ ±25% 33Ω@100MHz 0201  Ferrite Beads ROHS,0201磁珠 阻抗33Ω@100MHz,0.0057,0,1261,Filters,,,
C2856310,Coretong-MPX_224K275VAC_B_C335/C2856310,,expand,1,2025-03-18 08:57:30,Coretong,MPX-224K275VAC-B-C3-35,"Plugin,P=10mm",Safety Capacitors,CORETONG MPX-224K275VAC-B-C3-35,等级:X2 220nF ±10% 275V,0.033,0,227,Capacitors,,,
C2858817,Coilmx-MS08404R7M/C2858817,,expand,1,2025-04-11 03:46:13,Coilmx,MS0840-4R7M,"SMD,8x8.6mm",Power Inductors,"6.5A 4.7uH ±20% 10A SMD,8x8.6mm  Power Inductors ROHS",4.7uH ±20% 10A,0.1522,0,48,"Inductors, Coils, Chokes",,,
C2870294,TexasInstruments-SN74ALS11AN/C2870294,8.59091349727257e+18,expand,1,2025-04-11 03:46:13,Texas Instruments,SN74ALS11AN,PDIP-14,Logic Gates,"4.5V~5.5V 3 13ns@5V,50pF With Door PDIP-14  Logic Gates ROHS",SN74ALS11AN,1.224,0,8,Logic,,,
C2875615,Mingstar-NBMC0420HNR22M/C2875615,8.590913465899446e+18,expand,1,2025-04-11 03:46:13,Mingstar,NBMC0420HN-R22M,"SMD,4.5x4.1mm",Power Inductors,"7A 220nH ±20% 14A SMD,4.5x4.1mm  Power Inductors ROHS",220nH ±20% 14A,0.1576,124,1,"Inductors, Coils, Chokes",,,
C2880406,TaiyoYuden-TDK063BBJ474MPLF/C2880406,,expand,1,2025-04-11 03:46:13,Taiyo Yuden,TDK063BBJ474MPLF,0201,Pre-ordered Products,0201  Pre-ordered Products ROHS,"0201,470000pF,25V,X5R,±20%",0.0609,0,55,Pre-ordered,,,
C2887507,Yfsemi-E1J/C2887507,8.590913504075731e+18,expand,1,2025-04-11 03:46:13,Yfsemi,E1J,SOD-123FL,Fast Recovery / High Efficiency Diodes,YFSEMI E1J,E1J,0.0098,0,660,Diodes,,,
C2887523,Yfsemi-ES3G/C2887523,8.590913504071671e+18,expand,1,2025-04-11 03:46:13,Yfsemi,ES3G,SMC(DO-214AB),Fast Recovery / High Efficiency Diodes,YFSEMI ES3G,ES3G,0.0578,0,129,Diodes,,,
C2887544,Yfsemi-SS26/C2887544,8.590913504071401e+18,expand,1,2025-04-11 03:46:13,Yfsemi,SS26,SMA(DO-214AC),Schottky Diodes,YFSEMI SS26,SS26,0.036,0,211,Diodes,,,
C2887615,Yfsemi-MB6S/C2887615,,expand,1,2025-03-18 08:57:30,Yfsemi,MB6S,MBS,Bridge Rectifiers,YFSEMI MB6S,MB6S,0.0362,0,210,Diodes,,,
C2887628,Yfsemi-GBU2510/C2887628,,expand,1,2025-03-18 08:57:30,Yfsemi,GBU2510,GBU,Bridge Rectifiers,YFSEMI GBU2510,GBU2510,0.339,0,23,Diodes,,,
C2889415,Vo-0603_5_5K1/C2889415,8.590913506357703e+18,expand,1,2025-04-11 03:46:13,Vo,0603 ±5% 5K1,0603,Chip Resistor - Surface Mount,100mW Thick Film Resistors 75V ±100ppm/℃ ±5% 5.1kΩ 0603  Chip Resistor - Surface Mount ROHS,厚膜电阻 5.1kΩ ±5% 100mW,0.0005,0,5000,Resistors,,,
C2889850,Vo-2010_5_330/C2889850,8.590913506373805e+18,expand,1,2025-04-11 03:46:13,Vo,2010 ±5% 330Ω,2010,Chip Resistor - Surface Mount,750mW Thick Film Resistors 200V ±100ppm/℃ ±5% 330Ω 2010  Chip Resistor - Surface Mount ROHS,厚膜电阻 330Ω ±5% 750mW,0.0147,0,461,Resistors,,,
C2896644,Zetta-ZD35Q2GBIB/C2896644,,expand,1,2025-04-11 03:46:13,Zetta,ZD35Q2GB-IB,WSON-8-EP(6x8),NAND FLASH,Zetta ZD35Q2GB-IB,ZD35Q2G,2.3745,0,4,Memory,,,
C2907046,Fojan-FRC0603F5601TS/C2907046,8.590912227518338e+18,expand,1,2025-04-11 03:46:13,Fojan,FRC0603F5601TS,0603,Chip Resistor - Surface Mount,100mW Thick Film Resistors 75V ±100ppm/℃ ±1% 5.6kΩ 0603  Chip Resistor - Surface Mount ROHS,5.6kΩ ±1% 100mW 厚膜电阻,0.0009,34607,1,Resistors,,,
C2907560,Fojan-FRC2010J181TS/C2907560,8.590912227514007e+18,expand,1,2025-04-11 03:46:13,Fojan,FRC2010J181 TS,2010,Chip Resistor - Surface Mount,750mW Thick Film Resistors 200V ±100ppm/℃ ±5% 180Ω 2010  Chip Resistor - Surface Mount ROHS,180Ω ±5% 750mW 厚膜电阻,0.0104,15060,1,Resistors,,,
C2909248,Korean_HropartsElec-K5_1130SAB1/C2909248,8.590912758546178e+18,expand,1,2025-04-11 03:46:13,Korean Hroparts Elec,K5-1130SA-B1,SMD,Limit Switches,"1A 16V 30,000 Times SMD  Limit Switches ROHS",常闭检测开关,0.119,0,64,Switches,,,
C2913981,ChilisinElec-SBY060303T_241YN/C2913981,,expand,1,2025-03-18 08:57:30,Chilisin Elec,SBY060303T-241Y-N,0201,Ferrite Beads,800mΩ ±25% 240Ω@100MHz 0201  Ferrite Beads ROHS,0201磁珠 阻抗240Ω@100MHz,0.0053,0,1429,Filters,,,
C2913990,ChilisinElec-CHQ0603T_5N6CHU/C2913990,8.590912228130705e+18,expand,1,2025-04-11 03:46:13,Chilisin Elec,CHQ0603T-5N6C-HU,0201,Inductors (SMD),325mA 5.6nH 470mΩ 0201  Inductors (SMD) ROHS,5.6nH,0.0012,0,5715,"Inductors, Coils, Chokes",,,
C2913991,ChilisinElec-CHQ0603T_8N2HHU/C2913991,8.590912228134765e+18,expand,1,2025-04-11 03:46:13,Chilisin Elec,CHQ0603T-8N2H-HU,0201,Inductors (SMD),290mA 8.2nH ±3% 570mΩ 0201  Inductors (SMD) ROHS,8.2nH ±3%,0.0012,0,5358,"Inductors, Coils, Chokes",,,
C2914327,NxpSemicon-LPC824M201JHI33K/C2914327,,expand,1,2025-04-11 03:46:13,Nxp Semicon,LPC824M201JHI33K,HVQFN-32-EP(5x5),Microcontrollers (MCU/MPU/SOC),NXP Semicon LPC824M201JHI33K,LPC824M201JHI33K,2.1615,0,4,Embedded Processors & Controllers,,,
C2915749,3209850-C0805X153K101T/C2915749,,expand,1,2025-03-18 08:57:30,"ihhec(holy Stone Enterprise co., ltd)",C0805X153K101T,0805,Multilayer Ceramic Capacitors MLCC - SMD/SMT,100V 15nF X7R 0805  Multilayer Ceramic Capacitors MLCC - SMD/SMT ROHS,15nF 100V,0.0091,0,787,Capacitors,,,
C2918494,3220346-CS3216X7R106K160NRI/C2918494,,expand,1,2025-03-18 08:57:30,Samwha Capacitor,CS3216X7R106K160NRI,1206,Multilayer Ceramic Capacitors MLCC - SMD/SMT,16V 10uF X7R 1206  Multilayer Ceramic Capacitors MLCC - SMD/SMT ROHS,10uF 16V,0.0141,0,505,Capacitors,,,
C2918500,3220352-CS3216X7R226K6R3NRI/C2918500,,expand,1,2025-03-18 08:57:30,Samwha Capacitor,CS3216X7R226K6R3NRI,1206,Multilayer Ceramic Capacitors MLCC - SMD/SMT,6.3V 22uF X7R 1206  Multilayer Ceramic Capacitors MLCC - SMD/SMT ROHS,22uF 6.3V,0.038,0,199,Capacitors,,,
C2919662,3222644-KH_TYPE_C_L13_76P/C2919662,8.590912238876512e+18,expand,1,2025-04-11 03:46:13,Shenzhen Kinghelm Elec,KH-TYPE-C-L13.7-6P,Plugin,USB Connectors,Direct Insert 6P Type-C Plugin  USB Connectors ROHS,Type-C 直插,0.1991,8,32,Connectors,,,
C2923679,Rubycon-450BXC22MEFC16X20/C2923679,,expand,1,2025-04-11 03:46:13,Rubycon,450BXC22MEFC16X20,"Plugin,16x20mm",Aluminum Electrolytic Capacitors - Leaded,Rubycon 450BXC22MEFC16X20,22uF ±20% 450V,0.4035,0,20,Capacitors,,,
C2924796,LeyconnElec-460121111010/C2924796,8.590912318438266e+18,expand,1,2025-04-11 03:46:13,Leyconn Elec,460121111010,Plugin,DIP Switches,LEYCONN Elec 460121111010,拨码开关 平拨式 2.54 12P,0.3525,0,15,Switches,,,
C2924800,LeyconnElec-460052111010/C2924800,8.590912279586426e+18,expand,1,2025-04-11 03:46:13,Leyconn Elec,460052111010,Plugin,DIP Switches,LEYCONN Elec 460052111010,拨码开关 侧拨式 2.54 5P,0.291,0,27,Switches,,,
C2924827,3242607-SMDRI129220MT/C2924827,8.590912238935367e+18,expand,1,2025-04-11 03:46:13,sxn(shun Xiang Nuo elec),SMDRI129-220MT,"SMD,12.5x12.5mm",Power Inductors,"4.95A 22uH Shielded inductor ±20% 5.12A SMD,12.5x12.5mm  Power Inductors ROHS",22uH ±20% 5.12A,0.3152,336,1,"Inductors, Coils, Chokes",,,
C2928928,Zetta-ZD35Q1GAIB/C2928928,,expand,1,2025-04-11 03:46:13,Zetta,ZD35Q1GA-IB,WSON-8-EP(6x8),NAND FLASH,Zetta ZD35Q1GA-IB,ZD35Q1G,4.23,0,3,Memory,,,
C2930016,Fojan-FRC0603F3R30TS/C2930016,8.590912706725957e+18,expand,1,2025-04-11 03:46:13,Fojan,FRC0603F3R30TS,0603,Chip Resistor - Surface Mount,100mW Thick Film Resistors 75V ±1% ±200ppm/℃ 3.3Ω 0603  Chip Resistor - Surface Mount ROHS,3.3Ω ±1% 100mW 厚膜电阻,0.0012,92329,1,Resistors,,,
C2930023,Fojan-FRC0603J1R3TS/C2930023,8.590912706474029e+18,expand,1,2025-04-11 03:46:13,Fojan,FRC0603J1R3TS,0603,Chip Resistor - Surface Mount,100mW Thick Film Resistors 75V ±5% ±200ppm/℃ 1.3Ω 0603  Chip Resistor - Surface Mount ROHS,1.3Ω ±5% 100mW 厚膜电阻,0.0004,449,1,Resistors,,,
C2930082,Fojan-FRC0603F2672TS/C2930082,8.590912706511778e+18,expand,1,2025-04-11 03:46:13,Fojan,FRC0603F2672TS,0603,Chip Resistor - Surface Mount,100mW Thick Film Resistors 75V ±100ppm/℃ ±1% 26.7kΩ 0603  Chip Resistor - Surface Mount ROHS,26.7kΩ ±1% 100mW 厚膜电阻,0.0009,5853,1,Resistors,,,
C2930112,Fojan-FRC0603F5361TS/C2930112,8.590912706461715e+18,expand,1,2025-04-11 03:46:13,Fojan,FRC0603F5361TS,0603,Chip Resistor - Surface Mount,100mW Thick Film Resistors 75V ±100ppm/℃ ±1% 5.36kΩ 0603  Chip Resistor - Surface Mount ROHS,5.36kΩ ±1% 100mW 厚膜电阻,0.0009,14400,1,Resistors,,,
C2930114,Fojan-FRC0603F5113TS/C2930114,8.590912706453598e+18,expand,1,2025-04-11 03:46:13,Fojan,FRC0603F5113TS,0603,Chip Resistor - Surface Mount,100mW Thick Film Resistors 75V ±100ppm/℃ ±1% 511kΩ 0603  Chip Resistor - Surface Mount ROHS,511kΩ ±1% 100mW 厚膜电阻,0.0009,17285,1,Resistors,,,
C2930116,Fojan-FRC0603F5363TS/C2930116,8.590912706487152e+18,expand,1,2025-04-11 03:46:13,Fojan,FRC0603F5363TS,0603,Chip Resistor - Surface Mount,100mW Thick Film Resistors 75V ±100ppm/℃ ±1% 536kΩ 0603  Chip Resistor - Surface Mount ROHS,536kΩ ±1% 100mW 厚膜电阻,0.0009,7600,1,Resistors,,,
C2930272,Fojan-FRC0805J303TS/C2930272,8.590912668008472e+18,expand,1,2025-04-11 03:46:13,Fojan,FRC0805J303TS,0805,Chip Resistor - Surface Mount,125mW Thick Film Resistors 150V ±100ppm/℃ ±5% 30kΩ 0805  Chip Resistor - Surface Mount ROHS,30kΩ ±5% 125mW 厚膜电阻,0.0013,1635,1,Resistors,,,
C2930384,Fojan-FRC1206J753TS/C2930384,8.590912706402591e+18,expand,1,2025-04-11 03:46:13,Fojan,FRC1206J753TS,1206,Chip Resistor - Surface Mount,250mW Thick Film Resistors 200V ±100ppm/℃ ±5% 75kΩ 1206  Chip Resistor - Surface Mount ROHS,75kΩ ±5% 250mW 厚膜电阻,0.0013,0,5000,Resistors,,,
C2930429,Fojan-FRC1206F4303TS/C2930429,8.590912706520301e+18,expand,1,2025-04-11 03:46:13,Fojan,FRC1206F4303TS,1206,Chip Resistor - Surface Mount,250mW Thick Film Resistors 200V ±100ppm/℃ ±1% 430kΩ 1206  Chip Resistor - Surface Mount ROHS,430kΩ ±1% 250mW 厚膜电阻,0.0016,126,3897,Resistors,,,
C2933370,Fojan-FRC0805F2204TS/C2933370,8.590912667945287e+18,expand,1,2025-04-11 03:46:13,Fojan,FRC0805F2204TS,0805,Chip Resistor - Surface Mount,125mW Thick Film Resistors 150V ±100ppm/℃ ±1% 2.2MΩ 0805  Chip Resistor - Surface Mount ROHS,2.2MΩ ±1% 125mW 厚膜电阻,0.0022,9793,1,Resistors,,,
C2933384,Fojan-FRC0805F2553TS/C2933384,8.59091266801632e+18,expand,1,2025-04-11 03:46:13,Fojan,FRC0805F2553TS,0805,Chip Resistor - Surface Mount,125mW Thick Film Resistors 150V ±100ppm/℃ ±1% 255kΩ 0805  Chip Resistor - Surface Mount ROHS,255kΩ ±1% 125mW 厚膜电阻,0.0015,487,1,Resistors,,,
C2933461,Fojan-FRC0805F5102TS/C2933461,8.590912760862109e+18,expand,1,2025-04-11 03:46:13,Fojan,FRC0805F5102TS,0805,Chip Resistor - Surface Mount,125mW Thick Film Resistors 150V ±100ppm/℃ ±1% 51kΩ 0805  Chip Resistor - Surface Mount ROHS,51kΩ ±1% 125mW 厚膜电阻,0.0018,150159,1,Resistors,,,
C2933499,Fojan-FRC0805F7872TS/C2933499,8.590912760853587e+18,expand,1,2025-04-11 03:46:13,Fojan,FRC0805F7872TS,0805,Chip Resistor - Surface Mount,125mW Thick Film Resistors 150V ±100ppm/℃ ±1% 78.7kΩ 0805  Chip Resistor - Surface Mount ROHS,78.7kΩ ±1% 125mW 厚膜电阻,0.0017,5764,1,Resistors,,,
C2933675,Fojan-FRC1206F3300TS/C2933675,8.590912727718449e+18,expand,1,2025-04-11 03:46:13,Fojan,FRC1206F3300TS,1206,Chip Resistor - Surface Mount,250mW Thick Film Resistors 200V ±100ppm/℃ ±1% 330Ω 1206  Chip Resistor - Surface Mount ROHS,330Ω ±1% 250mW 厚膜电阻,0.0028,184897,1,Resistors,,,
C2933784,Fojan-FRC1206J165TS/C2933784,8.59091267878797e+18,expand,1,2025-04-11 03:46:13,Fojan,FRC1206J165 TS,1206,Chip Resistor - Surface Mount,250mW Thick Film Resistors 200V ±100ppm/℃ ±5% 1.6MΩ 1206  Chip Resistor - Surface Mount ROHS,1.6MΩ ±5% 250mW 厚膜电阻,0.0011,0,5000,Resistors,,,
C2934145,Fojan-FRD0805J153TS/C2934145,8.590910269885665e+18,expand,1,2025-04-11 03:46:13,Fojan,FRD0805J153 TS,0805,Chip Resistor - Surface Mount,125mW Thick Film Resistors 150V ±5% 15kΩ 0805  Chip Resistor - Surface Mount ROHS,15kΩ ±5% 125mW 厚膜电阻,0.0007,0,5000,Resistors,,,
C2934388,Fojan-FRP1206F15R0TSN/C2934388,8.590910238252089e+18,expand,1,2025-04-11 03:46:13,Fojan,FRP1206F15R0TSN,1206,Chip Resistor - Surface Mount,500mW Thick Film Resistors 200V ±200ppm/℃ ±1% 15Ω 1206  Chip Resistor - Surface Mount ROHS,15Ω ±1% 500mW 厚膜电阻,0.0065,28494,1,Resistors,,,
C2934763,Iksemicon-IL358DT/C2934763,8.590912735498611e+18,expand,1,2025-04-11 03:46:13,Iksemicon,IL358DT,SOIC-8,Operational Amplifier,500nA Dual channel 9mV SOIC-8  Operational Amplifier ROHS,IL358DT,0.084,0,90,Amplifiers/Comparators,,,
C2934764,Iksemicon-ILN2003AN/C2934764,,expand,1,2025-03-18 08:57:30,Iksemicon,ILN2003AN,DIP-16,Darlington Transistor Arrays,Seven channels 50V 500mA DIP-16  Darlington Transistor Arrays ROHS,ILN2003AN,0.1278,0,25,Transistors/Thyristors,,,
C2935551,3285521-RL1210A240K/C2935551,8.590912678233645e+18,expand,1,2025-04-04 03:45:28,ruilon(shenzhen Ruilongyuan elec),RL1210A240K,1210,Varistors,59V 18V 14V 21.6V~27V 1210  Varistors ROHS,钳位电压59V 0.8焦耳 1210压敏电阻,0.2073,4,33,Circuit Protection,,,
C2935615,3285585-RLSD32A151LC/C2935615,8.590912683552157e+18,expand,1,2025-04-11 03:46:13,ruilon(shenzhen Ruilongyuan elec),RLSD32A151LC,SOD-323,ESD and Surge Protection (TVS/ESD),6A 40V 300W 16.7V Bidirectional 15V SOD-323  ESD and Surge Protection (TVS/ESD) ROHS,RLSD32A151LC,0.1977,27,1,Circuit Protection,,,
C2936849,Panasonic-AQV258HAXC88/C2936849,,expand,1,2025-04-11 03:46:13,Panasonic,AQV258HAXC88,-,Pre-ordered Products,PANASONIC AQV258HAXC88,AQV258HAXC88,9.54,0,1,Pre-ordered,,,
C2937342,Tyohm-SMW_3W_8R2J/C2937342,8.590910269416038e+18,expand,1,2025-04-11 03:46:13,Tyohm,SMW 3W 8R2 J,SMD,Chip Resistor - Surface Mount,SMD  Chip Resistor - Surface Mount ROHS,SMW 3W 8R2 J,0.1704,0,43,Resistors,,,
C2953755,3340033-S25FL064LABMFM011/C2953755,,expand,1,2025-04-11 03:46:13,infineon/cypress Semicon,S25FL064LABMFM011,SOIC-8,NOR FLASH,64Mbit SPI SOIC-8  NOR FLASH ROHS,S25FL064LABMFM011,0.1017,0,33,Memory,,,
C2960332,Hrk-400V100uFCD110/C2960332,,expand,1,2025-04-11 03:46:13,Hrk,400V100uF CD110,"Plugin,D18xL26mm",Aluminum Electrolytic Capacitors - Leaded,HRK 400V100uF CD110,100uF ±20% 400V,0.354,0,22,Capacitors,,,
C2973668,3370766-ESP32_WROVER_EN4R8/C2973668,,expand,1,2025-03-21 03:45:44,Espressif Systems,ESP32-WROVER-E-N4R8,"SMD,18x31.4mm",WiFi Modules,Espressif Systems ESP32-WROVER-E-N4R8,ESP32-WROVER-E-N4R8,3.6675,0,3,RF & Wireless,,,
C2973670,EspressifSystems-ESP_WROOM_02DN4/C2973670,,expand,1,2025-04-11 03:46:13,Espressif Systems,ESP-WROOM-02D-N4,"SMD,18x20mm",WiFi Modules,Espressif Systems ESP-WROOM-02D-N4,ESP-WROOM-02D-N4,1.752,0,5,RF & Wireless,,,
C2973800,Rubycon-25YXA470MEFC10X125/C2973800,,expand,1,2025-04-11 03:46:13,Rubycon,25YXA470MEFC10X12.5,"Plugin,10x12.5mm",Aluminum Electrolytic Capacitors - Leaded,Rubycon 25YXA470MEFC10X12.5,470uF ±20% 25V,0.0957,0,82,Capacitors,,,
C2974575,Walsin_TechCorp-WF08R4700BTL/C2974575,8.590912762418061e+18,expand,1,2025-04-11 03:46:13,Walsin Tech Corp,WF08R4700BTL,0805,Chip Resistor - Surface Mount,125mW Thick Film Resistors 150V ±100ppm/℃ ±0.1% 470Ω 0805  Chip Resistor - Surface Mount ROHS,厚膜电阻 470Ω ±0.1% 125mW,0.0281,0,268,Resistors,,,
C2974934,Cixi_KefaElec-KFM736H_5_0_21P/C2974934,8.590912770022469e+18,expand,1,2025-04-11 03:46:13,Cixi Kefa Elec,KFM736H-5.0-2*1P,"Plugin,P=5mm",Spring Clamp System Terminal Block,"16~20 5mm 2x1P -40℃~+105℃ 15A 2P 500V Black 1 2 Plugin,P=5mm  Spring Clamp System Terminal Block ROHS",2x1P 5mm 每排P数:1 排数:2,0.1745,16,1,Connectors,,,
C2974936,Cixi_KefaElec-KFM736H_5_0_23P/C2974936,8.59091277000921e+18,expand,1,2025-04-11 03:46:13,Cixi Kefa Elec,KFM736H-5.0-2*3P,"Plugin,P=5mm",Spring Clamp System Terminal Block,"16~20 5mm 2x3P -40℃~+105℃ 15A 6P 500V Black 3 2 Plugin,P=5mm  Spring Clamp System Terminal Block ROHS",2x3P 5mm 每排P数:3 排数:2,0.5025,0,17,Connectors,,,
C2976977,Hek-ANT3216R15753KM1/C2976977,,expand,1,2025-03-18 08:57:30,Hek,ANT3216R15753KM1,1206,Antennas,HEK ANT3216R15753KM1,ANT3216R15753KM1,0.3015,0,26,RF & Wireless,,,
C2977988,Yageo-RC1206FR7W3R9L/C2977988,8.590912771012054e+18,expand,1,2025-04-11 03:46:13,Yageo,RC1206FR-7W3R9L,1206,Chip Resistor - Surface Mount,500mW Thick Film Resistors 200V ±200ppm/℃ ±1% 3.9Ω 1206  Chip Resistor - Surface Mount ROHS,厚膜电阻 3.9Ω ±1% 500mW,0.0041,0,1750,Resistors,,,
C2979063,3394822-KH_AF90QCSMT_10_H63/C2979063,8.590912771091341e+18,expand,1,2025-04-11 03:46:13,Shenzhen Kinghelm Elec,KH-AF90QCSMT-10-H6.3,SMD,USB Connectors,1.5A 1 Horizontal attachment 4P Female Type-A SMD  USB Connectors ROHS,Type-A 母 卧贴,0.0245,0,100,Connectors,,,
C2979167,Myoung-BS_07A1BJ001/C2979167,8.59091277118808e+18,expand,1,2025-04-11 03:46:13,Myoung,BS-07-A1BJ001,Plugin,Button And Strip Battery Connector,-25℃~+85℃ CR2032 Plugin  Button And Strip Battery Connector ROHS,电池底座 适用电池:CR2032,0.2718,4389,1,Connectors,,,
C2979698,XiamenFaratronic-C6AE2205JB00361/C2979698,,expand,1,2025-03-18 08:57:30,Xiamen Faratronic,C6AE2205JB00361,"Plugin,P=27.5mm",Polypropylene Film Capacitors (CBB),"2uF -40℃~+105℃ ±5% 250V Plugin,P=27.5mm  Polypropylene Film Capacitors (CBB) ROHS",2uF ±5% 250V,0.414,0,19,Capacitors,,,
C2980796,MurataElectronics-0402WGF432JTCE/C2980796,,expand,1,2025-04-11 03:46:13,Murata Electronics,0402WGF432JTCE,0402,Pre-ordered Products,0402  Pre-ordered Products ROHS,0402WGF432JTCE,99999.0,0,10000,Pre-ordered,,,
C2980797,MurataElectronics-0603WAF2491T5E/C2980797,,expand,1,2025-04-11 03:46:13,Murata Electronics,0603WAF2491T5E,0603,Pre-ordered Products,0603  Pre-ordered Products ROHS,0603WAF2491T5E,99999.0,0,5000,Pre-ordered,,,
C2980799,MurataElectronics-CL10A226MQ8NRNC/C2980799,,expand,1,2025-04-11 03:46:13,Murata Electronics,CL10A226MQ8NRNC,0603,Pre-ordered Products,0603  Pre-ordered Products ROHS,CL10A226MQ8NRNC,99999.0,0,1225,Pre-ordered,,,
C2980800,MurataElectronics-CL21A106KAYNNNE/C2980800,,expand,1,2025-04-11 03:46:13,Murata Electronics,CL21A106KAYNNNE,0805,Pre-ordered Products,0805  Pre-ordered Products ROHS,CL21A106KAYNNNE,0.0121,0,692,Pre-ordered,,,
C2980806,MurataElectronics-RC0402FR07280KL/C2980806,,expand,1,2025-04-11 03:46:13,Murata Electronics,RC0402FR-07280KL,0402,Pre-ordered Products,0402  Pre-ordered Products ROHS,RC0402FR-07280KL,99999.0,0,10000,Pre-ordered,,,
C2980807,MurataElectronics-RC0402FR0722R1L/C2980807,,expand,1,2025-04-11 03:46:13,Murata Electronics,RC0402FR-0722R1L,0402,Pre-ordered Products,0402  Pre-ordered Products ROHS,RC0402FR-0722R1L,99999.0,0,10000,Pre-ordered,,,
C2980808,MurataElectronics-RC0402FR0731K6L/C2980808,,expand,1,2025-04-11 03:46:13,Murata Electronics,RC0402FR-0731K6L,0402,Pre-ordered Products,0402  Pre-ordered Products ROHS,RC0402FR-0731K6L,99999.0,0,10000,Pre-ordered,,,
C2980809,MurataElectronics-RC0402FR0736RL/C2980809,,expand,1,2025-04-11 03:46:13,Murata Electronics,RC0402FR-0736RL,0402,Pre-ordered Products,0402  Pre-ordered Products ROHS,RC0402FR-0736RL,99999.0,0,10000,Pre-ordered,,,
C2980810,MurataElectronics-RC0402FR07536KL/C2980810,,expand,1,2025-04-11 03:46:13,Murata Electronics,RC0402FR-07536KL,0402,Pre-ordered Products,0402  Pre-ordered Products ROHS,RC0402FR-07536KL,99999.0,0,10000,Pre-ordered,,,
C2980811,MurataElectronics-RC0603FR0745K3L/C2980811,,expand,1,2025-04-11 03:46:13,Murata Electronics,RC0603FR-0745K3L,0603,Chip Resistor - Surface Mount,0603  Chip Resistor - Surface Mount ROHS,RC0603FR-0745K3L,99999.0,0,5000,Resistors,,,
C2981393,Coilmx-MBH125330M/C2981393,8.590912772157369e+18,expand,1,2025-04-11 03:46:13,Coilmx,MBH125-330M,"SMD,12.5x12.5mm",Power Inductors,"33uH ±20% SMD,12.5x12.5mm  Power Inductors ROHS",33uH ±20%,0.1601,0,45,"Inductors, Coils, Chokes",,,
C2981774,Dorabo-DB129VG_5_08_4P_GNS/C2981774,8.590910269495188e+18,expand,1,2025-04-11 03:46:13,Dorabo,DB129VG-5.08-4P-GN-S,"Plugin,P=5.08mm",Screw Terminal Blocks,"1x4P 20A -40℃~+105℃ 300V Green 12~26 Direct Insert 5.08mm 1 4 Plugin,P=5.08mm  Screw Terminal Blocks ROHS",5.08mm 1x4P 排数:1 每排P数:4 直插,0.306,1,25,Connectors,,,
C2983022,3416165-PB2012_3013A0/C2983022,,expand,1,2025-03-18 08:57:30,cec(shenzhen Zhenhua Fu elec),PB2012-301/3A0,0805,Ferrite Beads,CEC(Shenzhen Zhenhua Fu Elec) PB2012-301/3A0,0805磁珠 阻抗300Ω@100MHz,0.0039,0,1905,Filters,,,
C2984507,VikingTech-ARG06BTC2201/C2984507,8.590910270334049e+18,expand,1,2025-04-11 03:46:13,Viking Tech,ARG06BTC2201,1206,Chip Resistor - Surface Mount,Thin Film Resistor 200V ±25ppm/℃ ±0.1% 2.2kΩ 1206  Chip Resistor - Surface Mount ROHS,薄膜电阻 2.2kΩ ±0.1%,0.0477,0,158,Resistors,,,
C2984763,XkbConnection-SK_3278SL2/C2984763,8.590912773465858e+18,expand,1,2025-03-21 03:45:44,Xkb Connection,SK-3278S-L2,SMD,Slide Switches,Standing paste 50mA DPDT 12V 12V 50mA 10000 times Black SMD  Slide Switches ROHS,柄长3mm 立贴双档 滑动开关,0.2168,0,36,Switches,,,
C2991058,Kyet-MMKP153J3A1001/C2991058,,expand,1,2025-03-18 08:57:30,Kyet,MMKP153J3A1001,"Plugin,P=10mm",Polypropylene Film Capacitors (CBB),"15nF -40℃~+105℃ ±5% 1kV Plugin,P=10mm  Polypropylene Film Capacitors (CBB) ROHS",15nF ±5% 1kV,0.1166,11629,1,Capacitors,,,
C2991336,Ralec-RTA024D512JTH/C2991336,8.590910276717781e+18,expand,1,2025-04-11 03:46:13,Ralec,RTA02-4D512JTH,0402x4,"Resistor Networks, Arrays","4 ±5% 5.1kΩ 62.5mW ±200ppm/℃ 0402x4  Resistor Networks, Arrays ROHS",5.1kΩ ±5%,0.0054,230,1,Resistors,,,
C2991347,Walsin_TechCorp-0805N220J500CTC/C2991347,,expand,1,2025-03-18 08:57:30,Walsin Tech Corp,0805N220J500CT-C,0805,Multilayer Ceramic Capacitors MLCC - SMD/SMT,50V 22pF NP0 ±5% 0805  Multilayer Ceramic Capacitors MLCC - SMD/SMT ROHS,22pF ±5% 50V,0.0063,9,1175,Capacitors,,,
C2992000,3454644-S9012/C2992000,,expand,1,2025-04-11 03:46:13,"Jiangsu Changjing Electronics Technology co., ltd.",S9012,TO-92-3,Bipolar (BJT),"Jiangsu Changjing Electronics Technology Co., Ltd. S9012",S9012,0.0174,0,423,Transistors/Thyristors,,,
C2992508,VikingTech-RAM05FTDW2001/C2992508,8.590910282233561e+18,expand,1,2025-04-11 03:46:13,Viking Tech,RAM05FTDW2001,0805,Chip Resistor - Surface Mount,±1% 2kΩ 0805  Chip Resistor - Surface Mount ROHS,2kΩ ±1%,0.0071,0,1033,Resistors,,,
C2997131,Kwansemi-KS3314HA/C2997131,8.590910284502679e+18,expand,1,2025-04-11 03:46:13,Kwansemi,KS3314HA,SOP-8,MOSFETs,kwansemi KS3314HA,KS3314HA,0.0893,0,80,Transistors/Thyristors,,,
C2997297,Usakro-UK_521/C2997297,8.590910284452077e+18,expand,1,2025-03-28 03:45:45,Usakro,UK-52-1,Plugin,Rotary Switches,Plugin  Rotary Switches ROHS,UK-52-1,0.3795,0,21,Switches,,,
C2997850,Jushuo-AFC12_S15DCA00/C2997850,8.590910284746355e+18,expand,1,2025-03-21 03:45:44,Jushuo,AFC12-S15DCA-00,"SMD,P=1.25mm,Surface Mount，Right Angle",Wire To Board Connector,"1x15P 15P 1 1.25mm 15 -20℃~+85℃ 1A Horizontal attachment SMD,P=1.25mm,Surface Mount，Right Angle  Wire To Board Connector ROHS",AFC12-S15DCA-00,0.1449,0,48,Connectors,,,
C2998107,Fojan-FRC0603F1961TS/C2998107,8.59091025406908e+18,expand,1,2025-04-11 03:46:13,Fojan,FRC0603F1961TS,0603,Chip Resistor - Surface Mount,100mW Thick Film Resistors 75V ±100ppm/℃ ±1% 1.96kΩ 0603  Chip Resistor - Surface Mount ROHS,1.96kΩ ±1% 100mW 厚膜电阻,0.0008,6701,1,Resistors,,,
C2999449,Liansheng-PH01654/C2999449,8.59091028437712e+18,expand,1,2025-04-11 03:46:13,Liansheng,PH-01654,"Plugin,P=2.54mm",Pin Headers,"20P 2.54mm Single Row 1x20P Plugin,P=2.54mm  Pin Headers ROHS",PH-01654,0.056,0,130,Connectors,,,
C2999735,XkbConnection-TS_1102SD_B_NB/C2999735,8.59091025361623e+18,expand,1,2025-04-11 03:46:13,Xkb Connection,TS-1102SD-B-N-B,SMD,Tactile Switches,Without 50mA 6mm 100MΩ 12V 160gf 6mm 10.5mm Round Button Standing paste SPST SMD  Tactile Switches ROHS,6*6*10.5mm 立贴 轻触开关,0.0402,1,181,Switches,,,
C3000388,3481243-SMDRI125471MT/C3000388,8.590910285509041e+18,expand,1,2025-04-11 03:46:13,sxn(shun Xiang Nuo elec),SMDRI125-471MT,"SMD,12.3x12.3mm",Power Inductors,"470uH ±20% Shielded inductor 940mA SMD,12.3x12.3mm  Power Inductors ROHS",470uH ±20% 940mA,0.212,418,1,"Inductors, Coils, Chokes",,,
C3007649,-TAJC686K010RNJ/C3007649,8.590910294770335e+18,expand,1,2025-04-11 03:46:13,--,TAJC686K010RNJ,CASE-C-6032,Tantalum Capacitors,68uF 10V 1.3Ω ±10% CASE-C-6032  Tantalum Capacitors ROHS,68uF ±10% 10V,0.1958,3,37,Capacitors,,,
C3007704,Sorede-SCD_7862DLF352KT01/C3007704,8.590910294766006e+18,expand,1,2025-04-11 03:46:13,Sorede,SCD.7862.DLF352KT01,"SMD,7x7.8mm",Power Inductors,"3.5mH ±10% SMD,7x7.8mm  Power Inductors ROHS",3.5mH ±10%,0.0783,0,96,"Inductors, Coils, Chokes",,,
C3008058,Msksemi-ESDA6V8AV6MS/C3008058,8.590910301254459e+18,expand,1,2025-03-21 03:45:44,Msksemi,ESDA6V8AV6-MS,SOT-563,ESD and Surge Protection (TVS/ESD),1.6A 20W 14.4V 6.2V 5V SOT-563  ESD and Surge Protection (TVS/ESD) ROHS,ESDA6V8AV6,0.0944,2,81,Circuit Protection,,,
C3008299,Shm-DCG222M36Y5VUEVK7A0/C3008299,,expand,1,2025-03-18 08:57:30,Shm,DCG222M36Y5VUEVK7A0,"Plugin,P=7.5mm",Multilayer Ceramic Capacitors MLCC - Leaded,"±20% 4kV 2.2nF Y5V Plugin,P=7.5mm  Multilayer Ceramic Capacitors MLCC - Leaded ROHS",2.2nF ±20% 4kV,0.0683,0,109,Capacitors,,,
C3008463,chiprail-CR5822/C3008463,8.590910303209139e+18,expand,1,2025-04-11 03:46:13,chip-rail,CR5822,SOP-8,AC-DC Controllers and Regulators,Chip-Rail CR5822,准谐振反激式脉宽调制控制器,0.2145,0,34,Power Management (PMIC),,,
C3009015,VishayIntertech-CRCW0201200KFNED/C3009015,8.590910254588768e+18,expand,1,2025-04-11 03:46:13,Vishay Intertech,CRCW0201200KFNED,0201,Chip Resistor - Surface Mount,50mW Thick Film Resistors ±1% ±200ppm/℃ 200kΩ 0201  Chip Resistor - Surface Mount ROHS,厚膜电阻 200kΩ ±1% 50mW,0.0117,0,715,Resistors,,,
C3009098,VishayIntertech-CRCW02012K20JNED/C3009098,8.590910303112806e+18,expand,1,2025-04-11 03:46:13,Vishay Intertech,CRCW02012K20JNED,0201,Chip Resistor - Surface Mount,50mW Thick Film Resistors ±5% ±200ppm/℃ 2.2kΩ 0201  Chip Resistor - Surface Mount ROHS,厚膜电阻 2.2kΩ ±5% 50mW,99999.0,0,3175,Resistors,,,
C3009367,VishayIntertech-CRCW02016K20FNED/C3009367,8.590910254597698e+18,expand,1,2025-04-11 03:46:13,Vishay Intertech,CRCW02016K20FNED,0201,Chip Resistor - Surface Mount,50mW Thick Film Resistors ±1% ±200ppm/℃ 6.2kΩ 0201  Chip Resistor - Surface Mount ROHS,厚膜电阻 6.2kΩ ±1% 50mW,99999.0,0,3727,Resistors,,,
C3009441,VishayIntertech-CRCW020118R0FNED/C3009441,8.590910254601757e+18,expand,1,2025-04-11 03:46:13,Vishay Intertech,CRCW020118R0FNED,0201,Chip Resistor - Surface Mount,50mW Thick Film Resistors ±1% ±200ppm/℃ 18Ω 0201  Chip Resistor - Surface Mount ROHS,厚膜电阻 18Ω ±1% 50mW,99999.0,0,3727,Resistors,,,
C3009462,VishayIntertech-CRCW0201215KFKED/C3009462,8.590910255436018e+18,expand,1,2025-04-11 03:46:13,Vishay Intertech,CRCW0201215KFKED,0201,Chip Resistor - Surface Mount,50mW Thick Film Resistors ±100ppm/℃ ±1% 215kΩ 0201  Chip Resistor - Surface Mount ROHS,厚膜电阻 215kΩ ±1% 50mW,99999.0,0,1824,Resistors,,,
C3009469,VishayIntertech-CRCW02013K90JNED/C3009469,8.590910255436288e+18,expand,1,2025-04-11 03:46:13,Vishay Intertech,CRCW02013K90JNED,0201,Chip Resistor - Surface Mount,50mW Thick Film Resistors ±5% ±200ppm/℃ 3.9kΩ 0201  Chip Resistor - Surface Mount ROHS,厚膜电阻 3.9kΩ ±5% 50mW,99999.0,0,3175,Resistors,,,
C3009487,VishayIntertech-CRCW020191K0FNED/C3009487,8.590910303104554e+18,expand,1,2025-04-11 03:46:13,Vishay Intertech,CRCW020191K0FNED,0201,Chip Resistor - Surface Mount,50mW Thick Film Resistors ±1% ±200ppm/℃ 91kΩ 0201  Chip Resistor - Surface Mount ROHS,厚膜电阻 91kΩ ±1% 50mW,0.0117,0,715,Resistors,,,
C3014161,Panasonic-EEUFM1H220KH/C3014161,8.59091030531495e+18,expand,1,2025-04-11 03:46:13,Panasonic,EEUFM1H220KH,"Plugin,D5xL2mm",Aluminum Electrolytic Capacitors - Leaded,"22uF 50V ±20% 250mA@100kHz Plugin,D5xL2mm  Aluminum Electrolytic Capacitors - Leaded ROHS",22uF ±20% 50V,0.0441,0,168,Capacitors,,,
C3015179,VikingTech-AR06DTD1003/C3015179,8.590910255389745e+18,expand,1,2025-04-11 03:46:13,Viking Tech,AR06DTD1003,1206,Chip Resistor - Surface Mount,±0.5% ±50ppm/℃ 100kΩ 1206  Chip Resistor - Surface Mount ROHS,100kΩ ±0.5%,0.0149,14,479,Resistors,,,
C3015493,Isnd-HCX10F2Y332MS79K/C3015493,,expand,1,2025-03-18 08:57:30,Isnd,HCX10F2Y332MS79K,"Plugin,P=10mm",Safety Capacitors,ISND HCX10F2Y332MS79K,"等级:X1,Y2 3.3nF ±20% 300V 400V",0.0161,0,433,Capacitors,,,
C3015599,Man_YueTech-EGT477M1HG16RRS0P/C3015599,,expand,1,2025-03-18 08:57:30,Man Yue Tech,EGT477M1HG16RRS0P,"Plugin,D10xL16mm",Aluminum Electrolytic Capacitors - Leaded,"470uF 50V ±20% Plugin,D10xL16mm  Aluminum Electrolytic Capacitors - Leaded ROHS",470uF ±20% 50V,0.1576,1934,1,Capacitors,,,
C3017504,Vo-SCR0402J33K/C3017504,8.590910306397352e+18,expand,1,2025-04-11 03:46:13,Vo,SCR0402J33K,0402,Chip Resistor - Surface Mount,62.5mW Thick Film Resistors 50V ±5% 33kΩ 0402  Chip Resistor - Surface Mount ROHS,厚膜电阻 33kΩ ±5% 62.5mW,0.0002,0,10000,Resistors,,,
C3017512,Vo-SCR0402J82K/C3017512,8.590910306409393e+18,expand,1,2025-04-11 03:46:13,Vo,SCR0402J82K,0402,Chip Resistor - Surface Mount,62.5mW Thick Film Resistors 50V ±5% 82kΩ 0402  Chip Resistor - Surface Mount ROHS,厚膜电阻 82kΩ ±5% 62.5mW,0.0002,0,10000,Resistors,,,
C3017579,Vo-SCR0402J330R/C3017579,8.590910306417647e+18,expand,1,2025-04-11 03:46:13,Vo,SCR0402J330R,0402,Chip Resistor - Surface Mount,62.5mW Thick Film Resistors 50V ±5% 330Ω 0402  Chip Resistor - Surface Mount ROHS,厚膜电阻 330Ω ±5% 62.5mW,0.0002,0,10000,Resistors,,,
C3017613,Vo-SCR0402J4M7/C3017613,8.590910306426442e+18,expand,1,2025-04-11 03:46:13,Vo,SCR0402J4M7,0402,Chip Resistor - Surface Mount,62.5mW Thick Film Resistors 50V ±5% 4.7MΩ 0402  Chip Resistor - Surface Mount ROHS,厚膜电阻 4.7MΩ ±5% 62.5mW,0.0002,0,10000,Resistors,,,
C3017614,Vo-SCR0402J5M1/C3017614,8.590910307643059e+18,expand,1,2025-04-11 03:46:13,Vo,SCR0402J5M1,0402,Chip Resistor - Surface Mount,62.5mW Thick Film Resistors 50V ±5% 5.1MΩ 0402  Chip Resistor - Surface Mount ROHS,厚膜电阻 5.1MΩ ±5% 62.5mW,0.0002,0,10000,Resistors,,,
C3017667,Vo-SCR0603J1M5/C3017667,8.59091030763819e+18,expand,1,2025-04-11 03:46:13,Vo,SCR0603J1M5,0603,Chip Resistor - Surface Mount,100mW Thick Film Resistors 75V ±5% 1.5MΩ 0603  Chip Resistor - Surface Mount ROHS,厚膜电阻 1.5MΩ ±5% 100mW,0.0004,3,1,Resistors,,,
C3017703,Vo-SCR0603J33K/C3017703,8.590910307654966e+18,expand,1,2025-04-11 03:46:13,Vo,SCR0603J33K,0603,Chip Resistor - Surface Mount,100mW Thick Film Resistors 75V ±5% 33kΩ 0603  Chip Resistor - Surface Mount ROHS,厚膜电阻 33kΩ ±5% 100mW,0.0004,0,5000,Resistors,,,
C3017860,Vo-SCR0805J12K/C3017860,8.590910255566447e+18,expand,1,2025-04-11 03:46:13,Vo,SCR0805J12K,0805,Chip Resistor - Surface Mount,125mW Thick Film Resistors 150V ±5% 12kΩ 0805  Chip Resistor - Surface Mount ROHS,厚膜电阻 12kΩ ±5% 125mW,0.0006,0,5000,Resistors,,,
C3017916,Vo-SCR0805J18K/C3017916,8.59091030763873e+18,expand,1,2025-04-11 03:46:13,Vo,SCR0805J18K,0805,Chip Resistor - Surface Mount,125mW Thick Film Resistors 150V ±5% 18kΩ 0805  Chip Resistor - Surface Mount ROHS,厚膜电阻 18kΩ ±5% 125mW,0.0007,1,1,Resistors,,,
C3018183,Vo-SCR1210J8K2/C3018183,8.590910307642925e+18,expand,1,2025-04-11 03:46:13,Vo,SCR1210J8K2,1210,Chip Resistor - Surface Mount,500mW Thick Film Resistors 200V ±5% 8.2kΩ 1210  Chip Resistor - Surface Mount ROHS,厚膜电阻 8.2kΩ ±5% 500mW,0.0037,0,1864,Resistors,,,
C3018268,Vo-SCR2010J510R/C3018268,8.590910255570099e+18,expand,1,2025-04-11 03:46:13,Vo,SCR2010J510R,2010,Chip Resistor - Surface Mount,750mW Thick Film Resistors 200V ±5% 510Ω 2010  Chip Resistor - Surface Mount ROHS,厚膜电阻 510Ω ±5% 750mW,0.0067,0,1085,Resistors,,,
C3018309,Vo-SCR2010J75K/C3018309,,expand,1,2025-03-18 08:57:30,Vo,SCR2010J75K,2010,Chip Resistor - Surface Mount,750mW Thick Film Resistors 200V ±5% 75kΩ 2010  Chip Resistor - Surface Mount ROHS,厚膜电阻 75kΩ ±5% 750mW,0.0068,0,1072,Resistors,,,
C3018338,Vo-SCR2010J33K/C3018338,8.590910255595671e+18,expand,1,2025-04-11 03:46:13,Vo,SCR2010J33K,2010,Chip Resistor - Surface Mount,750mW Thick Film Resistors 200V ±5% 33kΩ 2010  Chip Resistor - Surface Mount ROHS,厚膜电阻 33kΩ ±5% 750mW,0.0068,0,1072,Resistors,,,
C3018401,Vo-SCR2512J3K9/C3018401,8.590910262709077e+18,expand,1,2025-04-11 03:46:13,Vo,SCR2512J3K9,2512,Chip Resistor - Surface Mount,1W Thick Film Resistors 200V ±5% 3.9kΩ 2512  Chip Resistor - Surface Mount ROHS,厚膜电阻 3.9kΩ ±5% 1W,0.013,0,561,Resistors,,,
C3018403,Vo-SCR2512J2K/C3018403,8.590910262684045e+18,expand,1,2025-04-11 03:46:13,Vo,SCR2512J2K,2512,Chip Resistor - Surface Mount,1W Thick Film Resistors 200V ±5% 2kΩ 2512  Chip Resistor - Surface Mount ROHS,厚膜电阻 2kΩ ±5% 1W,0.0136,0,533,Resistors,,,
C3018411,Vo-SCR2512J100R/C3018411,8.590910262675926e+18,expand,1,2025-04-11 03:46:13,Vo,SCR2512J100R,2512,Chip Resistor - Surface Mount,1W Thick Film Resistors 200V ±5% 100Ω 2512  Chip Resistor - Surface Mount ROHS,厚膜电阻 100Ω ±5% 1W,0.0134,0,543,Resistors,,,
C3018414,Vo-SCR2512J330R/C3018414,8.590910262708805e+18,expand,1,2025-04-11 03:46:13,Vo,SCR2512J330R,2512,Chip Resistor - Surface Mount,1W Thick Film Resistors 200V ±5% 330Ω 2512  Chip Resistor - Surface Mount ROHS,厚膜电阻 330Ω ±5% 1W,0.0143,0,514,Resistors,,,
C3018420,Vo-SCR2512J4K7/C3018420,8.590910307495854e+18,expand,1,2025-04-11 03:46:13,Vo,SCR2512J4K7,2512,Chip Resistor - Surface Mount,1W Thick Film Resistors 200V ±5% 4.7kΩ 2512  Chip Resistor - Surface Mount ROHS,厚膜电阻 4.7kΩ ±5% 1W,0.013,0,561,Resistors,,,
C304671,Walsin_TechCorp-RF03N1R0B250CT/C304671,,expand,1,2025-04-11 03:46:13,Walsin Tech Corp,RF03N1R0B250CT,0201,Multilayer Ceramic Capacitors MLCC - SMD/SMT,Walsin Tech Corp RF03N1R0B250CT,±0.1pF,0.0064,0,1261,Capacitors,,,
C305284,Walsin_TechCorp-WR02X301JAL/C305284,,expand,1,2025-04-11 03:46:13,Walsin Tech Corp,WR02X301JAL,0201,Chip Resistor - Surface Mount,Walsin Tech Corp WR02X301JAL,300Ω 50mW,0.0015,0,5358,Resistors,,,
C326668,Yageo-CC0201KRX5R7BB104/C326668,,expand,1,2025-04-11 03:46:13,Yageo,CC0201KRX5R7BB104,0201,Multilayer Ceramic Capacitors MLCC - SMD/SMT,YAGEO CC0201KRX5R7BB104,100nF 16V,0.0014,0,5715,Capacitors,,,
C33182,TexasInstruments-OMAP3530ECUS/C33182,,expand,1,2025-04-11 03:46:13,Texas Instruments,OMAP3530ECUS 托盘,SPBGA-N423,Microcontrollers (MCU/MPU/SOC),Texas Instruments OMAP3530ECUS 托盘,OMAP3530ECUS,23.124,0,1,Embedded Processors & Controllers,,,
C334627,Walsin_TechCorp-WR02X121JAL/C334627,,expand,1,2025-04-11 03:46:13,Walsin Tech Corp,WR02X121 JAL,0201,Chip Resistor - Surface Mount,Walsin Tech Corp WR02X121 JAL,120Ω 50mW,0.0009,0,8572,Resistors,,,
C334630,Walsin_TechCorp-WR02X333JAL/C334630,,expand,1,2025-04-11 03:46:13,Walsin Tech Corp,WR02X333 JAL,0201,Chip Resistor - Surface Mount,Walsin Tech Corp WR02X333 JAL,33kΩ 50mW,0.0009,0,8572,Resistors,,,
C334633,Walsin_TechCorp-WR02X470JAL/C334633,,expand,1,2025-04-11 03:46:13,Walsin Tech Corp,WR02X470 JAL,0201,Chip Resistor - Surface Mount,Walsin Tech Corp WR02X470 JAL,47Ω 50mW,0.0009,0,8572,Resistors,,,
C334634,Walsin_TechCorp-WR02X680JAL/C334634,,expand,1,2025-04-11 03:46:13,Walsin Tech Corp,WR02X680 JAL,0201,Chip Resistor - Surface Mount,Walsin Tech Corp WR02X680 JAL,68Ω 50mW,0.0009,0,8572,Resistors,,,
C350642,326823-GD32E230G6U6/C350642,8.590909818763104e+18,expand,1,2025-04-11 03:46:13,Gigadevice Semicon Beijing,GD32E230G6U6,QFN-28,Microcontrollers (MCU/MPU/SOC),GigaDevice Semicon Beijing GD32E230G6U6,ARM Cortex-M23 32-bit MCU,1.425,0,6,Embedded Processors & Controllers,,,
C357771,Monolithic_PowerSystems-NB681GDZ/C357771,,expand,1,2025-04-11 03:46:13,Monolithic Power Systems,NB681GD-Z,VQFN-13(2x3),DC-DC Converters,Monolithic Power Systems NB681GD-Z,NB681GD-Z,0.462,0,19,Power Management (PMIC),,,
C367411,Walsin_TechCorp-WR02X1002FAL/C367411,,expand,1,2025-04-11 03:46:13,Walsin Tech Corp,WR02X1002FAL,0201,Chip Resistor - Surface Mount,Walsin Tech Corp WR02X1002FAL,10kΩ 50mW,0.0009,0,9524,Resistors,,,
C367413,Walsin_TechCorp-WR02X1004FAL/C367413,,expand,1,2025-04-11 03:46:13,Walsin Tech Corp,WR02X1004FAL,0201,Chip Resistor - Surface Mount,Walsin Tech Corp WR02X1004FAL,1MΩ 50mW,0.0008,0,10715,Resistors,,,
C367414,Walsin_TechCorp-WR02X101JAL/C367414,,expand,1,2025-04-11 03:46:13,Walsin Tech Corp,WR02X101JAL,0201,Chip Resistor - Surface Mount,Walsin Tech Corp WR02X101JAL,100Ω 50mW,0.0005,0,15000,Resistors,,,
C367477,Walsin_TechCorp-WR02X1152FTL/C367477,,expand,1,2025-04-11 03:46:13,Walsin Tech Corp,WR02X1152FTL,0201,Chip Resistor - Surface Mount,Walsin Tech Corp WR02X1152FTL,11.5kΩ 50mW,0.0008,0,10715,Resistors,,,
C367564,Walsin_TechCorp-WR02X272JTL/C367564,,expand,1,2025-04-11 03:46:13,Walsin Tech Corp,WR02X272JTL,0201,Chip Resistor - Surface Mount,0201  Chip Resistor - Surface Mount ROHS,2.7KΩ(272) ±5%,0.0004,0,15000,Resistors,,,
C367578,Walsin_TechCorp-WR02X3013FAL/C367578,,expand,1,2025-04-11 03:46:13,Walsin Tech Corp,WR02X3013FAL,0201,Chip Resistor - Surface Mount,0201  Chip Resistor - Surface Mount ROHS,301KΩ(3013) ±1%,0.0007,0,12245,Resistors,,,
C367591,Walsin_TechCorp-WR02X334JAL/C367591,,expand,1,2025-04-11 03:46:13,Walsin Tech Corp,WR02X334JAL,0201,Chip Resistor - Surface Mount,Walsin Tech Corp WR02X334JAL,330kΩ 50mW,0.0006,0,14286,Resistors,,,
C367609,Walsin_TechCorp-WR02X3R3JAL/C367609,,expand,1,2025-04-11 03:46:13,Walsin Tech Corp,WR02X3R3JAL,0201,Chip Resistor - Surface Mount,Walsin Tech Corp WR02X3R3JAL,3.3Ω 50mW,0.0005,0,14286,Resistors,,,
C378971,Jst-BS12P_SHF_1AA_LF_SN/C378971,8.59091208924891e+18,expand,1,2025-04-11 03:46:13,Jst,BS12P-SHF-1AA(LF)(SN),Plugin,Wire To Board Connector,Plugin  Wire To Board Connector ROHS,1x12P 间距:2.5mm 弯插 系列:SHF(NH),0.3675,0,23,Connectors,,,
C379003,Jst-S28B_PHDSS_LF_SN/C379003,8.590912287505138e+18,expand,1,2025-04-11 03:46:13,Jst,S28B-PHDSS(LF)(SN),Plugin,Wire To Board Connector,2x14P 28P PHD Tin 2mm 14 -25℃~+85℃ 3A 2 2mm Copper Alloy Bend insert Plugin  Wire To Board Connector ROHS,2x14P 间距:2mm 弯插 系列:PHD,0.438,0,20,Connectors,,,
C380359,Cctc-TCC1206X5R226M250HT/C380359,,expand,1,2025-03-18 08:57:30,Cctc,TCC1206X5R226M250HT,1206,Multilayer Ceramic Capacitors MLCC - SMD/SMT,25V 22uF X5R ±20% 1206  Multilayer Ceramic Capacitors MLCC - SMD/SMT ROHS,22uF ±20% 25V,0.0383,6058,1,Capacitors,,,
C384404,Walsin_TechCorp-WR02X622JAL/C384404,,expand,1,2025-04-11 03:46:13,Walsin Tech Corp,WR02X622 JAL,0201,Chip Resistor - Surface Mount,Walsin Tech Corp WR02X622 JAL,6.2kΩ 50mW,0.0004,0,15000,Resistors,,,
C384406,Walsin_TechCorp-WR02X560JAL/C384406,,expand,1,2025-04-11 03:46:13,Walsin Tech Corp,WR02X560 JAL,0201,Chip Resistor - Surface Mount,Walsin Tech Corp WR02X560 JAL,56Ω 50mW,0.0005,0,15000,Resistors,,,
C384408,Walsin_TechCorp-WR02X472JAL/C384408,,expand,1,2025-04-11 03:46:13,Walsin Tech Corp,WR02X472 JAL,0201,Chip Resistor - Surface Mount,Walsin Tech Corp WR02X472 JAL,4.7kΩ 50mW,0.0005,0,15000,Resistors,,,
C384424,Walsin_TechCorp-WR02X1R0JAL/C384424,,expand,1,2025-04-11 03:46:13,Walsin Tech Corp,WR02X1R0 JAL,0201,Chip Resistor - Surface Mount,Walsin Tech Corp WR02X1R0 JAL,1Ω 50mW,0.0004,0,15000,Resistors,,,
C384427,Walsin_TechCorp-WR02X182JAL/C384427,,expand,1,2025-04-11 03:46:13,Walsin Tech Corp,WR02X182 JAL,0201,Chip Resistor - Surface Mount,Walsin Tech Corp WR02X182 JAL,1.8kΩ 50mW,0.0004,0,15000,Resistors,,,
C384429,Walsin_TechCorp-WR02X123JAL/C384429,,expand,1,2025-04-11 03:46:13,Walsin Tech Corp,WR02X123 JAL,0201,Chip Resistor - Surface Mount,Walsin Tech Corp WR02X123 JAL,12kΩ 50mW,0.0004,0,15000,Resistors,,,
C384437,Walsin_TechCorp-WR02X102JAL/C384437,,expand,1,2025-04-11 03:46:13,Walsin Tech Corp,WR02X102 JAL,0201,Chip Resistor - Surface Mount,Walsin Tech Corp WR02X102 JAL,1kΩ 50mW,0.0005,0,14286,Resistors,,,
C384824,Walsin_TechCorp-0201N3R3C500CT/C384824,,expand,1,2025-04-11 03:46:13,Walsin Tech Corp,0201N3R3C500CT,0201,Multilayer Ceramic Capacitors MLCC - SMD/SMT,0201  Multilayer Ceramic Capacitors MLCC - SMD/SMT ROHS,±0.25pF,0.0009,0,9524,Capacitors,,,
C384827,Walsin_TechCorp-0201N101J250CT/C384827,,expand,1,2025-04-11 03:46:13,Walsin Tech Corp,0201N101J250CT,0201,Multilayer Ceramic Capacitors MLCC - SMD/SMT,0201  Multilayer Ceramic Capacitors MLCC - SMD/SMT ROHS,±5%,0.0011,0,7793,Capacitors,,,
C399682,TaiyoYuden-RJ4_25V332MJ6NB/C399682,,expand,1,2025-03-18 08:57:30,Taiyo Yuden,RJ4-25V332MJ6#NB,"Plugin,D16xL25mm",Aluminum Electrolytic Capacitors - Leaded,"3300uF 25V Plugin,D16xL25mm  Aluminum Electrolytic Capacitors - Leaded ROHS",3300uF 25V,0.5415,0,15,Capacitors,,,
C405192,Cybermax-CMLF0705181KTT/C405192,8.590912461136605e+18,expand,1,2025-04-11 03:46:13,Cybermax,CMLF0705-181KTT,"SMD,7.8x7mm",Power Inductors,"510mA 180uH Unshielded inductor ±10% SMD,7.8x7mm  Power Inductors ROHS",180uH ±10%,0.0438,0,171,"Inductors, Coils, Chokes",,,
C405280,Longkingdom-FKNP12W10RJT52/C405280,8.590912535246302e+18,expand,1,2025-04-11 03:46:13,Longkingdom,FKNP1/2W10RJT52,"Plugin,D3.2xL9mm",Through Hole Resistors,Longkingdom FKNP1/2W10RJT52,10Ω ±5%,0.0045,0,1649,Resistors,,,
C422652,415602-1206W4D1200T5E/C422652,8.590913528641904e+18,expand,1,2025-04-11 03:46:13,uni-royal(uniroyal elec),1206W4D1200T5E,1206,Chip Resistor - Surface Mount,250mW Thick Film Resistors 200V ±0.5% 120Ω 1206  Chip Resistor - Surface Mount ROHS,120Ω ±0.5% 250mW 厚膜电阻,0.0086,0,825,Resistors,,,
C423355,416305-0201WMJ0335TEE/C423355,,expand,1,2025-04-11 03:46:13,uni-royal(uniroyal elec),0201WMJ0335TEE,0201,Chip Resistor - Surface Mount,UNI-ROYAL(Uniroyal Elec) 0201WMJ0335TEE,3.3MΩ ±5% 50mW 厚膜电阻,0.0004,0,15000,Resistors,,,
C423417,416367-0201WMF8661TEE/C423417,,expand,1,2025-04-11 03:46:13,uni-royal(uniroyal elec),0201WMF8661TEE,0201,Chip Resistor - Surface Mount,UNI-ROYAL(Uniroyal Elec) 0201WMF8661TEE,8.66kΩ ±1% 50mW 厚膜电阻,0.0005,0,15000,Resistors,,,
C423444,416394-0201WMF698JTEE/C423444,,expand,1,2025-04-11 03:46:13,uni-royal(uniroyal elec),0201WMF698JTEE,0201,Chip Resistor - Surface Mount,UNI-ROYAL(Uniroyal Elec) 0201WMF698JTEE,69.8Ω ±1% 50mW 厚膜电阻,0.0004,0,15000,Resistors,,,
C423678,416628-0201WMF1911TEE/C423678,,expand,1,2025-04-11 03:46:13,uni-royal(uniroyal elec),0201WMF1911TEE,0201,Chip Resistor - Surface Mount,UNI-ROYAL(Uniroyal Elec) 0201WMF1911TEE,1.91kΩ ±1% 50mW 厚膜电阻,0.0005,0,15000,Resistors,,,
C423725,416675-0201WMF1541TEE/C423725,,expand,1,2025-04-11 03:46:13,uni-royal(uniroyal elec),0201WMF1541TEE,0201,Chip Resistor - Surface Mount,UNI-ROYAL(Uniroyal Elec) 0201WMF1541TEE,1.54kΩ ±1% 50mW 厚膜电阻,0.0005,0,15000,Resistors,,,
C423745,416695-0201WMF1370TEE/C423745,,expand,1,2025-04-11 03:46:13,uni-royal(uniroyal elec),0201WMF1370TEE,0201,Chip Resistor - Surface Mount,UNI-ROYAL(Uniroyal Elec) 0201WMF1370TEE,137Ω ±1% 50mW 厚膜电阻,0.0005,0,15000,Resistors,,,
C423767,416717-0201WMF120KTEE/C423767,,expand,1,2025-04-11 03:46:13,uni-royal(uniroyal elec),0201WMF120KTEE,0201,Chip Resistor - Surface Mount,UNI-ROYAL(Uniroyal Elec) 0201WMF120KTEE,1.2Ω ±1% 50mW 厚膜电阻,0.0019,0,4286,Resistors,,,
C423785,416735-0201WMF1100TEE/C423785,8.59091352950999e+18,expand,1,2025-04-11 03:46:13,uni-royal(uniroyal elec),0201WMF1100TEE,0201,Chip Resistor - Surface Mount,50mW Thick Film Resistors 25V ±1% ±200ppm/℃ 110Ω 0201  Chip Resistor - Surface Mount ROHS,110Ω ±1% 50mW 厚膜电阻,0.0005,0,14286,Resistors,,,
C428676,Rubycon-16YXJ220MT163X11/C428676,,expand,1,2025-04-11 03:46:13,Rubycon,16YXJ220MT16.3X11,"Plugin,6.3x11mm",Aluminum Electrolytic Capacitors - Leaded,Rubycon 16YXJ220MT16.3X11,220uF ±20% 16V,0.0416,0,194,Capacitors,,,
C432378,Rubycon-10YXJ220M5X11/C432378,,expand,1,2025-04-11 03:46:13,Rubycon,10YXJ220M5X11(临时启用),"Plugin,5x11mm",Aluminum Electrolytic Capacitors - Leaded,Rubycon 10YXJ220M5X11(临时启用),220uF 10V,0.0345,0,200,Capacitors,,,
C44161,45163-0201WMJ0224TCE/C44161,,expand,1,2025-04-11 03:46:13,uni-royal(uniroyal elec),0201WMJ0224TCE,0201,Chip Resistor - Surface Mount,50mW Thick Film Resistors 25V ±5% 220kΩ 0201  Chip Resistor - Surface Mount ROHS,220kΩ ±5% 50mW 厚膜电阻,0.0007,0,10000,Resistors,,,
C445749,Tdk-CGA1A2X7R1E102KT0YNN/C445749,,expand,1,2025-03-18 08:57:30,Tdk,CGA1A2X7R1E102KT0YNN,0201,Multilayer Ceramic Capacitors MLCC - SMD/SMT,25V 1nF X7R ±10% 0201  Multilayer Ceramic Capacitors MLCC - SMD/SMT ROHS,1nF ±10% 25V,0.0044,0,1559,Capacitors,,,
C459293,463567-A4984SETTRT/C459293,8.59091253531693e+18,expand,1,2025-04-11 03:46:13,"Allegro microsystems, Llc",A4984SETTR-T,QFN-32(5x5),Gate Drivers,QFN-32(5x5)  Gate Drivers ROHS,集成电路/传感器芯片,3.3075,86,1,Power Management (PMIC),,,
C459956,464334-IRF2907ZSTRLPBF/C459956,8.590912297185726e+18,expand,1,2025-04-04 03:45:28,Infineon Technologies,IRF2907ZSTRLPBF,D2PAK,MOSFETs,Infineon Technologies IRF2907ZSTRLPBF,IRF2907ZSTRLPBF,2.049,0,4,Transistors/Thyristors,,,
C473202,Rubycon-25PK47MEFC5X11/C473202,,expand,1,2025-04-11 03:46:13,Rubycon,25PK47MEFC5X11,"Plugin,5x11mm",Aluminum Electrolytic Capacitors - Leaded,Rubycon 25PK47MEFC5X11,47uF ±20% 25V,0.0312,0,200,Capacitors,,,
C474067,480600-0201WMJ043JTEE/C474067,,expand,1,2025-04-11 03:46:13,uni-royal(uniroyal elec),0201WMJ043JTEE,0201,Chip Resistor - Surface Mount,UNI-ROYAL(Uniroyal Elec) 0201WMJ043JTEE,4.3Ω ±5% 50mW 厚膜电阻,0.0004,0,15000,Resistors,,,
C474079,480612-0201WMF5362TEE/C474079,,expand,1,2025-04-11 03:46:13,uni-royal(uniroyal elec),0201WMF5362TEE,0201,Chip Resistor - Surface Mount,UNI-ROYAL(Uniroyal Elec) 0201WMF5362TEE,53.6kΩ ±1% 50mW 厚膜电阻,0.0005,0,15000,Resistors,,,
C474107,480640-0201WMF6343TEE/C474107,,expand,1,2025-04-11 03:46:13,uni-royal(uniroyal elec),0201WMF6343TEE,0201,Chip Resistor - Surface Mount,UNI-ROYAL(Uniroyal Elec) 0201WMF6343TEE,634kΩ ±1% 50mW 厚膜电阻,0.0004,0,15000,Resistors,,,
C474111,480644-0201WMF1542TEE/C474111,,expand,1,2025-04-11 03:46:13,uni-royal(uniroyal elec),0201WMF1542TEE,0201,Chip Resistor - Surface Mount,UNI-ROYAL(Uniroyal Elec) 0201WMF1542TEE,15.4kΩ ±1% 50mW 厚膜电阻,0.0005,0,15000,Resistors,,,
C474114,480647-0201WMF4023TEE/C474114,,expand,1,2025-04-11 03:46:13,uni-royal(uniroyal elec),0201WMF4023TEE,0201,Chip Resistor - Surface Mount,UNI-ROYAL(Uniroyal Elec) 0201WMF4023TEE,402kΩ ±1% 50mW 厚膜电阻,0.0006,0,14286,Resistors,,,
C474115,480648-0201WMF1073TEE/C474115,,expand,1,2025-04-11 03:46:13,uni-royal(uniroyal elec),0201WMF1073TEE,0201,Chip Resistor - Surface Mount,UNI-ROYAL(Uniroyal Elec) 0201WMF1073TEE,107kΩ ±1% 50mW 厚膜电阻,0.0004,0,15000,Resistors,,,
C474122,480655-0201WMF3831TEE/C474122,,expand,1,2025-04-11 03:46:13,uni-royal(uniroyal elec),0201WMF3831TEE,0201,Chip Resistor - Surface Mount,UNI-ROYAL(Uniroyal Elec) 0201WMF3831TEE,3.83kΩ ±1% 50mW 厚膜电阻,0.0004,0,15000,Resistors,,,
C474124,480657-0201WMF9531TEE/C474124,,expand,1,2025-04-11 03:46:13,uni-royal(uniroyal elec),0201WMF9531TEE,0201,Chip Resistor - Surface Mount,UNI-ROYAL(Uniroyal Elec) 0201WMF9531TEE,9.53kΩ ±1% 50mW 厚膜电阻,0.0004,0,15000,Resistors,,,
C474196,480729-0201WMF4871TEE/C474196,,expand,1,2025-04-11 03:46:13,uni-royal(uniroyal elec),0201WMF4871TEE,0201,Chip Resistor - Surface Mount,UNI-ROYAL(Uniroyal Elec) 0201WMF4871TEE,4.87kΩ ±1% 50mW 厚膜电阻,0.0004,0,15000,Resistors,,,
C474230,480763-0201WMF7150TEE/C474230,,expand,1,2025-04-11 03:46:13,uni-royal(uniroyal elec),0201WMF7150TEE,0201,Chip Resistor - Surface Mount,UNI-ROYAL(Uniroyal Elec) 0201WMF7150TEE,715Ω ±1% 50mW 厚膜电阻,0.0004,0,15000,Resistors,,,
C478454,485709-GD25Q16CTIG/C478454,,expand,1,2025-04-11 03:46:13,Gigadevice Semicon Beijing,GD25Q16CTIG,SOP-8,NOR FLASH,GigaDevice Semicon Beijing GD25Q16CTIG,GD25Q16CTIG,0.1727,0,44,Memory,,,
C479282,Vo-CR2W_560R_5_9T73/C479282,,expand,1,2025-04-11 03:46:13,Vo,CR2W-560R±5%-9T73,Plugin,Through Hole Resistors,VO CR2W-560R±5%-9T73,560Ω ±5%,0.0165,0,493,Resistors,,,
C479316,Vo-KNP2W_2R_5_9T73/C479316,,expand,1,2025-04-11 03:46:13,Vo,KNP2W-2R±5%-9T73,Plugin,Through Hole Resistors,VO KNP2W-2R±5%-9T73,绕线电阻 2Ω,0.0207,0,392,Resistors,,,
C505846,519136-XY2500R_DS_5_086P/C505846,8.590912653831184e+18,expand,1,2025-04-11 03:46:13,Ningbo Xinlaiya elec.,XY2500R-DS-5.08-6P,P=5.08mm,Pluggable System Terminal Block,300V 15A 6 Bend Brass 1 5.08mm 1x6P Green Board Edge/Receptacle-Close Tin P=5.08mm  Pluggable System Terminal Block ROHS,1x6P 5.08mm 排数:1 每排P数:6,0.2322,0,29,Connectors,,,
C506152,willsemi_will_semicon-WD3620D_10TR/C506152,8.590912653978254e+18,expand,1,2025-04-11 03:46:13,willsemi(will semicon),WD3620D-10/TR,DFN-10L-EP(3x3),LED Drivers,DFN-10L-EP(3x3)  LED Drivers ROHS,WD3620D-10/TR,0.1002,0,34,LED Drivers,,,
C511850,NuvotonTech-N76E003AT20/C511850,,expand,1,2025-04-11 03:46:13,Nuvoton Tech,N76E003AT20,TSSOP-20,Microcontrollers (MCU/MPU/SOC),TSSOP-20  Microcontrollers (MCU/MPU/SOC) ROHS,N76E003AT20 活动商品1元特价,0.402,0,20,Embedded Processors & Controllers,,,
C513253,527879-BSC109N10NS3GATMA1/C513253,,expand,1,2025-04-11 03:46:13,Infineon Technologies,BSC109N10NS3GATMA1,TDSON-8(5.9x5.2),Pre-ordered transistors,Infineon Technologies BSC109N10NS3GATMA1,BSC109N10NS3GATMA1,1.0485,0,9,Transistors/Thyristors,,,
C513259,527885-BSC011N03LSIATMA1/C513259,,expand,1,2025-04-11 03:46:13,Infineon Technologies,BSC011N03LSIATMA1,TDSON-8(5.2x5.9),Pre-ordered transistors,Infineon Technologies BSC011N03LSIATMA1,BSC011N03LSIATMA1,1.272,0,7,Transistors/Thyristors,,,
C513262,527888-BFP460H6327XTSA1/C513262,,expand,1,2025-04-11 03:46:13,Infineon Technologies,BFP460H6327XTSA1,SOT-343-4,Pre-ordered transistors,Infineon Technologies BFP460H6327XTSA1,BFP460H6327XTSA1,0.0693,0,48,Transistors/Thyristors,,,
C513413,Viiyong-V220J0201C0G500NAT/C513413,,expand,1,2025-04-11 03:46:13,Viiyong,V220J0201C0G500NAT,0201,Multilayer Ceramic Capacitors MLCC - SMD/SMT,VIIYONG V220J0201C0G500NAT,22pF 50V,0.0012,0,6594,Capacitors,,,
C513414,Viiyong-V270J0201C0G500NAT/C513414,,expand,1,2025-04-11 03:46:13,Viiyong,V270J0201C0G500NAT,0201,Multilayer Ceramic Capacitors MLCC - SMD/SMT,VIIYONG V270J0201C0G500NAT,27pF 50V,0.0012,0,6594,Capacitors,,,
C513425,Viiyong-V470J0201C0G500NAT/C513425,,expand,1,2025-04-11 03:46:13,Viiyong,V470J0201C0G500NAT,0201,Multilayer Ceramic Capacitors MLCC - SMD/SMT,VIIYONG V470J0201C0G500NAT,47pF 50V,0.0012,0,6594,Capacitors,,,
C513429,Viiyong-V680J0201C0G500NAT/C513429,,expand,1,2025-04-11 03:46:13,Viiyong,V680J0201C0G500NAT,0201,Multilayer Ceramic Capacitors MLCC - SMD/SMT,VIIYONG V680J0201C0G500NAT,68pF 50V,0.0012,0,6594,Capacitors,,,
C522841,Brightking-681KD20J/C522841,,expand,1,2025-04-11 03:46:13,Brightking,681KD20J,Plugin,Varistors,Brightking 681KD20J,681KD20J,0.155,0,52,Circuit Protection,,,
C523554,Brightking-UDT26A05L05ULAT/C523554,,expand,1,2025-04-11 03:46:13,Brightking,UDT26A05L05UL-AT,-,ESD and Surge Protection (TVS/ESD),-  ESD and Surge Protection (TVS/ESD) ROHS,UDT26A05L05UL-AT,0.0348,0,96,Circuit Protection,,,
C529223,Gcore-GC6282/C529223,,expand,1,2025-04-11 03:46:13,Gcore,GC6282,FSIP-12,Pre-ordered Products,Gcore GC6282,4.6W*2双通道音频功放,0.675,0,13,Pre-ordered,,,
C529255,Gcore-LM13700m/C529255,,expand,1,2025-04-11 03:46:13,Gcore,LM13700m,SOIC-16,Pre-ordered Products,Gcore LM13700m,双路跨导运放,0.45,0,20,Pre-ordered,,,
C533893,InfineonTechnologies-BCR430U/C533893,,expand,1,2025-04-11 03:46:13,Infineon Technologies,BCR 430U,PG-SOT-23-6,Pre-ordered transistors,Infineon Technologies BCR 430U,BCR 430U,0.4257,0,21,Transistors/Thyristors,,,
C544507,TexasInstruments-DS90LV027ATMNOPB/C544507,,expand,1,2025-04-11 03:46:13,Texas Instruments,DS90LV027ATM/NOPB,SOIC-8,LVDS ICs,Texas Instruments DS90LV027ATM/NOPB,DS90LV027ATM/NOPB,1.1295,0,8,Interface,,,
C596472,Sumida-C201610WB4R7/C596472,,expand,1,2025-04-11 03:46:13,Sumida,C201610WB-4R7,2x1.6x1,Power Inductors,2x1.6x1  Power Inductors ROHS,C201610WB-4R7,0.0161,0,523,"Inductors, Coils, Chokes",,,
C596727,hrs_hirose-FH12_36S_0_5SH_55/C596727,,expand,1,2025-04-11 03:46:13,hrs(hirose),FH12-36S-0.5SH(55),SMD,Pre-ordered Connectors,HRS(Hirose) FH12-36S-0.5SH(55),FH12-36S-0.5SH(55),0.792,0,11,Connectors,,,
C596728,hrs_hirose-FH23_39S_0_3SHW_05/C596728,,expand,1,2025-04-11 03:46:13,hrs(hirose),FH23-39S-0.3SHW(05),SMD,Pre-ordered Connectors,HRS(Hirose) FH23-39S-0.3SHW(05),FH23-39S-0.3SHW(05),1.296,0,7,Connectors,,,
C596737,hrs_hirose-DF9_41S_1V_32/C596737,,expand,1,2025-04-11 03:46:13,hrs(hirose),DF9-41S-1V(32),SMD,Pre-ordered Connectors,HRS(Hirose) DF9-41S-1V(32),DF9-41S-1V(32),2.016,0,5,Connectors,,,
C596741,hrs_hirose-DF9B_31S_1V_32/C596741,,expand,1,2025-04-11 03:46:13,hrs(hirose),DF9B-31S-1V(32),SMD,Pre-ordered Connectors,HRS(Hirose) DF9B-31S-1V(32),DF9B-31S-1V(32),1.71,0,6,Connectors,,,
C596743,hrs_hirose-FH12_50S_0_5SVA_54/C596743,,expand,1,2025-04-11 03:46:13,hrs(hirose),FH12-50S-0.5SVA(54),SMD,Pre-ordered Connectors,HRS(Hirose) FH12-50S-0.5SVA(54),FH12-50S-0.5SVA(54),1.872,0,5,Connectors,,,
C596812,hrs_hirose-FH12_40S_0_5SVA_54/C596812,,expand,1,2025-04-11 03:46:13,hrs(hirose),FH12-40S-0.5SVA(54),SMD,Pre-ordered Connectors,HRS(Hirose) FH12-40S-0.5SVA(54),FH12-40S-0.5SVA(54),3.231,0,3,Connectors,,,
C596813,hrs_hirose-FH12_22S_0_5SH_55/C596813,,expand,1,2025-04-11 03:46:13,hrs(hirose),FH12-22S-0.5SH(55),SMD,Pre-ordered Connectors,HRS(Hirose) FH12-22S-0.5SH(55),FH12-22S-0.5SH(55),2.025,0,5,Connectors,,,
C598106,hrs_hirose-FX8C_120S_SV5_91/C598106,,expand,1,2025-04-11 03:46:13,hrs(hirose),FX8C-120S-SV5(91),Plugin,Pre-ordered Connectors,HRS(Hirose) FX8C-120S-SV5(91),FX8C-120S-SV5(91),8.721,0,1,Connectors,,,
C601742,Vo-KNP1WS_4_7_5_2T52/C601742,,expand,1,2025-04-11 03:46:13,Vo,KNP1WS-4Ω7±5%-2T52,Plugin,Through Hole Resistors,VO KNP1WS-4Ω7±5%-2T52,绕线电阻 4.7Ω,0.0195,0,171,Resistors,,,
C609920,Viiyong-V330J0201COG500NAT/C609920,,expand,1,2025-04-11 03:46:13,Viiyong,V330J0201COG500NAT,0201,Multilayer Ceramic Capacitors MLCC - SMD/SMT,VIIYONG V330J0201COG500NAT,33pF 50V,0.0007,0,12245,Capacitors,,,
C609935,Viiyong-V101J0201COG500NAT/C609935,,expand,1,2025-04-11 03:46:13,Viiyong,V101J0201COG500NAT,0201,Multilayer Ceramic Capacitors MLCC - SMD/SMT,VIIYONG V101J0201COG500NAT,100pF 50V,0.0007,0,12245,Capacitors,,,
C609936,Viiyong-V0R3B0201COG500NAT/C609936,,expand,1,2025-04-11 03:46:13,Viiyong,V0R3B0201COG500NAT,0201,Multilayer Ceramic Capacitors MLCC - SMD/SMT,VIIYONG V0R3B0201COG500NAT,0.3pF 50V,0.0021,0,3727,Capacitors,,,
C609937,Viiyong-V100J0201COG500NAT/C609937,,expand,1,2025-04-11 03:46:13,Viiyong,V100J0201COG500NAT,0201,Multilayer Ceramic Capacitors MLCC - SMD/SMT,VIIYONG V100J0201COG500NAT,10pF 50V,0.0007,0,12245,Capacitors,,,
C609940,Viiyong-V150J0201COG500NAT/C609940,,expand,1,2025-04-11 03:46:13,Viiyong,V150J0201COG500NAT,0201,Multilayer Ceramic Capacitors MLCC - SMD/SMT,VIIYONG V150J0201COG500NAT,15pF 50V,0.0008,0,9524,Capacitors,,,
C609995,Viiyong-V120J0201C0G500NAT/C609995,,expand,1,2025-04-11 03:46:13,Viiyong,V120J0201C0G500NAT,0201,Multilayer Ceramic Capacitors MLCC - SMD/SMT,VIIYONG V120J0201C0G500NAT,12pF 50V,0.0009,0,9524,Capacitors,,,
C609997,Viiyong-V240J0201C0G500NAT/C609997,,expand,1,2025-04-11 03:46:13,Viiyong,V240J0201C0G500NAT,0201,Multilayer Ceramic Capacitors MLCC - SMD/SMT,VIIYONG V240J0201C0G500NAT,24pF 50V,0.0006,0,14286,Capacitors,,,
C619836,MicrochipTech-AT24C01C_XHMB/C619836,8.590910210749904e+18,expand,1,2025-04-11 03:46:13,Microchip Tech,AT24C01C-XHM-B,TSSOP-8,EEPROM,1Kbit I2C TSSOP-8  EEPROM ROHS,AT24C01C-XHM-B,0.432,0,18,Memory,,,
C63429,64493-1_5_4PSurface_Mount_RightAngle/C63429,,expand,1,2025-04-11 03:46:13,boomele(boom Precision elec),1.5-4PSurface Mount，Right Angle,P=1.5mm,Wire To Board Connector,BOOMELE(Boom Precision Elec) 1.5-4PSurface Mount，Right Angle,1.5-4PWB,0.0336,0,64,Connectors,,,
C636034,MicrochipTech-MCP4131_104ESN/C636034,8.590909973931517e+18,expand,1,2025-04-11 03:46:13,Microchip Tech,MCP4131-104E/SN,SOIC-8-150mil,Digital Potentiometers,±20% SPI 100kΩ 1.8V~5.5V SOIC-8-150mil  Digital Potentiometers ROHS,MCP4131-104E/SN,0.882,663,1,Interface,,,
C637816,MicrochipTech-PIC16F15325_IJQ/C637816,8.590912301279366e+18,expand,1,2025-04-11 03:46:13,Microchip Tech,PIC16F15325-I/JQ,UQFN-16-EP(4x4),Microcontrollers (MCU/MPU/SOC),8KB 2.3V~5.5V PIC 32MHz FLASH 12 UQFN-16-EP(4x4)  Microcontrollers (MCU/MPU/SOC) ROHS,PIC16F15325-I/JQ,2.979,0,3,Embedded Processors & Controllers,,,
C648822,Hypwr-HP6215T340/C648822,,expand,1,2025-04-11 03:46:13,Hypwr,HP6215T3-40,SOT-89-3,"Voltage Regulators - Linear, Low Drop Out (LDO) Regulators",HYPWR HP6215T3-40,HP6215T3-40,0.0609,0,125,Power Management (PMIC),,,
C648873,Hypwr-HP6215T336/C648873,,expand,1,2025-04-11 03:46:13,Hypwr,HP6215T3-36,SOT-89-3,"Voltage Regulators - Linear, Low Drop Out (LDO) Regulators",HYPWR HP6215T3-36,HP6215T3-36,0.0609,0,125,Power Management (PMIC),,,
C648885,Hypwr-HP6513T3A50/C648885,,expand,1,2025-04-11 03:46:13,Hypwr,HP6513T3A-50,SOT-89-3,"Voltage Regulators - Linear, Low Drop Out (LDO) Regulators",HYPWR HP6513T3A-50,HP6513T3A-50,0.0498,0,162,Power Management (PMIC),,,
C648894,Hypwr-HP4554D842/C648894,,expand,1,2025-04-11 03:46:13,Hypwr,HP4554D8-42,DFN-8(2x2),Battery Management,HYPWR HP4554D8-42,HP4554D8-42,0.0966,0,83,Power Management (PMIC),,,
C672361,703406-IFX20001MBV33HTSA1/C672361,8.590912068784631e+18,expand,1,2025-03-28 03:45:45,Infineon Technologies,IFX20001MBV33HTSA1,SCT-595-5,Power Management - Specialized,SCT-595-5  Power Management - Specialized ROHS,IFX20001MBV33HTSA1,0.3105,0,28,Power Management (PMIC),,,
C68176,69278-0201WMJ0125TEE/C68176,,expand,1,2025-04-11 03:46:13,uni-royal(uniroyal elec),0201WMJ0125TEE,0201,Chip Resistor - Surface Mount,50mW Thick Film Resistors 25V ±5% 1.2MΩ 0201  Chip Resistor - Surface Mount ROHS,1.2MΩ ±5% 50mW 厚膜电阻,0.0006,0,14286,Resistors,,,
C690730,AnalogDevices-LTM8055IYPBF/C690730,,expand,1,2025-04-11 03:46:13,Analog Devices,LTM8055IY#PBF,BGA-121,DC-DC Converters,Analog Devices LTM8055IY#PBF,LTM8055IY#PBF,42.4605,0,1,Power Management (PMIC),,,
C691930,broadcomavago-ACPL_244560E/C691930,8.590912077051875e+18,expand,1,2025-04-11 03:46:13,broadcom/avago,ACPL-244-560E,SO-16,"Transistor, Photovoltaic Output Optoisolators","3kV 50mA 4 1.2V SO-16  Transistor, Photovoltaic Output Optoisolators ROHS",ACPL-244-560E,3.555,0,3,Optoisolators,,,
C691970,broadcomavago-ACPL_W454560E/C691970,8.590912077094088e+18,expand,1,2025-04-11 03:46:13,broadcom/avago,ACPL-W454-560E,SSO-6,"Transistor, Photovoltaic Output Optoisolators","5kV 8mA 1 1.5V SSO-6  Transistor, Photovoltaic Output Optoisolators ROHS",ACPL-W454-560E,2.4165,0,4,Optoisolators,,,
C697484,Man_YueTech-ULR567MOJE08RR/C697484,,expand,1,2025-04-11 03:46:13,Man Yue Tech,ULR567MOJE08RR,"Plugin,6.3x8mm",Polymer Aluminum Capacitors,Man Yue Tech ULR567MOJE08RR,560uF 6.3V,0.0678,0,119,Capacitors,,,
C707255,Korean_HropartsElec-PJ_38505A/C707255,8.590912565231112e+18,expand,1,2025-04-11 03:46:13,Korean Hroparts Elec,PJ-3850-5A,-,Audio Connectors,-20℃~+70℃ 255℃ 30V 500mA -  Audio Connectors (Headphones) ROHS,18.00mm×8.10mm 直径3.5 插件式 绿色,0.2394,461,1,Connectors,,,
C711196,MurataElectronics-NFL21SP307X1C3D/C711196,,expand,1,2025-04-11 03:46:13,Murata Electronics,NFL21SP307X1C3D,-,Pre-ordered RLCs,Murata Electronics NFL21SP307X1C3D,NFL21SP307X1C3D,0.2895,0,30,Pre-ordered,,,
C712752,752743-CJ005250001820B30/C712752,,expand,1,2025-04-11 03:46:13,"Jiangsu Changjing Electronics Technology co., ltd.",CJ005-250001820B30,SMD 3.2x2.5,Crystal Oscillators,"Jiangsu Changjing Electronics Technology Co., Ltd. CJ005-250001820B30",25MHz 3225 1.8V,0.249,0,33,"Crystals, Oscillators, Resonators",,,
C715952,Molex-190190006/C715952,,expand,1,2025-04-11 03:46:13,Molex,190190006,-,Pre-ordered Connectors,MOLEX 190190006,190190006,0.3083,0,28,Connectors,,,
C715953,Molex-190390015/C715953,,expand,1,2025-04-11 03:46:13,Molex,190390015,-,Pre-ordered Connectors,MOLEX 190390015,190390015,0.3816,0,23,Connectors,,,
C715960,Molex-193230001/C715960,,expand,1,2025-04-11 03:46:13,Molex,193230001,-,Pre-ordered Connectors,MOLEX 193230001,193230001,0.2939,0,30,Connectors,,,
C721212,aishi_aihua_group-ERR1KM010D11OT/C721212,,expand,1,2025-04-11 03:46:13,aishi(aihua group),ERR1KM010D11OT,"Plugin,5x11mm",Aluminum Electrolytic Capacitors - Leaded,AISHI(Aihua Group) ERR1KM010D11OT,1uF 100V,0.0104,0,766,Capacitors,,,
C721233,aishi_aihua_group-ERS1KM151G20OT/C721233,,expand,1,2025-04-04 03:45:28,aishi(aihua group),ERS1KM151G20OT,"Plugin,10x20mm",Aluminum Electrolytic Capacitors - Leaded,AISHI(Aihua Group) ERS1KM151G20OT,150uF 100V,0.1059,0,76,Capacitors,,,
C721327,aishi_aihua_group-EWH1CM471F12OT/C721327,,expand,1,2025-04-11 03:46:13,aishi(aihua group),EWH1CM471F12OT,"Plugin,8x12mm",Aluminum Electrolytic Capacitors - Leaded,AISHI(Aihua Group) EWH1CM471F12OT,470uF 16V,0.02,0,403,Capacitors,,,
C725245,771608-ESDSBSLC3V3AE2TP/C725245,8.590909702430023e+18,expand,1,2025-04-11 03:46:13,mcc(micro Commercial components),ESDSBSLC3V3AE2-TP,0201,ESD and Surge Protection (TVS/ESD),MCC(Micro Commercial Components) ESDSBSLC3V3AE2-TP,ESDSBSLC3V3AE2-TP,0.2805,0,28,Circuit Protection,,,
C76718,Tdk-DEA105425BT1293A1/C76718,8.590912059552834e+18,expand,1,2025-04-11 03:46:13,Tdk,DEA105425BT-1293A1,"SMD-4P,0.5x1mm",RF Filters,"Bandpass 0.73dB SMD-4P,0.5x1mm  RF Filters ROHS",DEA105425BT-1293A1,0.5115,0,14,RF & Wireless,,,
C778380,827024-C0201C0G101K250NTA/C778380,,expand,1,2025-04-11 03:46:13,eyang(shenzhen Eyang Tech development),C0201C0G101K250NTA,0201,Multilayer Ceramic Capacitors MLCC - SMD/SMT,EYANG(Shenzhen Eyang Tech Development) C0201C0G101K250NTA,100pF 25V,0.0008,0,10715,Capacitors,,,
C780896,DiodesIncorporated-SBR20A300CT/C780896,8.560106619469398e+18,expand,1,2025-04-11 03:46:13,Diodes Incorporated,SBR20A300CT,TO-220-3,Super Barrier Rectifiers (SBR),TO-220-3  Super Barrier Rectifiers (SBR) ROHS,SBR20A300CT,0.6135,0,14,Diodes,,,
C783602,TexasInstruments-LM2576TADJ/C783602,,expand,1,2025-04-11 03:46:13,Texas Instruments,LM2576T-ADJ,TO-220-5,DC-DC Converters,Texas Instruments LM2576T-ADJ,LM2576T-ADJ,1.9995,0,4,Power Management (PMIC),,,
C817910,Sitime-SiT8103AI_42_33E_25OOOO/C817910,,expand,1,2025-04-11 03:46:13,Sitime,SiT8103AI-42-33E-25.OOOO,7x5mm,Programmable Oscillators,SiTime SiT8103AI-42-33E-25.OOOO,"25MHz LVCMOS,LVTTL",1.2375,0,7,"Crystals, Oscillators, Resonators",,,
C831073,Sitime-SiT9121AI_2C2_33E200OOOOOO/C831073,,expand,1,2025-04-11 03:46:13,Sitime,SiT9121AI-2C2-33E200.OOOOOO,5.0x3.2mm,Programmable Oscillators,SiTime SiT9121AI-2C2-33E200.OOOOOO,200MHz LVDS,6.3,0,2,"Crystals, Oscillators, Resonators",,,
C882958,MurataElectronics-BLM03AX241SN1D12/C882958,,expand,1,2025-03-18 08:57:30,Murata Electronics,BLM03AX241SN1D12,0201,Ferrite Beads,0201  Ferrite Beads ROHS,BLM03AX241SN1D12,0.0056,0,1319,Filters,,,
C908007,973908-GRM0335C1HR90CA01D/C908007,,expand,1,2025-03-18 08:57:30,Murata Electronics,GRM0335C1HR90CA01D,0201,Multilayer Ceramic Capacitors MLCC - SMD/SMT,0201  Multilayer Ceramic Capacitors MLCC - SMD/SMT ROHS,GRM0335C1HR90CA01D,0.0013,0,6123,Capacitors,,,
C911421,Hunan_Xiangyee_In_st-CA45E016K227T/C911421,,expand,1,2025-04-11 03:46:13,Hunan Xiangyee In s&t,CA45-E016K227T,CASE-E-7343,Tantalum Capacitors,Hunan Xiangyee in S&T CA45-E016K227T,220uF(227) ±10% 16V,2.439,0,4,Capacitors,,,
C913126,Man_YueTech-DRL474S0TF12RR/C913126,,expand,1,2025-04-11 03:46:13,Man Yue Tech,DRL474S0TF12RR,8x12,Pre-ordered Products,Man Yue Tech DRL474S0TF12RR,DRL474S0TF12RR,0.477,0,18,Pre-ordered,,,
C913130,Man_YueTech-DRL105S0TF12RR/C913130,,expand,1,2025-04-11 03:46:13,Man Yue Tech,DRL105S0TF12RR,8x12,Pre-ordered Products,Man Yue Tech DRL105S0TF12RR,DRL105S0TF12RR,0.4935,0,18,Pre-ordered,,,
C914336,985016-MCP60P06BP/C914336,,expand,1,2025-04-11 03:46:13,mcc(micro Commercial components),MCP60P06-BP,TO-220AB-3,MOSFETs,MCC(Micro Commercial Components) MCP60P06-BP,MCP60P06-BP,0.414,0,19,Transistors/Thyristors,,,
C914338,985018-MCQ05N06TP/C914338,8.59090968644959e+18,expand,1,2025-04-11 03:46:13,mcc(micro Commercial components),MCQ05N06-TP,SOP-8,MOSFETs,MCC(Micro Commercial Components) MCQ05N06-TP,MCQ05N06-TP,0.2115,0,40,Transistors/Thyristors,,,
C914342,985022-MMBTA14TP/C914342,8.590909690757005e+18,expand,1,2025-04-11 03:46:13,mcc(micro Commercial components),MMBTA14-TP,SOT-23,Darlington Transistors,MCC(Micro Commercial Components) MMBTA14-TP,NPN 耐压:30V 电流:300mA,0.03,0,283,Transistors/Thyristors,,,
C914343,985023-MMBTA92TP/C914343,8.590909690790965e+18,expand,1,2025-03-28 03:45:45,mcc(micro Commercial components),MMBTA92-TP,SOT-23,Bipolar (BJT),"300V 300mW 100@10mA,10V 300mA PNP SOT-23 Bipolar (BJT) ROHS",耐压:300V 电流:300mA PNP,0.0488,5920,1,Transistors/Thyristors,,,
C914348,985028-MMDT5551TP/C914348,8.590909690798947e+18,expand,1,2025-04-11 03:46:13,mcc(micro Commercial components),MMDT5551-TP,SOT-363,Bipolar (BJT),MCC(Micro Commercial Components) MMDT5551-TP,耐压:160V 电流:200mA 2个NPN,0.0308,0,250,Transistors/Thyristors,,,
C914366,985046-SI2300TP/C914366,8.590909690811665e+18,expand,1,2025-04-11 03:46:13,mcc(micro Commercial components),SI2300-TP,SOT-23,MOSFETs,MCC(Micro Commercial Components) SI2300-TP,N沟道 耐压:20V 电流:4.5A,0.0302,0,258,Transistors/Thyristors,,,
C914375,985055-SK310BHLTP/C914375,,expand,1,2025-04-11 03:46:13,mcc(micro Commercial components),SK310BH-LTP,DO-214AA(SMB),Schottky Diodes,MCC(Micro Commercial Components) SK310BH-LTP,电压:100V 电流:3A,0.0264,0,293,Diodes,,,
C914386,985066-SM4F20ATP/C914386,8.590909702408917e+18,expand,1,2025-04-11 03:46:13,mcc(micro Commercial components),SM4F20A-TP,SOD-123FL,ESD and Surge Protection (TVS/ESD),MCC(Micro Commercial Components) SM4F20A-TP,SM4F20A-TP,0.1935,0,44,Circuit Protection,,,
C914390,985070-SMAJ3_3ATP/C914390,,expand,1,2025-04-11 03:46:13,mcc(micro Commercial components),SMAJ3.3A-TP,DO-214AC(SMA),ESD and Surge Protection (TVS/ESD),MCC(Micro Commercial Components) SMAJ3.3A-TP,SMAJ3.3A-TP,0.1935,0,44,Circuit Protection,,,
C914408,985088-SMBJP6KE350ALTP/C914408,8.590909690739957e+18,expand,1,2025-04-11 03:46:13,mcc(micro Commercial components),SMBJP6KE350AL-TP,SMB,ESD and Surge Protection (TVS/ESD),MCC(Micro Commercial Components) SMBJP6KE350AL-TP,SMBJP6KE350AL-TP,0.0722,0,119,Circuit Protection,,,
C914409,985089-SMBJP6KE510CATP/C914409,8.59090969079083e+18,expand,1,2025-04-11 03:46:13,mcc(micro Commercial components),SMBJP6KE510CA-TP,SMB,ESD and Surge Protection (TVS/ESD),MCC(Micro Commercial Components) SMBJP6KE510CA-TP,SMBJP6KE510CA-TP,0.3645,0,24,Circuit Protection,,,
C914421,985101-SMF16ATP/C914421,8.590909690798678e+18,expand,1,2025-04-11 03:46:13,mcc(micro Commercial components),SMF16A-TP,SOD-123FL,ESD and Surge Protection (TVS/ESD),MCC(Micro Commercial Components) SMF16A-TP,SMF16A-TP,0.1043,0,70,Circuit Protection,,,
C914436,985116-SMF75ATP/C914436,8.590909696037634e+18,expand,1,2025-04-11 03:46:13,mcc(micro Commercial components),SMF75A-TP,SOD-123FL,ESD and Surge Protection (TVS/ESD),MCC(Micro Commercial Components) SMF75A-TP,SMF75A-TP,0.0606,0,142,Circuit Protection,,,
C920804,Wcon-WF25472WS02B01/C920804,8.590912566267105e+18,expand,1,2025-04-11 03:46:13,Wcon,WF2547-2WS02B01,"Plugin,P=2.54mm",Wire To Board Connector,Wcon WF2547-2WS02B01,2x2P 间距:2.54mm 直插,0.1016,0,75,Connectors,,,
C920811,Wcon-WF3967WSH04T01/C920811,8.590910194106904e+18,expand,1,2025-04-11 03:46:13,Wcon,WF3967-WSH04T01,"Plugin,P=3.96mm",Wire To Board Connector,Wcon WF3967-WSH04T01,1x4P 间距:3.96mm 直插 系列:VH,0.1067,0,68,Connectors,,,
C920866,Wcon-WF25471WR04UT1/C920866,8.590910194111234e+18,expand,1,2025-04-11 03:46:13,Wcon,WF2547-1WR04UT1,"Push-Pull,P=2.54mm",Wire To Board Connector,Wcon WF2547-1WR04UT1,1x4P 间距:2.54mm 弯插,0.1671,0,43,Connectors,,,
C920883,Wcon-WF1251WR08WA1/C920883,8.590910194098921e+18,expand,1,2025-04-11 03:46:13,Wcon,WF1251-WR08WA1,"Push-Pull,P=1.25mm",Wire To Board Connector,Wcon WF1251-WR08WA1,1x8P 间距:1.25mm 弯插,0.3675,0,21,Connectors,,,
C920886,Wcon-WF42022WR01WA1/C920886,8.590910194107176e+18,expand,1,2025-04-11 03:46:13,Wcon,WF4202-2WR01WA1,"Push-Pull,P=4.2mm",Wire To Board Connector,Wcon WF4202-2WR01WA1,2x1P 间距:4.2mm 弯插,0.1707,0,43,Connectors,,,
C920887,Wcon-WF42022WR02WA1/C920887,8.590910194090669e+18,expand,1,2025-04-11 03:46:13,Wcon,WF4202-2WR02WA1,"Push-Pull,P=4.2mm",Wire To Board Connector,Wcon WF4202-2WR02WA1,2x2P 间距:4.2mm 弯插,0.1478,0,58,Connectors,,,
C920888,Wcon-WF42022WR03WA1/C920888,8.590910194879062e+18,expand,1,2025-04-11 03:46:13,Wcon,WF4202-2WR03WA1,"Push-Pull,P=4.2mm",Wire To Board Connector,Wcon WF4202-2WR03WA1,2x3P 间距:4.2mm 弯插,0.2145,0,34,Connectors,,,
C920958,Wcon-WF1251WM02WR1/C920958,8.590910195004621e+18,expand,1,2025-04-11 03:46:13,Wcon,WF1251-WM02WR1,"SMD,P=1.25mm",Wire To Board Connector,Wcon WF1251-WM02WR1,1x2P 间距:1.25mm 立贴,0.1281,0,57,Connectors,,,
C920959,Wcon-WF2001WZ05WR1/C920959,8.590910194975261e+18,expand,1,2025-04-11 03:46:13,Wcon,WF2001-WZ05WR1,"SMD,P=2mm,Surface Mount，Right Angle",Wire To Board Connector,Wcon WF2001-WZ05WR1,1x5P 间距:2mm 卧贴,0.306,0,25,Connectors,,,
C962468,Mingstar-RL0912N821K/C962468,8.590912141308206e+18,expand,1,2025-04-11 03:46:13,Mingstar,RL0912N-821K,"Plugin,D9.3xL13mm",Power Inductors,"600mA 820uH ±20% EI-core Inductor Plugin,D9.3xL13mm  Power Inductors ROHS",820uH ±20%,0.1454,0,51,"Inductors, Coils, Chokes",,,
C963577,reasunos2-RS20N60F/C963577,,expand,1,2025-04-11 03:46:13,reasunos-2,RS20N60F,TO-220F-3,MOSFETs,REASUNOS-2 RS20N60F,RS20N60F,0.468,0,10,Transistors/Thyristors,,,
C963578,reasunos2-RS20N65F/C963578,,expand,1,2025-04-11 03:46:13,reasunos-2,RS20N65F,TO-220F,MOSFETs,REASUNOS-2 RS20N65F,RS20N65F,0.552,0,10,Transistors/Thyristors,,,
C96678,Sunlord-GZ0603D601TF/C96678,,expand,1,2025-04-11 03:46:13,Sunlord,GZ0603D601TF,0201,Ferrite Beads,0201  Ferrite Beads ROHS,600Ω ±25% 100MHz,0.0035,0,2256,Filters,,,
C968077,1054954-BAW56_F20000HF/C968077,,expand,1,2025-04-11 03:46:13,Yangzhou Yangjie Elec Tech,BAW56-F2-0000HF,SOT-23,Switching Diodes,Yangzhou Yangjie Elec Tech BAW56-F2-0000HF,电压:100V 电流:200mA,0.0105,0,759,Diodes,,,
C968113,1054990-BZT52B15_F20000HF/C968113,,expand,1,2025-04-11 03:46:13,Yangzhou Yangjie Elec Tech,BZT52B15-F2-0000HF,SOD-123,Zener Diodes,Yangzhou Yangjie Elec Tech BZT52B15-F2-0000HF,小信号稳压管,0.0138,0,584,Diodes,,,
C968118,1054995-BZT52B22_F20000HF/C968118,,expand,1,2025-04-11 03:46:13,Yangzhou Yangjie Elec Tech,BZT52B22-F2-0000HF,SOD-123,Zener Diodes,Yangzhou Yangjie Elec Tech BZT52B22-F2-0000HF,小信号稳压管,0.0138,0,584,Diodes,,,
C968119,1054996-BZT52B24_F20000HF/C968119,,expand,1,2025-04-11 03:46:13,Yangzhou Yangjie Elec Tech,BZT52B24-F2-0000HF,SOD-123,Zener Diodes,Yangzhou Yangjie Elec Tech BZT52B24-F2-0000HF,小信号稳压管,0.0138,0,584,Diodes,,,
C968122,1054999-BZT52B33_F20000HF/C968122,,expand,1,2025-04-11 03:46:13,Yangzhou Yangjie Elec Tech,BZT52B33-F2-0000HF,SOD-123,Zener Diodes,Yangzhou Yangjie Elec Tech BZT52B33-F2-0000HF,小信号稳压管,0.0138,0,584,Diodes,,,
C968125,1055002-BZT52B3V9_F20000HF/C968125,,expand,1,2025-04-11 03:46:13,Yangzhou Yangjie Elec Tech,BZT52B3V9-F2-0000HF,SOD-123,Zener Diodes,Yangzhou Yangjie Elec Tech BZT52B3V9-F2-0000HF,小信号稳压管,0.0138,0,584,Diodes,,,
C968131,1055008-BZT52B5V6_F20000HF/C968131,,expand,1,2025-04-11 03:46:13,Yangzhou Yangjie Elec Tech,BZT52B5V6-F2-0000HF,SOD-123,Zener Diodes,Yangzhou Yangjie Elec Tech BZT52B5V6-F2-0000HF,小信号稳压管,0.0138,0,584,Diodes,,,
C970564,XuchengElec-5T3150210000R1/C970564,,expand,1,2025-04-11 03:46:13,Xucheng Elec,5T.3150210000R1,"Tube,5.2x20mm",Disposable fuses,Xucheng Elec 5T.3150210000R1,5T.3150210000R1,0.0408,0,198,Circuit Protection,,,
